event_id,dataset_id,tdc_time_ns,pulse_id,exposure_id,detector_id,basis,outcome,pulse_height_mV,time_over_threshold_ns,gate_code,veto_bits,calibration_id,clock_calibration_id,quality_mask
EVT-000000000001,SIM-0001,2026081102697000050,PULSE-EXP-0001-0005-02697,EXP-0001-0005,SNSPD-03,X,+,35.363645,7.154060,SIGNAL,0x0000,CAL-20260811-001,CLOCK-20260811-001,PASS
EVT-000000000002,SIM-0001,2026081106950000073,PULSE-EXP-0001-0005-06950,EXP-0001-0005,SNSPD-02,Z,-,32.340577,7.925422,SIGNAL,0x0000,CAL-20260811-001,CLOCK-20260811-001,PASS
EVT-000000000003,SIM-0001,2026081111649000036,PULSE-EXP-0001-0002-00649,EXP-0001-0002,SNSPD-01,Z,+,33.829391,8.514726,SIGNAL,0x0000,CAL-20260811-001,CLOCK-20260811-001,PASS
EVT-000000000004,SIM-0001,2026081114914000140,PULSE-EXP-0001-0002-03914,EXP-0001-0002,SNSPD-04,X,-,33.049373,7.888740,SIGNAL,0x0000,CAL-20260811-001,CLOCK-20260811-001,PASS
EVT-000000000005,SIM-0001,2026081115675000015,PULSE-EXP-0001-0002-04675,EXP-0001-0002,SNSPD-01,Z,+,29.346309,8.745715,SIGNAL,0x0000,CAL-20260811-001,CLOCK-20260811-001,PASS
EVT-000000000006,SIM-0001,2026081119581000035,PULSE-EXP-0001-0002-08581,EXP-0001-0002,SNSPD-01,Z,+,31.881750,7.720425,SIGNAL,0x0000,CAL-20260811-001,CLOCK-20260811-001,PASS
EVT-000000000007,SIM-0001,2026081122519000054,PULSE-EXP-0001-0001-00519,EXP-0001-0001,SNSPD-06,Y,-,29.764533,8.676921,SIGNAL,0x0000,CAL-20260811-001,CLOCK-20260811-001,PASS
EVT-000000000008,SIM-0001,2026081126264000071,PULSE-EXP-0001-0001-04264,EXP-0001-0001,SNSPD-03,X,+,33.522778,7.801582,SIGNAL,0x0000,CAL-20260811-001,CLOCK-20260811-001,PASS
EVT-000000000009,SIM-0001,2026081130832000021,PULSE-EXP-0001-0001-08832,EXP-0001-0001,SNSPD-05,Y,+,31.689437,8.088971,SIGNAL,0x0000,CAL-20260811-001,CLOCK-20260811-001,PASS
EVT-000000000010,SIM-0001,2026081133143000129,PULSE-EXP-0001-0012-00143,EXP-0001-0012,SNSPD-02,Z,-,31.310950,8.474450,SIGNAL,0x0000,CAL-20260811-001,CLOCK-20260811-001,PASS
EVT-000000000011,SIM-0001,2026081133289000147,PULSE-EXP-0001-0012-00289,EXP-0001-0012,SNSPD-04,X,-,32.918212,8.442214,SIGNAL,0x0000,CAL-20260811-001,CLOCK-20260811-001,PASS
EVT-000000000012,SIM-0001,2026081133432000055,PULSE-EXP-0001-0012-00432,EXP-0001-0012,SNSPD-01,Z,+,32.133382,7.310819,SIGNAL,0x0000,CAL-20260811-001,CLOCK-20260811-001,PASS
EVT-000000000013,SIM-0001,2026081133614000173,PULSE-EXP-0001-0012-00614,EXP-0001-0012,SNSPD-05,Y,+,35.071947,8.267271,SIGNAL,0x0000,CAL-20260811-001,CLOCK-20260811-001,PASS
EVT-000000000014,SIM-0001,2026081134580000050,PULSE-EXP-0001-0012-01580,EXP-0001-0012,SNSPD-01,Z,+,33.139316,8.508320,SIGNAL,0x0000,CAL-20260811-001,CLOCK-20260811-001,PASS
EVT-000000000015,SIM-0001,2026081134790000130,PULSE-EXP-0001-0012-01790,EXP-0001-0012,SNSPD-05,Y,+,34.327972,7.821078,SIGNAL,0x0000,CAL-20260811-001,CLOCK-20260811-001,PASS
EVT-000000000016,SIM-0001,2026081134821000095,PULSE-EXP-0001-0012-01821,EXP-0001-0012,SNSPD-06,Y,-,29.790662,7.806645,SIGNAL,0x0000,CAL-20260811-001,CLOCK-20260811-001,PASS
EVT-000000000017,SIM-0001,2026081135212000064,PULSE-EXP-0001-0012-02212,EXP-0001-0012,SNSPD-03,X,+,31.409375,8.843304,SIGNAL,0x0000,CAL-20260811-001,CLOCK-20260811-001,PASS
EVT-000000000018,SIM-0001,2026081135561000066,PULSE-EXP-0001-0012-02561,EXP-0001-0012,SNSPD-03,X,+,31.538673,7.906938,SIGNAL,0x0000,CAL-20260811-001,CLOCK-20260811-001,PASS
EVT-000000000019,SIM-0001,2026081135817000101,PULSE-EXP-0001-0012-02817,EXP-0001-0012,SNSPD-05,Y,+,32.294389,8.089681,SIGNAL,0x0000,CAL-20260811-001,CLOCK-20260811-001,PASS
EVT-000000000020,SIM-0001,2026081136477000068,PULSE-EXP-0001-0012-03477,EXP-0001-0012,SNSPD-05,Y,+,32.208666,7.656217,SIGNAL,0x0000,CAL-20260811-001,CLOCK-20260811-001,PASS
EVT-000000000021,SIM-0001,2026081136891000139,PULSE-EXP-0001-0012-03891,EXP-0001-0012,SNSPD-03,X,+,31.383438,7.843113,SIGNAL,0x0000,CAL-20260811-001,CLOCK-20260811-001,PASS
EVT-000000000022,SIM-0001,2026081137023000043,PULSE-EXP-0001-0012-04023,EXP-0001-0012,SNSPD-02,Z,-,31.718304,8.796557,SIGNAL,0x0000,CAL-20260811-001,CLOCK-20260811-001,PASS
EVT-000000000023,SIM-0001,2026081137157000135,PULSE-EXP-0001-0012-04157,EXP-0001-0012,SNSPD-06,Y,-,35.543752,8.584030,SIGNAL,0x0000,CAL-20260811-001,CLOCK-20260811-001,PASS
EVT-000000000024,SIM-0001,2026081137313000066,PULSE-EXP-0001-0012-04313,EXP-0001-0012,SNSPD-01,Z,+,34.628617,8.543897,SIGNAL,0x0000,CAL-20260811-001,CLOCK-20260811-001,PASS
EVT-000000000025,SIM-0001,2026081137990000076,PULSE-EXP-0001-0012-04990,EXP-0001-0012,SNSPD-04,X,-,32.304457,7.688552,SIGNAL,0x0000,CAL-20260811-001,CLOCK-20260811-001,PASS
EVT-000000000026,SIM-0001,2026081138024000164,PULSE-EXP-0001-0012-05024,EXP-0001-0012,SNSPD-01,Z,+,31.539285,7.480597,SIGNAL,0x0000,CAL-20260811-001,CLOCK-20260811-001,PASS
EVT-000000000027,SIM-0001,2026081138509000031,PULSE-EXP-0001-0012-05509,EXP-0001-0012,SNSPD-04,X,-,31.706952,7.242800,SIGNAL,0x0000,CAL-20260811-001,CLOCK-20260811-001,PASS
EVT-000000000028,SIM-0001,2026081138974000064,PULSE-EXP-0001-0012-05974,EXP-0001-0012,SNSPD-06,Y,-,30.528829,7.396578,SIGNAL,0x0000,CAL-20260811-001,CLOCK-20260811-001,PASS
EVT-000000000029,SIM-0001,2026081139534000043,PULSE-EXP-0001-0012-06534,EXP-0001-0012,SNSPD-03,X,+,31.607418,8.864628,SIGNAL,0x0000,CAL-20260811-001,CLOCK-20260811-001,PASS
EVT-000000000030,SIM-0001,2026081139750000187,PULSE-EXP-0001-0012-06750,EXP-0001-0012,SNSPD-04,X,-,29.988494,7.731532,SIGNAL,0x0000,CAL-20260811-001,CLOCK-20260811-001,PASS
EVT-000000000031,SIM-0001,2026081140551000188,PULSE-EXP-0001-0012-07551,EXP-0001-0012,SNSPD-04,X,-,34.801651,8.272119,SIGNAL,0x0000,CAL-20260811-001,CLOCK-20260811-001,PASS
EVT-000000000032,SIM-0001,2026081140640000187,PULSE-EXP-0001-0012-07640,EXP-0001-0012,SNSPD-04,X,-,32.184439,8.008891,SIGNAL,0x0000,CAL-20260811-001,CLOCK-20260811-001,PASS
EVT-000000000033,SIM-0001,2026081140889000010,PULSE-EXP-0001-0012-07889,EXP-0001-0012,SNSPD-05,Y,+,31.126320,8.554219,SIGNAL,0x0000,CAL-20260811-001,CLOCK-20260811-001,PASS
EVT-000000000034,SIM-0001,2026081142063000101,PULSE-EXP-0001-0012-09063,EXP-0001-0012,SNSPD-01,Z,+,32.189311,8.339885,SIGNAL,0x0000,CAL-20260811-001,CLOCK-20260811-001,PASS
EVT-000000000035,SIM-0001,2026081142608000003,PULSE-EXP-0001-0012-09608,EXP-0001-0012,SNSPD-05,Y,+,33.272535,7.351873,SIGNAL,0x0000,CAL-20260811-001,CLOCK-20260811-001,PASS
EVT-000000000036,SIM-0001,2026081144207000165,PULSE-EXP-0001-0009-00207,EXP-0001-0009,SNSPD-01,Z,+,32.035137,8.580130,SIGNAL,0x0000,CAL-20260811-001,CLOCK-20260811-001,PASS
EVT-000000000037,SIM-0001,2026081144335000107,PULSE-EXP-0001-0009-00335,EXP-0001-0009,SNSPD-06,Y,-,31.888916,8.021484,SIGNAL,0x0000,CAL-20260811-001,CLOCK-20260811-001,PASS
EVT-000000000038,SIM-0001,2026081144692000169,PULSE-EXP-0001-0009-00692,EXP-0001-0009,SNSPD-05,Y,+,30.330225,8.018520,SIGNAL,0x0000,CAL-20260811-001,CLOCK-20260811-001,PASS
EVT-000000000039,SIM-0001,2026081146255000198,PULSE-EXP-0001-0009-02255,EXP-0001-0009,SNSPD-02,Z,-,30.415865,7.668542,SIGNAL,0x0000,CAL-20260811-001,CLOCK-20260811-001,PASS
EVT-000000000040,SIM-0001,2026081146389000136,PULSE-EXP-0001-0009-02389,EXP-0001-0009,SNSPD-01,Z,+,34.209206,9.250645,SIGNAL,0x0000,CAL-20260811-001,CLOCK-20260811-001,PASS
EVT-000000000041,SIM-0001,2026081146598000166,PULSE-EXP-0001-0009-02598,EXP-0001-0009,SNSPD-06,Y,-,33.251961,7.942444,SIGNAL,0x0000,CAL-20260811-001,CLOCK-20260811-001,PASS
EVT-000000000042,SIM-0001,2026081146974000137,PULSE-EXP-0001-0009-02974,EXP-0001-0009,SNSPD-05,Y,+,29.756449,8.265877,SIGNAL,0x0000,CAL-20260811-001,CLOCK-20260811-001,PASS
EVT-000000000043,SIM-0001,2026081147646000134,PULSE-EXP-0001-0009-03646,EXP-0001-0009,SNSPD-04,X,-,31.319930,8.213968,SIGNAL,0x0000,CAL-20260811-001,CLOCK-20260811-001,PASS
EVT-000000000044,SIM-0001,2026081149314000128,PULSE-EXP-0001-0009-05314,EXP-0001-0009,SNSPD-06,Y,-,32.071799,8.604577,SIGNAL,0x0000,CAL-20260811-001,CLOCK-20260811-001,PASS
EVT-000000000045,SIM-0001,2026081149333000097,PULSE-EXP-0001-0009-05333,EXP-0001-0009,SNSPD-05,Y,+,32.631229,8.052697,SIGNAL,0x0000,CAL-20260811-001,CLOCK-20260811-001,PASS
EVT-000000000046,SIM-0001,2026081149525000107,PULSE-EXP-0001-0009-05525,EXP-0001-0009,SNSPD-02,Z,-,34.715175,7.761533,SIGNAL,0x0000,CAL-20260811-001,CLOCK-20260811-001,PASS
EVT-000000000047,SIM-0001,2026081149654000015,PULSE-EXP-0001-0009-05654,EXP-0001-0009,SNSPD-04,X,-,34.415925,7.883212,SIGNAL,0x0000,CAL-20260811-001,CLOCK-20260811-001,PASS
EVT-000000000048,SIM-0001,2026081149666000101,PULSE-EXP-0001-0009-05666,EXP-0001-0009,SNSPD-03,X,+,33.174490,7.299756,SIGNAL,0x0000,CAL-20260811-001,CLOCK-20260811-001,PASS
EVT-000000000049,SIM-0001,2026081150613000054,PULSE-EXP-0001-0009-06613,EXP-0001-0009,SNSPD-05,Y,+,29.873750,7.849986,SIGNAL,0x0000,CAL-20260811-001,CLOCK-20260811-001,PASS
EVT-000000000050,SIM-0001,2026081150619000083,PULSE-EXP-0001-0009-06619,EXP-0001-0009,SNSPD-04,X,-,34.832985,8.376961,SIGNAL,0x0000,CAL-20260811-001,CLOCK-20260811-001,PASS
EVT-000000000051,SIM-0001,2026081150927000162,PULSE-EXP-0001-0009-06927,EXP-0001-0009,SNSPD-01,Z,+,33.698911,8.043040,SIGNAL,0x0000,CAL-20260811-001,CLOCK-20260811-001,PASS
EVT-000000000052,SIM-0001,2026081150957000178,PULSE-EXP-0001-0009-06957,EXP-0001-0009,SNSPD-05,Y,+,31.167397,8.077844,SIGNAL,0x0000,CAL-20260811-001,CLOCK-20260811-001,PASS
EVT-000000000053,SIM-0001,2026081151457000014,PULSE-EXP-0001-0009-07457,EXP-0001-0009,SNSPD-04,X,-,32.233624,7.980416,SIGNAL,0x0000,CAL-20260811-001,CLOCK-20260811-001,PASS
EVT-000000000054,SIM-0001,2026081151883000177,PULSE-EXP-0001-0009-07883,EXP-0001-0009,SNSPD-06,Y,-,31.954895,8.158904,SIGNAL,0x0000,CAL-20260811-001,CLOCK-20260811-001,PASS
EVT-000000000055,SIM-0001,2026081152382000066,PULSE-EXP-0001-0009-08382,EXP-0001-0009,SNSPD-03,X,+,28.827761,7.850373,SIGNAL,0x0000,CAL-20260811-001,CLOCK-20260811-001,PASS
EVT-000000000056,SIM-0001,2026081153368000014,PULSE-EXP-0001-0009-09368,EXP-0001-0009,SNSPD-02,Z,-,33.178732,8.047352,SIGNAL,0x0000,CAL-20260811-001,CLOCK-20260811-001,PASS
EVT-000000000057,SIM-0001,2026081153453000150,PULSE-EXP-0001-0009-09453,EXP-0001-0009,SNSPD-05,Y,+,33.451110,8.124335,SIGNAL,0x0000,CAL-20260811-001,CLOCK-20260811-001,PASS
EVT-000000000058,SIM-0001,2026081153882000187,PULSE-EXP-0001-0009-09882,EXP-0001-0009,SNSPD-01,Z,+,30.229033,8.256127,SIGNAL,0x0000,CAL-20260811-001,CLOCK-20260811-001,PASS
EVT-000000000059,SIM-0001,2026081155027000167,PULSE-EXP-0001-0025-00027,EXP-0001-0025,SNSPD-05,Y,+,32.475951,6.802063,SIGNAL,0x0000,CAL-20260811-001,CLOCK-20260811-001,PASS
EVT-000000000060,SIM-0001,2026081155287000015,PULSE-EXP-0001-0025-00287,EXP-0001-0025,SNSPD-01,Z,+,33.516936,7.851352,SIGNAL,0x0000,CAL-20260811-001,CLOCK-20260811-001,PASS
EVT-000000000061,SIM-0001,2026081155441000123,PULSE-EXP-0001-0025-00441,EXP-0001-0025,SNSPD-01,Z,+,30.204009,7.718978,SIGNAL,0x0000,CAL-20260811-001,CLOCK-20260811-001,PASS
EVT-000000000062,SIM-0001,2026081155469000079,PULSE-EXP-0001-0025-00469,EXP-0001-0025,SNSPD-06,Y,-,30.299954,7.539238,SIGNAL,0x0000,CAL-20260811-001,CLOCK-20260811-001,PASS
EVT-000000000063,SIM-0001,2026081155659000195,PULSE-EXP-0001-0025-00659,EXP-0001-0025,SNSPD-01,Z,+,31.374175,8.655281,SIGNAL,0x0000,CAL-20260811-001,CLOCK-20260811-001,PASS
EVT-000000000064,SIM-0001,2026081155877000132,PULSE-EXP-0001-0025-00877,EXP-0001-0025,SNSPD-01,Z,+,30.948969,7.407330,SIGNAL,0x0000,CAL-20260811-001,CLOCK-20260811-001,PASS
EVT-000000000065,SIM-0001,2026081155913000167,PULSE-EXP-0001-0025-00913,EXP-0001-0025,SNSPD-02,Z,-,31.149235,7.582270,SIGNAL,0x0000,CAL-20260811-001,CLOCK-20260811-001,PASS
EVT-000000000066,SIM-0001,2026081155965000111,PULSE-EXP-0001-0025-00965,EXP-0001-0025,SNSPD-06,Y,-,32.853221,8.897305,SIGNAL,0x0000,CAL-20260811-001,CLOCK-20260811-001,PASS
EVT-000000000067,SIM-0001,2026081156023000029,PULSE-EXP-0001-0025-01023,EXP-0001-0025,SNSPD-01,Z,+,31.931631,8.764340,SIGNAL,0x0000,CAL-20260811-001,CLOCK-20260811-001,PASS
EVT-000000000068,SIM-0001,2026081156117000038,PULSE-EXP-0001-0025-01117,EXP-0001-0025,SNSPD-04,X,-,34.233430,8.017800,SIGNAL,0x0000,CAL-20260811-001,CLOCK-20260811-001,PASS
EVT-000000000069,SIM-0001,2026081156150000085,PULSE-EXP-0001-0025-01150,EXP-0001-0025,SNSPD-01,Z,+,34.078856,7.481602,SIGNAL,0x0000,CAL-20260811-001,CLOCK-20260811-001,PASS
EVT-000000000070,SIM-0001,2026081156253000177,PULSE-EXP-0001-0025-01253,EXP-0001-0025,SNSPD-03,X,+,29.668554,8.519946,SIGNAL,0x0000,CAL-20260811-001,CLOCK-20260811-001,PASS
EVT-000000000071,SIM-0001,2026081156285000028,PULSE-EXP-0001-0025-01285,EXP-0001-0025,SNSPD-03,X,+,34.719868,7.730008,SIGNAL,0x0000,CAL-20260811-001,CLOCK-20260811-001,PASS
EVT-000000000072,SIM-0001,2026081156298000019,PULSE-EXP-0001-0025-01298,EXP-0001-0025,SNSPD-05,Y,+,32.908587,7.460042,SIGNAL,0x0000,CAL-20260811-001,CLOCK-20260811-001,PASS
EVT-000000000073,SIM-0001,2026081156681000095,PULSE-EXP-0001-0025-01681,EXP-0001-0025,SNSPD-01,Z,+,35.531098,7.884050,SIGNAL,0x0000,CAL-20260811-001,CLOCK-20260811-001,PASS
EVT-000000000074,SIM-0001,2026081156691000054,PULSE-EXP-0001-0025-01691,EXP-0001-0025,SNSPD-05,Y,+,30.339172,8.774351,SIGNAL,0x0000,CAL-20260811-001,CLOCK-20260811-001,PASS
EVT-000000000075,SIM-0001,2026081156830000109,PULSE-EXP-0001-0025-01830,EXP-0001-0025,SNSPD-04,X,-,31.891147,8.744961,SIGNAL,0x0000,CAL-20260811-001,CLOCK-20260811-001,PASS
EVT-000000000076,SIM-0001,2026081156931000193,PULSE-EXP-0001-0025-01931,EXP-0001-0025,SNSPD-06,Y,-,28.021016,8.295902,SIGNAL,0x0000,CAL-20260811-001,CLOCK-20260811-001,PASS
EVT-000000000077,SIM-0001,2026081157006000011,PULSE-EXP-0001-0025-02006,EXP-0001-0025,SNSPD-06,Y,-,31.559855,7.796481,SIGNAL,0x0000,CAL-20260811-001,CLOCK-20260811-001,PASS
EVT-000000000078,SIM-0001,2026081157161000163,PULSE-EXP-0001-0025-02161,EXP-0001-0025,SNSPD-04,X,-,34.051328,7.733367,SIGNAL,0x0000,CAL-20260811-001,CLOCK-20260811-001,PASS
EVT-000000000079,SIM-0001,2026081157261000182,PULSE-EXP-0001-0025-02261,EXP-0001-0025,SNSPD-02,Z,-,31.874589,8.755526,SIGNAL,0x0000,CAL-20260811-001,CLOCK-20260811-001,PASS
EVT-000000000080,SIM-0001,2026081157332000138,PULSE-EXP-0001-0025-02332,EXP-0001-0025,SNSPD-05,Y,+,32.609861,8.590371,SIGNAL,0x0000,CAL-20260811-001,CLOCK-20260811-001,PASS
EVT-000000000081,SIM-0001,2026081157353000104,PULSE-EXP-0001-0025-02353,EXP-0001-0025,SNSPD-01,Z,+,32.866503,8.431698,SIGNAL,0x0000,CAL-20260811-001,CLOCK-20260811-001,PASS
EVT-000000000082,SIM-0001,2026081157369000126,PULSE-EXP-0001-0025-02369,EXP-0001-0025,SNSPD-04,X,-,31.122557,6.716439,SIGNAL,0x0000,CAL-20260811-001,CLOCK-20260811-001,PASS
EVT-000000000083,SIM-0001,2026081157430000158,PULSE-EXP-0001-0025-02430,EXP-0001-0025,SNSPD-01,Z,+,31.131848,8.805368,SIGNAL,0x0000,CAL-20260811-001,CLOCK-20260811-001,PASS
EVT-000000000084,SIM-0001,2026081157437000000,PULSE-EXP-0001-0025-02437,EXP-0001-0025,SNSPD-03,X,+,30.407586,7.288847,SIGNAL,0x0000,CAL-20260811-001,CLOCK-20260811-001,PASS
EVT-000000000085,SIM-0001,2026081157503000031,PULSE-EXP-0001-0025-02503,EXP-0001-0025,SNSPD-03,X,+,28.956408,8.041166,SIGNAL,0x0000,CAL-20260811-001,CLOCK-20260811-001,PASS
EVT-000000000086,SIM-0001,2026081157592000065,PULSE-EXP-0001-0025-02592,EXP-0001-0025,SNSPD-03,X,+,31.387210,7.378624,SIGNAL,0x0000,CAL-20260811-001,CLOCK-20260811-001,PASS
EVT-000000000087,SIM-0001,2026081157668000176,PULSE-EXP-0001-0025-02668,EXP-0001-0025,SNSPD-04,X,-,28.902807,8.725399,SIGNAL,0x0000,CAL-20260811-001,CLOCK-20260811-001,PASS
EVT-000000000088,SIM-0001,2026081157704000028,PULSE-EXP-0001-0025-02704,EXP-0001-0025,SNSPD-03,X,+,29.698960,8.627032,SIGNAL,0x0000,CAL-20260811-001,CLOCK-20260811-001,PASS
EVT-000000000089,SIM-0001,2026081157762000084,PULSE-EXP-0001-0025-02762,EXP-0001-0025,SNSPD-04,X,-,33.018388,7.744997,SIGNAL,0x0000,CAL-20260811-001,CLOCK-20260811-001,PASS
EVT-000000000090,SIM-0001,2026081157802000113,PULSE-EXP-0001-0025-02802,EXP-0001-0025,SNSPD-06,Y,-,34.678339,7.433564,SIGNAL,0x0000,CAL-20260811-001,CLOCK-20260811-001,PASS
EVT-000000000091,SIM-0001,2026081157809000006,PULSE-EXP-0001-0025-02809,EXP-0001-0025,SNSPD-01,Z,+,33.141916,7.883606,SIGNAL,0x0000,CAL-20260811-001,CLOCK-20260811-001,PASS
EVT-000000000092,SIM-0001,2026081157824000092,PULSE-EXP-0001-0025-02824,EXP-0001-0025,SNSPD-05,Y,+,29.989147,7.360397,SIGNAL,0x0000,CAL-20260811-001,CLOCK-20260811-001,PASS
EVT-000000000093,SIM-0001,2026081157972000048,PULSE-EXP-0001-0025-02972,EXP-0001-0025,SNSPD-05,Y,+,27.174334,8.296341,SIGNAL,0x0000,CAL-20260811-001,CLOCK-20260811-001,PASS
EVT-000000000094,SIM-0001,2026081158012000062,PULSE-EXP-0001-0025-03012,EXP-0001-0025,SNSPD-06,Y,-,31.942947,7.863887,SIGNAL,0x0000,CAL-20260811-001,CLOCK-20260811-001,PASS
EVT-000000000095,SIM-0001,2026081158024000024,PULSE-EXP-0001-0025-03024,EXP-0001-0025,SNSPD-05,Y,+,30.725194,7.697409,SIGNAL,0x0000,CAL-20260811-001,CLOCK-20260811-001,PASS
EVT-000000000096,SIM-0001,2026081158138000118,PULSE-EXP-0001-0025-03138,EXP-0001-0025,SNSPD-03,X,+,31.832221,8.250602,SIGNAL,0x0000,CAL-20260811-001,CLOCK-20260811-001,PASS
EVT-000000000097,SIM-0001,2026081158298000109,PULSE-EXP-0001-0025-03298,EXP-0001-0025,SNSPD-05,Y,+,33.915460,6.912100,SIGNAL,0x0000,CAL-20260811-001,CLOCK-20260811-001,PASS
EVT-000000000098,SIM-0001,2026081158359000023,PULSE-EXP-0001-0025-03359,EXP-0001-0025,SNSPD-03,X,+,33.290338,8.074522,SIGNAL,0x0000,CAL-20260811-001,CLOCK-20260811-001,PASS
EVT-000000000099,SIM-0001,2026081158437000016,PULSE-EXP-0001-0025-03437,EXP-0001-0025,SNSPD-04,X,-,36.013309,8.892125,SIGNAL,0x0000,CAL-20260811-001,CLOCK-20260811-001,PASS
EVT-000000000100,SIM-0001,2026081158437000059,PULSE-EXP-0001-0025-03437,EXP-0001-0025,SNSPD-06,Y,-,33.586699,7.608162,SIGNAL,0x0000,CAL-20260811-001,CLOCK-20260811-001,PASS
EVT-000000000101,SIM-0001,2026081158486000095,PULSE-EXP-0001-0025-03486,EXP-0001-0025,SNSPD-03,X,+,30.056667,7.389556,SIGNAL,0x0000,CAL-20260811-001,CLOCK-20260811-001,PASS
EVT-000000000102,SIM-0001,2026081158572000087,PULSE-EXP-0001-0025-03572,EXP-0001-0025,SNSPD-03,X,+,29.020497,8.740919,SIGNAL,0x0000,CAL-20260811-001,CLOCK-20260811-001,PASS
EVT-000000000103,SIM-0001,2026081158602000136,PULSE-EXP-0001-0025-03602,EXP-0001-0025,SNSPD-05,Y,+,32.455227,7.973072,SIGNAL,0x0000,CAL-20260811-001,CLOCK-20260811-001,PASS
EVT-000000000104,SIM-0001,2026081158610000192,PULSE-EXP-0001-0025-03610,EXP-0001-0025,SNSPD-04,X,-,32.402586,7.694283,SIGNAL,0x0000,CAL-20260811-001,CLOCK-20260811-001,PASS
EVT-000000000105,SIM-0001,2026081158722000101,PULSE-EXP-0001-0025-03722,EXP-0001-0025,SNSPD-01,Z,+,33.526765,8.428601,SIGNAL,0x0000,CAL-20260811-001,CLOCK-20260811-001,PASS
EVT-000000000106,SIM-0001,2026081158815000101,PULSE-EXP-0001-0025-03815,EXP-0001-0025,SNSPD-02,Z,-,32.263635,8.107656,SIGNAL,0x0000,CAL-20260811-001,CLOCK-20260811-001,PASS
EVT-000000000107,SIM-0001,2026081158896000157,PULSE-EXP-0001-0025-03896,EXP-0001-0025,SNSPD-06,Y,-,33.561820,8.998785,SIGNAL,0x0000,CAL-20260811-001,CLOCK-20260811-001,PASS
EVT-000000000108,SIM-0001,2026081158965000178,PULSE-EXP-0001-0025-03965,EXP-0001-0025,SNSPD-06,Y,-,32.092549,8.234100,SIGNAL,0x0000,CAL-20260811-001,CLOCK-20260811-001,PASS
EVT-000000000109,SIM-0001,2026081159091000029,PULSE-EXP-0001-0025-04091,EXP-0001-0025,SNSPD-04,X,-,31.945239,7.525930,SIGNAL,0x0000,CAL-20260811-001,CLOCK-20260811-001,PASS
EVT-000000000110,SIM-0001,2026081159092000193,PULSE-EXP-0001-0025-04092,EXP-0001-0025,SNSPD-02,Z,-,31.913949,8.113430,SIGNAL,0x0000,CAL-20260811-001,CLOCK-20260811-001,PASS
EVT-000000000111,SIM-0001,2026081159181000065,PULSE-EXP-0001-0025-04181,EXP-0001-0025,SNSPD-02,Z,-,32.648619,8.282861,SIGNAL,0x0000,CAL-20260811-001,CLOCK-20260811-001,PASS
EVT-000000000112,SIM-0001,2026081159212000047,PULSE-EXP-0001-0025-04212,EXP-0001-0025,SNSPD-04,X,-,29.968691,7.849301,SIGNAL,0x0000,CAL-20260811-001,CLOCK-20260811-001,PASS
EVT-000000000113,SIM-0001,2026081159239000177,PULSE-EXP-0001-0025-04239,EXP-0001-0025,SNSPD-02,Z,-,31.847576,7.766989,SIGNAL,0x0000,CAL-20260811-001,CLOCK-20260811-001,PASS
EVT-000000000114,SIM-0001,2026081159330000189,PULSE-EXP-0001-0025-04330,EXP-0001-0025,SNSPD-03,X,+,31.226898,7.952223,SIGNAL,0x0000,CAL-20260811-001,CLOCK-20260811-001,PASS
EVT-000000000115,SIM-0001,2026081159370000063,PULSE-EXP-0001-0025-04370,EXP-0001-0025,SNSPD-02,Z,-,33.504865,8.068460,SIGNAL,0x0000,CAL-20260811-001,CLOCK-20260811-001,PASS
EVT-000000000116,SIM-0001,2026081159439000004,PULSE-EXP-0001-0025-04439,EXP-0001-0025,SNSPD-02,Z,-,29.625195,8.881571,SIGNAL,0x0000,CAL-20260811-001,CLOCK-20260811-001,PASS
EVT-000000000117,SIM-0001,2026081159533000147,PULSE-EXP-0001-0025-04533,EXP-0001-0025,SNSPD-05,Y,+,32.012999,8.699952,SIGNAL,0x0000,CAL-20260811-001,CLOCK-20260811-001,PASS
EVT-000000000118,SIM-0001,2026081159608000103,PULSE-EXP-0001-0025-04608,EXP-0001-0025,SNSPD-01,Z,+,32.041563,7.562094,SIGNAL,0x0000,CAL-20260811-001,CLOCK-20260811-001,PASS
EVT-000000000119,SIM-0001,2026081159640000165,PULSE-EXP-0001-0025-04640,EXP-0001-0025,SNSPD-06,Y,-,29.954378,8.449212,SIGNAL,0x0000,CAL-20260811-001,CLOCK-20260811-001,PASS
EVT-000000000120,SIM-0001,2026081159711000127,PULSE-EXP-0001-0025-04711,EXP-0001-0025,SNSPD-02,Z,-,31.095135,7.204711,SIGNAL,0x0000,CAL-20260811-001,CLOCK-20260811-001,PASS
EVT-000000000121,SIM-0001,2026081159726000115,PULSE-EXP-0001-0025-04726,EXP-0001-0025,SNSPD-04,X,-,32.252564,8.533542,SIGNAL,0x0000,CAL-20260811-001,CLOCK-20260811-001,PASS
EVT-000000000122,SIM-0001,2026081159785000125,PULSE-EXP-0001-0025-04785,EXP-0001-0025,SNSPD-05,Y,+,30.733215,7.774004,SIGNAL,0x0000,CAL-20260811-001,CLOCK-20260811-001,PASS
EVT-000000000123,SIM-0001,2026081159861000136,PULSE-EXP-0001-0025-04861,EXP-0001-0025,SNSPD-02,Z,-,35.555547,6.734494,SIGNAL,0x0000,CAL-20260811-001,CLOCK-20260811-001,PASS
EVT-000000000124,SIM-0001,2026081159938000054,PULSE-EXP-0001-0025-04938,EXP-0001-0025,SNSPD-06,Y,-,30.663923,8.795448,SIGNAL,0x0000,CAL-20260811-001,CLOCK-20260811-001,PASS
EVT-000000000125,SIM-0001,2026081160005000029,PULSE-EXP-0001-0025-05005,EXP-0001-0025,SNSPD-01,Z,+,31.712219,7.034732,SIGNAL,0x0000,CAL-20260811-001,CLOCK-20260811-001,PASS
EVT-000000000126,SIM-0001,2026081160015000086,PULSE-EXP-0001-0025-05015,EXP-0001-0025,SNSPD-02,Z,-,32.695477,8.581739,SIGNAL,0x0000,CAL-20260811-001,CLOCK-20260811-001,PASS
EVT-000000000127,SIM-0001,2026081160068000094,PULSE-EXP-0001-0025-05068,EXP-0001-0025,SNSPD-03,X,+,34.247238,7.296349,SIGNAL,0x0000,CAL-20260811-001,CLOCK-20260811-001,PASS
EVT-000000000128,SIM-0001,2026081160086000039,PULSE-EXP-0001-0025-05086,EXP-0001-0025,SNSPD-05,Y,+,32.751565,7.263970,SIGNAL,0x0000,CAL-20260811-001,CLOCK-20260811-001,PASS
EVT-000000000129,SIM-0001,2026081160374000149,PULSE-EXP-0001-0025-05374,EXP-0001-0025,SNSPD-01,Z,+,33.636207,8.175592,SIGNAL,0x0000,CAL-20260811-001,CLOCK-20260811-001,PASS
EVT-000000000130,SIM-0001,2026081160394000098,PULSE-EXP-0001-0025-05394,EXP-0001-0025,SNSPD-06,Y,-,30.960039,8.959230,SIGNAL,0x0000,CAL-20260811-001,CLOCK-20260811-001,PASS
EVT-000000000131,SIM-0001,2026081160498000116,PULSE-EXP-0001-0025-05498,EXP-0001-0025,SNSPD-04,X,-,32.386325,8.668310,SIGNAL,0x0000,CAL-20260811-001,CLOCK-20260811-001,PASS
EVT-000000000132,SIM-0001,2026081160505000194,PULSE-EXP-0001-0025-05505,EXP-0001-0025,SNSPD-04,X,-,33.728312,8.069419,SIGNAL,0x0000,CAL-20260811-001,CLOCK-20260811-001,PASS
EVT-000000000133,SIM-0001,2026081160733000037,PULSE-EXP-0001-0025-05733,EXP-0001-0025,SNSPD-05,Y,+,32.560306,8.026219,SIGNAL,0x0000,CAL-20260811-001,CLOCK-20260811-001,PASS
EVT-000000000134,SIM-0001,2026081160765000118,PULSE-EXP-0001-0025-05765,EXP-0001-0025,SNSPD-04,X,-,30.510773,8.126107,SIGNAL,0x0000,CAL-20260811-001,CLOCK-20260811-001,PASS
EVT-000000000135,SIM-0001,2026081160775000053,PULSE-EXP-0001-0025-05775,EXP-0001-0025,SNSPD-04,X,-,33.745803,7.269676,SIGNAL,0x0000,CAL-20260811-001,CLOCK-20260811-001,PASS
EVT-000000000136,SIM-0001,2026081160854000019,PULSE-EXP-0001-0025-05854,EXP-0001-0025,SNSPD-06,Y,-,32.304559,8.298879,SIGNAL,0x0000,CAL-20260811-001,CLOCK-20260811-001,PASS
EVT-000000000137,SIM-0001,2026081160857000060,PULSE-EXP-0001-0025-05857,EXP-0001-0025,SNSPD-06,Y,-,32.731791,8.244781,SIGNAL,0x0000,CAL-20260811-001,CLOCK-20260811-001,PASS
EVT-000000000138,SIM-0001,2026081160874000057,PULSE-EXP-0001-0025-05874,EXP-0001-0025,SNSPD-05,Y,+,30.926456,7.034984,SIGNAL,0x0000,CAL-20260811-001,CLOCK-20260811-001,PASS
EVT-000000000139,SIM-0001,2026081160921000119,PULSE-EXP-0001-0025-05921,EXP-0001-0025,SNSPD-06,Y,-,35.059276,7.947088,SIGNAL,0x0000,CAL-20260811-001,CLOCK-20260811-001,PASS
EVT-000000000140,SIM-0001,2026081160948000111,PULSE-EXP-0001-0025-05948,EXP-0001-0025,SNSPD-04,X,-,32.779258,8.028524,SIGNAL,0x0000,CAL-20260811-001,CLOCK-20260811-001,PASS
EVT-000000000141,SIM-0001,2026081161037000188,PULSE-EXP-0001-0025-06037,EXP-0001-0025,SNSPD-06,Y,-,31.750486,8.403801,SIGNAL,0x0000,CAL-20260811-001,CLOCK-20260811-001,PASS
EVT-000000000142,SIM-0001,2026081161171000084,PULSE-EXP-0001-0025-06171,EXP-0001-0025,SNSPD-03,X,+,29.696122,7.048563,SIGNAL,0x0000,CAL-20260811-001,CLOCK-20260811-001,PASS
EVT-000000000143,SIM-0001,2026081161295000069,PULSE-EXP-0001-0025-06295,EXP-0001-0025,SNSPD-05,Y,+,31.927915,7.534847,SIGNAL,0x0000,CAL-20260811-001,CLOCK-20260811-001,PASS
EVT-000000000144,SIM-0001,2026081161311000020,PULSE-EXP-0001-0025-06311,EXP-0001-0025,SNSPD-06,Y,-,35.073174,7.881284,SIGNAL,0x0000,CAL-20260811-001,CLOCK-20260811-001,PASS
EVT-000000000145,SIM-0001,2026081161321000035,PULSE-EXP-0001-0025-06321,EXP-0001-0025,SNSPD-06,Y,-,36.097690,6.956211,SIGNAL,0x0000,CAL-20260811-001,CLOCK-20260811-001,PASS
EVT-000000000146,SIM-0001,2026081161332000195,PULSE-EXP-0001-0025-06332,EXP-0001-0025,SNSPD-03,X,+,31.836877,7.428327,SIGNAL,0x0000,CAL-20260811-001,CLOCK-20260811-001,PASS
EVT-000000000147,SIM-0001,2026081161389000043,PULSE-EXP-0001-0025-06389,EXP-0001-0025,SNSPD-04,X,-,33.543146,6.665565,SIGNAL,0x0000,CAL-20260811-001,CLOCK-20260811-001,PASS
EVT-000000000148,SIM-0001,2026081161389000132,PULSE-EXP-0001-0025-06389,EXP-0001-0025,SNSPD-02,Z,-,32.762695,7.967248,SIGNAL,0x0000,CAL-20260811-001,CLOCK-20260811-001,PASS
EVT-000000000149,SIM-0001,2026081161422000105,PULSE-EXP-0001-0025-06422,EXP-0001-0025,SNSPD-01,Z,+,31.466239,8.040118,SIGNAL,0x0000,CAL-20260811-001,CLOCK-20260811-001,PASS
EVT-000000000150,SIM-0001,2026081161444000145,PULSE-EXP-0001-0025-06444,EXP-0001-0025,SNSPD-04,X,-,32.317665,7.192901,SIGNAL,0x0000,CAL-20260811-001,CLOCK-20260811-001,PASS
EVT-000000000151,SIM-0001,2026081161527000032,PULSE-EXP-0001-0025-06527,EXP-0001-0025,SNSPD-06,Y,-,32.321481,8.096260,SIGNAL,0x0000,CAL-20260811-001,CLOCK-20260811-001,PASS
EVT-000000000152,SIM-0001,2026081161654000040,PULSE-EXP-0001-0025-06654,EXP-0001-0025,SNSPD-01,Z,+,33.952366,6.749496,SIGNAL,0x0000,CAL-20260811-001,CLOCK-20260811-001,PASS
EVT-000000000153,SIM-0001,2026081161728000002,PULSE-EXP-0001-0025-06728,EXP-0001-0025,SNSPD-04,X,-,35.223720,7.508754,SIGNAL,0x0000,CAL-20260811-001,CLOCK-20260811-001,PASS
EVT-000000000154,SIM-0001,2026081161780000179,PULSE-EXP-0001-0025-06780,EXP-0001-0025,SNSPD-05,Y,+,33.564008,8.244340,SIGNAL,0x0000,CAL-20260811-001,CLOCK-20260811-001,PASS
EVT-000000000155,SIM-0001,2026081161838000071,PULSE-EXP-0001-0025-06838,EXP-0001-0025,SNSPD-02,Z,-,31.097665,8.661115,SIGNAL,0x0000,CAL-20260811-001,CLOCK-20260811-001,PASS
EVT-000000000156,SIM-0001,2026081161977000086,PULSE-EXP-0001-0025-06977,EXP-0001-0025,SNSPD-06,Y,-,31.591290,7.988219,SIGNAL,0x0000,CAL-20260811-001,CLOCK-20260811-001,PASS
EVT-000000000157,SIM-0001,2026081162076000051,PULSE-EXP-0001-0025-07076,EXP-0001-0025,SNSPD-05,Y,+,33.883775,7.259878,SIGNAL,0x0000,CAL-20260811-001,CLOCK-20260811-001,PASS
EVT-000000000158,SIM-0001,2026081162177000006,PULSE-EXP-0001-0025-07177,EXP-0001-0025,SNSPD-01,Z,+,33.633524,7.476873,SIGNAL,0x0000,CAL-20260811-001,CLOCK-20260811-001,PASS
EVT-000000000159,SIM-0001,2026081162225000179,PULSE-EXP-0001-0025-07225,EXP-0001-0025,SNSPD-06,Y,-,33.795131,7.651487,SIGNAL,0x0000,CAL-20260811-001,CLOCK-20260811-001,PASS
EVT-000000000160,SIM-0001,2026081162309000173,PULSE-EXP-0001-0025-07309,EXP-0001-0025,SNSPD-04,X,-,33.257888,7.634125,SIGNAL,0x0000,CAL-20260811-001,CLOCK-20260811-001,PASS
EVT-000000000161,SIM-0001,2026081162311000149,PULSE-EXP-0001-0025-07311,EXP-0001-0025,SNSPD-01,Z,+,30.995869,8.271447,SIGNAL,0x0000,CAL-20260811-001,CLOCK-20260811-001,PASS
EVT-000000000162,SIM-0001,2026081162410000030,PULSE-EXP-0001-0025-07410,EXP-0001-0025,SNSPD-01,Z,+,33.784700,7.570758,SIGNAL,0x0000,CAL-20260811-001,CLOCK-20260811-001,PASS
EVT-000000000163,SIM-0001,2026081162447000186,PULSE-EXP-0001-0025-07447,EXP-0001-0025,SNSPD-04,X,-,33.724010,8.239444,SIGNAL,0x0000,CAL-20260811-001,CLOCK-20260811-001,PASS
EVT-000000000164,SIM-0001,2026081162467000103,PULSE-EXP-0001-0025-07467,EXP-0001-0025,SNSPD-06,Y,-,33.504894,8.603927,SIGNAL,0x0000,CAL-20260811-001,CLOCK-20260811-001,PASS
EVT-000000000165,SIM-0001,2026081162578000197,PULSE-EXP-0001-0025-07578,EXP-0001-0025,SNSPD-06,Y,-,31.815809,7.431148,SIGNAL,0x0000,CAL-20260811-001,CLOCK-20260811-001,PASS
EVT-000000000166,SIM-0001,2026081162593000034,PULSE-EXP-0001-0025-07593,EXP-0001-0025,SNSPD-02,Z,-,33.615266,7.115255,SIGNAL,0x0000,CAL-20260811-001,CLOCK-20260811-001,PASS
EVT-000000000167,SIM-0001,2026081162642000148,PULSE-EXP-0001-0025-07642,EXP-0001-0025,SNSPD-06,Y,-,31.518402,8.208795,SIGNAL,0x0000,CAL-20260811-001,CLOCK-20260811-001,PASS
EVT-000000000168,SIM-0001,2026081162769000125,PULSE-EXP-0001-0025-07769,EXP-0001-0025,SNSPD-02,Z,-,30.670390,7.254553,SIGNAL,0x0000,CAL-20260811-001,CLOCK-20260811-001,PASS
EVT-000000000169,SIM-0001,2026081162784000183,PULSE-EXP-0001-0025-07784,EXP-0001-0025,SNSPD-02,Z,-,31.947274,8.635215,SIGNAL,0x0000,CAL-20260811-001,CLOCK-20260811-001,PASS
EVT-000000000170,SIM-0001,2026081162847000028,PULSE-EXP-0001-0025-07847,EXP-0001-0025,SNSPD-04,X,-,29.724246,7.637067,SIGNAL,0x0000,CAL-20260811-001,CLOCK-20260811-001,PASS
EVT-000000000171,SIM-0001,2026081162850000068,PULSE-EXP-0001-0025-07850,EXP-0001-0025,SNSPD-03,X,+,32.047863,9.019337,SIGNAL,0x0000,CAL-20260811-001,CLOCK-20260811-001,PASS
EVT-000000000172,SIM-0001,2026081162853000020,PULSE-EXP-0001-0025-07853,EXP-0001-0025,SNSPD-02,Z,-,26.672319,7.518832,SIGNAL,0x0000,CAL-20260811-001,CLOCK-20260811-001,PASS
EVT-000000000173,SIM-0001,2026081163045000063,PULSE-EXP-0001-0025-08045,EXP-0001-0025,SNSPD-04,X,-,29.508001,7.831886,SIGNAL,0x0000,CAL-20260811-001,CLOCK-20260811-001,PASS
EVT-000000000174,SIM-0001,2026081163139000167,PULSE-EXP-0001-0025-08139,EXP-0001-0025,SNSPD-06,Y,-,31.101392,8.277935,SIGNAL,0x0000,CAL-20260811-001,CLOCK-20260811-001,PASS
EVT-000000000175,SIM-0001,2026081163317000120,PULSE-EXP-0001-0025-08317,EXP-0001-0025,SNSPD-05,Y,+,34.569873,8.138719,SIGNAL,0x0000,CAL-20260811-001,CLOCK-20260811-001,PASS
EVT-000000000176,SIM-0001,2026081163403000176,PULSE-EXP-0001-0025-08403,EXP-0001-0025,SNSPD-04,X,-,31.780145,6.874190,SIGNAL,0x0000,CAL-20260811-001,CLOCK-20260811-001,PASS
EVT-000000000177,SIM-0001,2026081163429000016,PULSE-EXP-0001-0025-08429,EXP-0001-0025,SNSPD-02,Z,-,33.234558,7.110538,SIGNAL,0x0000,CAL-20260811-001,CLOCK-20260811-001,PASS
EVT-000000000178,SIM-0001,2026081163445000064,PULSE-EXP-0001-0025-08445,EXP-0001-0025,SNSPD-01,Z,+,36.680871,8.656109,SIGNAL,0x0000,CAL-20260811-001,CLOCK-20260811-001,PASS
EVT-000000000179,SIM-0001,2026081163599000092,PULSE-EXP-0001-0025-08599,EXP-0001-0025,SNSPD-01,Z,+,30.631591,8.106332,SIGNAL,0x0000,CAL-20260811-001,CLOCK-20260811-001,PASS
EVT-000000000180,SIM-0001,2026081163631000138,PULSE-EXP-0001-0025-08631,EXP-0001-0025,SNSPD-01,Z,+,31.626492,9.227360,SIGNAL,0x0000,CAL-20260811-001,CLOCK-20260811-001,PASS
EVT-000000000181,SIM-0001,2026081163682000009,PULSE-EXP-0001-0025-08682,EXP-0001-0025,SNSPD-01,Z,+,28.666226,8.909035,SIGNAL,0x0000,CAL-20260811-001,CLOCK-20260811-001,PASS
EVT-000000000182,SIM-0001,2026081163706000195,PULSE-EXP-0001-0025-08706,EXP-0001-0025,SNSPD-06,Y,-,34.208360,7.785074,SIGNAL,0x0000,CAL-20260811-001,CLOCK-20260811-001,PASS
EVT-000000000183,SIM-0001,2026081163768000002,PULSE-EXP-0001-0025-08768,EXP-0001-0025,SNSPD-01,Z,+,33.822380,7.098218,SIGNAL,0x0000,CAL-20260811-001,CLOCK-20260811-001,PASS
EVT-000000000184,SIM-0001,2026081163790000007,PULSE-EXP-0001-0025-08790,EXP-0001-0025,SNSPD-05,Y,+,29.418163,8.340351,SIGNAL,0x0000,CAL-20260811-001,CLOCK-20260811-001,PASS
EVT-000000000185,SIM-0001,2026081163859000030,PULSE-EXP-0001-0025-08859,EXP-0001-0025,SNSPD-01,Z,+,31.126353,7.528633,SIGNAL,0x0000,CAL-20260811-001,CLOCK-20260811-001,PASS
EVT-000000000186,SIM-0001,2026081163994000034,PULSE-EXP-0001-0025-08994,EXP-0001-0025,SNSPD-04,X,-,30.425216,7.792151,SIGNAL,0x0000,CAL-20260811-001,CLOCK-20260811-001,PASS
EVT-000000000187,SIM-0001,2026081164085000138,PULSE-EXP-0001-0025-09085,EXP-0001-0025,SNSPD-02,Z,-,29.300260,8.597875,SIGNAL,0x0000,CAL-20260811-001,CLOCK-20260811-001,PASS
EVT-000000000188,SIM-0001,2026081164093000115,PULSE-EXP-0001-0025-09093,EXP-0001-0025,SNSPD-03,X,+,33.234204,8.540766,SIGNAL,0x0000,CAL-20260811-001,CLOCK-20260811-001,PASS
EVT-000000000189,SIM-0001,2026081164115000112,PULSE-EXP-0001-0025-09115,EXP-0001-0025,SNSPD-06,Y,-,31.715654,7.936782,SIGNAL,0x0000,CAL-20260811-001,CLOCK-20260811-001,PASS
EVT-000000000190,SIM-0001,2026081164120000018,PULSE-EXP-0001-0025-09120,EXP-0001-0025,SNSPD-01,Z,+,30.217147,7.767168,SIGNAL,0x0000,CAL-20260811-001,CLOCK-20260811-001,PASS
EVT-000000000191,SIM-0001,2026081164122000158,PULSE-EXP-0001-0025-09122,EXP-0001-0025,SNSPD-03,X,+,30.230961,8.092757,SIGNAL,0x0000,CAL-20260811-001,CLOCK-20260811-001,PASS
EVT-000000000192,SIM-0001,2026081164360000145,PULSE-EXP-0001-0025-09360,EXP-0001-0025,SNSPD-06,Y,-,30.800155,8.337008,SIGNAL,0x0000,CAL-20260811-001,CLOCK-20260811-001,PASS
EVT-000000000193,SIM-0001,2026081164435000049,PULSE-EXP-0001-0025-09435,EXP-0001-0025,SNSPD-01,Z,+,31.861434,8.858655,SIGNAL,0x0000,CAL-20260811-001,CLOCK-20260811-001,PASS
EVT-000000000194,SIM-0001,2026081164435000103,PULSE-EXP-0001-0025-09435,EXP-0001-0025,SNSPD-01,Z,+,30.720002,7.537935,SIGNAL,0x0000,CAL-20260811-001,CLOCK-20260811-001,PASS
EVT-000000000195,SIM-0001,2026081164508000011,PULSE-EXP-0001-0025-09508,EXP-0001-0025,SNSPD-06,Y,-,34.113592,7.671073,SIGNAL,0x0000,CAL-20260811-001,CLOCK-20260811-001,PASS
EVT-000000000196,SIM-0001,2026081164522000100,PULSE-EXP-0001-0025-09522,EXP-0001-0025,SNSPD-06,Y,-,37.131753,7.747277,SIGNAL,0x0000,CAL-20260811-001,CLOCK-20260811-001,PASS
EVT-000000000197,SIM-0001,2026081164818000054,PULSE-EXP-0001-0025-09818,EXP-0001-0025,SNSPD-03,X,+,31.631396,6.814329,SIGNAL,0x0000,CAL-20260811-001,CLOCK-20260811-001,PASS
EVT-000000000198,SIM-0001,2026081166013000053,PULSE-EXP-0001-0019-00013,EXP-0001-0019,SNSPD-02,Z,-,32.934653,9.371703,SIGNAL,0x0000,CAL-20260811-001,CLOCK-20260811-001,PASS
EVT-000000000199,SIM-0001,2026081166173000066,PULSE-EXP-0001-0019-00173,EXP-0001-0019,SNSPD-01,Z,+,30.294872,8.898397,SIGNAL,0x0000,CAL-20260811-001,CLOCK-20260811-001,PASS
EVT-000000000200,SIM-0001,2026081166322000076,PULSE-EXP-0001-0019-00322,EXP-0001-0019,SNSPD-05,Y,+,29.621900,8.511997,SIGNAL,0x0000,CAL-20260811-001,CLOCK-20260811-001,PASS
EVT-000000000201,SIM-0001,2026081166592000014,PULSE-EXP-0001-0019-00592,EXP-0001-0019,SNSPD-02,Z,-,35.908088,8.364602,SIGNAL,0x0000,CAL-20260811-001,CLOCK-20260811-001,PASS
EVT-000000000202,SIM-0001,2026081166915000174,PULSE-EXP-0001-0019-00915,EXP-0001-0019,SNSPD-06,Y,-,32.206548,7.707096,SIGNAL,0x0000,CAL-20260811-001,CLOCK-20260811-001,PASS
EVT-000000000203,SIM-0001,2026081167030000034,PULSE-EXP-0001-0019-01030,EXP-0001-0019,SNSPD-01,Z,+,30.889879,8.644311,SIGNAL,0x0000,CAL-20260811-001,CLOCK-20260811-001,PASS
EVT-000000000204,SIM-0001,2026081167103000116,PULSE-EXP-0001-0019-01103,EXP-0001-0019,SNSPD-03,X,+,29.029890,7.774102,SIGNAL,0x0000,CAL-20260811-001,CLOCK-20260811-001,PASS
EVT-000000000205,SIM-0001,2026081167232000034,PULSE-EXP-0001-0019-01232,EXP-0001-0019,SNSPD-06,Y,-,29.876221,7.634032,SIGNAL,0x0000,CAL-20260811-001,CLOCK-20260811-001,PASS
EVT-000000000206,SIM-0001,2026081167522000162,PULSE-EXP-0001-0019-01522,EXP-0001-0019,SNSPD-03,X,+,32.996185,8.448332,SIGNAL,0x0000,CAL-20260811-001,CLOCK-20260811-001,PASS
EVT-000000000207,SIM-0001,2026081167707000059,PULSE-EXP-0001-0019-01707,EXP-0001-0019,SNSPD-01,Z,+,32.787820,8.068523,SIGNAL,0x0000,CAL-20260811-001,CLOCK-20260811-001,PASS
EVT-000000000208,SIM-0001,2026081168226000024,PULSE-EXP-0001-0019-02226,EXP-0001-0019,SNSPD-03,X,+,31.969255,7.236717,SIGNAL,0x0000,CAL-20260811-001,CLOCK-20260811-001,PASS
EVT-000000000209,SIM-0001,2026081168544000057,PULSE-EXP-0001-0019-02544,EXP-0001-0019,SNSPD-06,Y,-,30.559599,7.378823,SIGNAL,0x0000,CAL-20260811-001,CLOCK-20260811-001,PASS
EVT-000000000210,SIM-0001,2026081168644000197,PULSE-EXP-0001-0019-02644,EXP-0001-0019,SNSPD-01,Z,+,32.832079,7.410598,SIGNAL,0x0000,CAL-20260811-001,CLOCK-20260811-001,PASS
EVT-000000000211,SIM-0001,2026081169315000105,PULSE-EXP-0001-0019-03315,EXP-0001-0019,SNSPD-06,Y,-,33.711215,8.513868,SIGNAL,0x0000,CAL-20260811-001,CLOCK-20260811-001,PASS
EVT-000000000212,SIM-0001,2026081169482000075,PULSE-EXP-0001-0019-03482,EXP-0001-0019,SNSPD-06,Y,-,30.536492,8.160714,SIGNAL,0x0000,CAL-20260811-001,CLOCK-20260811-001,PASS
EVT-000000000213,SIM-0001,2026081169729000195,PULSE-EXP-0001-0019-03729,EXP-0001-0019,SNSPD-01,Z,+,32.740391,7.955443,SIGNAL,0x0000,CAL-20260811-001,CLOCK-20260811-001,PASS
EVT-000000000214,SIM-0001,2026081169953000003,PULSE-EXP-0001-0019-03953,EXP-0001-0019,SNSPD-01,Z,+,30.017030,8.892964,SIGNAL,0x0000,CAL-20260811-001,CLOCK-20260811-001,PASS
EVT-000000000215,SIM-0001,2026081170037000182,PULSE-EXP-0001-0019-04037,EXP-0001-0019,SNSPD-02,Z,-,32.305905,8.258360,SIGNAL,0x0000,CAL-20260811-001,CLOCK-20260811-001,PASS
EVT-000000000216,SIM-0001,2026081170061000073,PULSE-EXP-0001-0019-04061,EXP-0001-0019,SNSPD-01,Z,+,30.464194,7.381701,SIGNAL,0x0000,CAL-20260811-001,CLOCK-20260811-001,PASS
EVT-000000000217,SIM-0001,2026081170628000001,PULSE-EXP-0001-0019-04628,EXP-0001-0019,SNSPD-01,Z,+,33.334927,7.543241,SIGNAL,0x0000,CAL-20260811-001,CLOCK-20260811-001,PASS
EVT-000000000218,SIM-0001,2026081170726000074,PULSE-EXP-0001-0019-04726,EXP-0001-0019,SNSPD-01,Z,+,32.792238,7.601165,SIGNAL,0x0000,CAL-20260811-001,CLOCK-20260811-001,PASS
EVT-000000000219,SIM-0001,2026081171390000044,PULSE-EXP-0001-0019-05390,EXP-0001-0019,SNSPD-05,Y,+,28.722859,8.125272,SIGNAL,0x0000,CAL-20260811-001,CLOCK-20260811-001,PASS
EVT-000000000220,SIM-0001,2026081171748000096,PULSE-EXP-0001-0019-05748,EXP-0001-0019,SNSPD-04,X,-,27.995634,8.313753,SIGNAL,0x0000,CAL-20260811-001,CLOCK-20260811-001,PASS
EVT-000000000221,SIM-0001,2026081171830000119,PULSE-EXP-0001-0019-05830,EXP-0001-0019,SNSPD-04,X,-,31.212131,7.307966,SIGNAL,0x0000,CAL-20260811-001,CLOCK-20260811-001,PASS
EVT-000000000222,SIM-0001,2026081172079000049,PULSE-EXP-0001-0019-06079,EXP-0001-0019,SNSPD-03,X,+,31.649619,7.386133,SIGNAL,0x0000,CAL-20260811-001,CLOCK-20260811-001,PASS
EVT-000000000223,SIM-0001,2026081172276000053,PULSE-EXP-0001-0019-06276,EXP-0001-0019,SNSPD-04,X,-,35.169060,7.815904,SIGNAL,0x0000,CAL-20260811-001,CLOCK-20260811-001,PASS
EVT-000000000224,SIM-0001,2026081173146000166,PULSE-EXP-0001-0019-07146,EXP-0001-0019,SNSPD-04,X,-,30.830323,6.542603,SIGNAL,0x0000,CAL-20260811-001,CLOCK-20260811-001,PASS
EVT-000000000225,SIM-0001,2026081173238000035,PULSE-EXP-0001-0019-07238,EXP-0001-0019,SNSPD-05,Y,+,32.950872,7.134906,SIGNAL,0x0000,CAL-20260811-001,CLOCK-20260811-001,PASS
EVT-000000000226,SIM-0001,2026081173540000115,PULSE-EXP-0001-0019-07540,EXP-0001-0019,SNSPD-04,X,-,33.451154,7.638750,SIGNAL,0x0000,CAL-20260811-001,CLOCK-20260811-001,PASS
EVT-000000000227,SIM-0001,2026081173664000116,PULSE-EXP-0001-0019-07664,EXP-0001-0019,SNSPD-06,Y,-,31.353966,7.024302,SIGNAL,0x0000,CAL-20260811-001,CLOCK-20260811-001,PASS
EVT-000000000228,SIM-0001,2026081173825000018,PULSE-EXP-0001-0019-07825,EXP-0001-0019,SNSPD-04,X,-,34.221974,6.667557,SIGNAL,0x0000,CAL-20260811-001,CLOCK-20260811-001,PASS
EVT-000000000229,SIM-0001,2026081173840000088,PULSE-EXP-0001-0019-07840,EXP-0001-0019,SNSPD-06,Y,-,32.675207,7.347652,SIGNAL,0x0000,CAL-20260811-001,CLOCK-20260811-001,PASS
EVT-000000000230,SIM-0001,2026081173847000178,PULSE-EXP-0001-0019-07847,EXP-0001-0019,SNSPD-04,X,-,29.905881,7.366170,SIGNAL,0x0000,CAL-20260811-001,CLOCK-20260811-001,PASS
EVT-000000000231,SIM-0001,2026081173913000002,PULSE-EXP-0001-0019-07913,EXP-0001-0019,SNSPD-02,Z,-,33.810604,8.501176,SIGNAL,0x0000,CAL-20260811-001,CLOCK-20260811-001,PASS
EVT-000000000232,SIM-0001,2026081174165000075,PULSE-EXP-0001-0019-08165,EXP-0001-0019,SNSPD-04,X,-,32.005287,7.583191,SIGNAL,0x0000,CAL-20260811-001,CLOCK-20260811-001,PASS
EVT-000000000233,SIM-0001,2026081174173000080,PULSE-EXP-0001-0019-08173,EXP-0001-0019,SNSPD-01,Z,+,31.726824,8.073177,SIGNAL,0x0000,CAL-20260811-001,CLOCK-20260811-001,PASS
EVT-000000000234,SIM-0001,2026081174500000022,PULSE-EXP-0001-0019-08500,EXP-0001-0019,SNSPD-06,Y,-,31.671022,7.232559,SIGNAL,0x0000,CAL-20260811-001,CLOCK-20260811-001,PASS
EVT-000000000235,SIM-0001,2026081174661000158,PULSE-EXP-0001-0019-08661,EXP-0001-0019,SNSPD-02,Z,-,31.810648,8.458363,SIGNAL,0x0000,CAL-20260811-001,CLOCK-20260811-001,PASS
EVT-000000000236,SIM-0001,2026081174676000095,PULSE-EXP-0001-0019-08676,EXP-0001-0019,SNSPD-01,Z,+,31.957114,7.855364,SIGNAL,0x0000,CAL-20260811-001,CLOCK-20260811-001,PASS
EVT-000000000237,SIM-0001,2026081174891000024,PULSE-EXP-0001-0019-08891,EXP-0001-0019,SNSPD-03,X,+,36.269659,7.832461,SIGNAL,0x0000,CAL-20260811-001,CLOCK-20260811-001,PASS
EVT-000000000238,SIM-0001,2026081175149000056,PULSE-EXP-0001-0019-09149,EXP-0001-0019,SNSPD-06,Y,-,32.818032,7.313992,SIGNAL,0x0000,CAL-20260811-001,CLOCK-20260811-001,PASS
EVT-000000000239,SIM-0001,2026081175319000015,PULSE-EXP-0001-0019-09319,EXP-0001-0019,SNSPD-06,Y,-,33.361572,6.338115,SIGNAL,0x0000,CAL-20260811-001,CLOCK-20260811-001,PASS
EVT-000000000240,SIM-0001,2026081175331000153,PULSE-EXP-0001-0019-09331,EXP-0001-0019,SNSPD-02,Z,-,32.733192,8.359727,SIGNAL,0x0000,CAL-20260811-001,CLOCK-20260811-001,PASS
EVT-000000000241,SIM-0001,2026081175398000097,PULSE-EXP-0001-0019-09398,EXP-0001-0019,SNSPD-02,Z,-,33.881614,8.138913,SIGNAL,0x0000,CAL-20260811-001,CLOCK-20260811-001,PASS
EVT-000000000242,SIM-0001,2026081175811000062,PULSE-EXP-0001-0019-09811,EXP-0001-0019,SNSPD-01,Z,+,31.288014,7.860690,SIGNAL,0x0000,CAL-20260811-001,CLOCK-20260811-001,PASS
EVT-000000000243,SIM-0001,2026081175906000129,PULSE-EXP-0001-0019-09906,EXP-0001-0019,SNSPD-03,X,+,30.019888,7.155850,SIGNAL,0x0000,CAL-20260811-001,CLOCK-20260811-001,PASS
EVT-000000000244,SIM-0001,2026081175965000079,PULSE-EXP-0001-0019-09965,EXP-0001-0019,SNSPD-01,Z,+,33.064661,8.461452,SIGNAL,0x0000,CAL-20260811-001,CLOCK-20260811-001,PASS
EVT-000000000245,SIM-0001,2026081178789000000,PULSE-EXP-0001-0007-01789,EXP-0001-0007,SNSPD-06,Y,-,30.733266,7.583761,SIGNAL,0x0000,CAL-20260811-001,CLOCK-20260811-001,PASS
EVT-000000000246,SIM-0001,2026081179369000164,PULSE-EXP-0001-0007-02369,EXP-0001-0007,SNSPD-03,X,+,32.047986,8.794144,SIGNAL,0x0000,CAL-20260811-001,CLOCK-20260811-001,PASS
EVT-000000000247,SIM-0001,2026081179577000164,PULSE-EXP-0001-0007-02577,EXP-0001-0007,SNSPD-06,Y,-,28.058633,7.682047,SIGNAL,0x0000,CAL-20260811-001,CLOCK-20260811-001,PASS
EVT-000000000248,SIM-0001,2026081181284000050,PULSE-EXP-0001-0007-04284,EXP-0001-0007,SNSPD-03,X,+,34.083963,8.143049,SIGNAL,0x0000,CAL-20260811-001,CLOCK-20260811-001,PASS
EVT-000000000249,SIM-0001,2026081182879000106,PULSE-EXP-0001-0007-05879,EXP-0001-0007,SNSPD-05,Y,+,28.819626,8.498041,SIGNAL,0x0000,CAL-20260811-001,CLOCK-20260811-001,PASS
EVT-000000000250,SIM-0001,2026081183991000010,PULSE-EXP-0001-0007-06991,EXP-0001-0007,SNSPD-04,X,-,31.864437,7.016536,SIGNAL,0x0000,CAL-20260811-001,CLOCK-20260811-001,PASS
EVT-000000000251,SIM-0001,2026081184331000005,PULSE-EXP-0001-0007-07331,EXP-0001-0007,SNSPD-03,X,+,30.539601,7.565225,SIGNAL,0x0000,CAL-20260811-001,CLOCK-20260811-001,PASS
EVT-000000000252,SIM-0001,2026081184664000168,PULSE-EXP-0001-0007-07664,EXP-0001-0007,SNSPD-03,X,+,32.106025,8.014156,SIGNAL,0x0000,CAL-20260811-001,CLOCK-20260811-001,PASS
EVT-000000000253,SIM-0001,2026081185497000116,PULSE-EXP-0001-0007-08497,EXP-0001-0007,SNSPD-05,Y,+,32.904284,7.354104,SIGNAL,0x0000,CAL-20260811-001,CLOCK-20260811-001,PASS
EVT-000000000254,SIM-0001,2026081186590000107,PULSE-EXP-0001-0007-09590,EXP-0001-0007,SNSPD-01,Z,+,29.237586,9.149409,SIGNAL,0x0000,CAL-20260811-001,CLOCK-20260811-001,PASS
EVT-000000000255,SIM-0001,2026081186666000015,PULSE-EXP-0001-0007-09666,EXP-0001-0007,SNSPD-04,X,-,31.160160,8.941404,SIGNAL,0x0000,CAL-20260811-001,CLOCK-20260811-001,PASS
EVT-000000000256,SIM-0001,2026081188088000128,PULSE-EXP-0001-0027-00088,EXP-0001-0027,SNSPD-06,Y,-,32.742782,7.100664,SIGNAL,0x0000,CAL-20260811-001,CLOCK-20260811-001,PASS
EVT-000000000257,SIM-0001,2026081188165000164,PULSE-EXP-0001-0027-00165,EXP-0001-0027,SNSPD-01,Z,+,32.569381,6.699303,SIGNAL,0x0000,CAL-20260811-001,CLOCK-20260811-001,PASS
EVT-000000000258,SIM-0001,2026081188322000117,PULSE-EXP-0001-0027-00322,EXP-0001-0027,SNSPD-03,X,+,29.645364,8.582988,SIGNAL,0x0000,CAL-20260811-001,CLOCK-20260811-001,PASS
EVT-000000000259,SIM-0001,2026081188335000069,PULSE-EXP-0001-0027-00335,EXP-0001-0027,SNSPD-03,X,+,29.675920,8.287720,SIGNAL,0x0000,CAL-20260811-001,CLOCK-20260811-001,PASS
EVT-000000000260,SIM-0001,2026081188395000104,PULSE-EXP-0001-0027-00395,EXP-0001-0027,SNSPD-05,Y,+,34.259536,8.251634,SIGNAL,0x0000,CAL-20260811-001,CLOCK-20260811-001,PASS
EVT-000000000261,SIM-0001,2026081188491000020,PULSE-EXP-0001-0027-00491,EXP-0001-0027,SNSPD-04,X,-,32.894723,8.134841,SIGNAL,0x0000,CAL-20260811-001,CLOCK-20260811-001,PASS
EVT-000000000262,SIM-0001,2026081188528000143,PULSE-EXP-0001-0027-00528,EXP-0001-0027,SNSPD-06,Y,-,34.165212,8.301873,SIGNAL,0x0000,CAL-20260811-001,CLOCK-20260811-001,PASS
EVT-000000000263,SIM-0001,2026081188558000077,PULSE-EXP-0001-0027-00558,EXP-0001-0027,SNSPD-01,Z,+,30.905351,9.199606,SIGNAL,0x0000,CAL-20260811-001,CLOCK-20260811-001,PASS
EVT-000000000264,SIM-0001,2026081188573000039,PULSE-EXP-0001-0027-00573,EXP-0001-0027,SNSPD-03,X,+,32.744900,7.561788,SIGNAL,0x0000,CAL-20260811-001,CLOCK-20260811-001,PASS
EVT-000000000265,SIM-0001,2026081188608000048,PULSE-EXP-0001-0027-00608,EXP-0001-0027,SNSPD-01,Z,+,27.858197,7.839734,SIGNAL,0x0000,CAL-20260811-001,CLOCK-20260811-001,PASS
EVT-000000000266,SIM-0001,2026081188652000005,PULSE-EXP-0001-0027-00652,EXP-0001-0027,SNSPD-05,Y,+,32.696323,9.212617,SIGNAL,0x0000,CAL-20260811-001,CLOCK-20260811-001,PASS
EVT-000000000267,SIM-0001,2026081188670000098,PULSE-EXP-0001-0027-00670,EXP-0001-0027,SNSPD-05,Y,+,34.095588,8.904098,SIGNAL,0x0000,CAL-20260811-001,CLOCK-20260811-001,PASS
EVT-000000000268,SIM-0001,2026081188713000190,PULSE-EXP-0001-0027-00713,EXP-0001-0027,SNSPD-03,X,+,36.109012,8.609695,SIGNAL,0x0000,CAL-20260811-001,CLOCK-20260811-001,PASS
EVT-000000000269,SIM-0001,2026081188794000045,PULSE-EXP-0001-0027-00794,EXP-0001-0027,SNSPD-03,X,+,34.842398,7.573641,SIGNAL,0x0000,CAL-20260811-001,CLOCK-20260811-001,PASS
EVT-000000000270,SIM-0001,2026081188804000104,PULSE-EXP-0001-0027-00804,EXP-0001-0027,SNSPD-01,Z,+,30.697946,7.593821,SIGNAL,0x0000,CAL-20260811-001,CLOCK-20260811-001,PASS
EVT-000000000271,SIM-0001,2026081188969000137,PULSE-EXP-0001-0027-00969,EXP-0001-0027,SNSPD-06,Y,-,34.680056,8.399473,SIGNAL,0x0000,CAL-20260811-001,CLOCK-20260811-001,PASS
EVT-000000000272,SIM-0001,2026081188974000059,PULSE-EXP-0001-0027-00974,EXP-0001-0027,SNSPD-06,Y,-,31.278393,8.724790,SIGNAL,0x0000,CAL-20260811-001,CLOCK-20260811-001,PASS
EVT-000000000273,SIM-0001,2026081189103000056,PULSE-EXP-0001-0027-01103,EXP-0001-0027,SNSPD-06,Y,-,31.927417,6.683918,SIGNAL,0x0000,CAL-20260811-001,CLOCK-20260811-001,PASS
EVT-000000000274,SIM-0001,2026081189426000079,PULSE-EXP-0001-0027-01426,EXP-0001-0027,SNSPD-06,Y,-,31.377470,8.720326,SIGNAL,0x0000,CAL-20260811-001,CLOCK-20260811-001,PASS
EVT-000000000275,SIM-0001,2026081189508000122,PULSE-EXP-0001-0027-01508,EXP-0001-0027,SNSPD-04,X,-,32.734000,7.776221,SIGNAL,0x0000,CAL-20260811-001,CLOCK-20260811-001,PASS
EVT-000000000276,SIM-0001,2026081189597000059,PULSE-EXP-0001-0027-01597,EXP-0001-0027,SNSPD-02,Z,-,32.787369,6.673255,SIGNAL,0x0000,CAL-20260811-001,CLOCK-20260811-001,PASS
EVT-000000000277,SIM-0001,2026081189607000021,PULSE-EXP-0001-0027-01607,EXP-0001-0027,SNSPD-01,Z,+,31.963545,9.306128,SIGNAL,0x0000,CAL-20260811-001,CLOCK-20260811-001,PASS
EVT-000000000278,SIM-0001,2026081189622000195,PULSE-EXP-0001-0027-01622,EXP-0001-0027,SNSPD-05,Y,+,34.373315,8.260653,SIGNAL,0x0000,CAL-20260811-001,CLOCK-20260811-001,PASS
EVT-000000000279,SIM-0001,2026081189717000032,PULSE-EXP-0001-0027-01717,EXP-0001-0027,SNSPD-06,Y,-,29.306688,8.624609,SIGNAL,0x0000,CAL-20260811-001,CLOCK-20260811-001,PASS
EVT-000000000280,SIM-0001,2026081189764000177,PULSE-EXP-0001-0027-01764,EXP-0001-0027,SNSPD-02,Z,-,30.102726,7.155114,SIGNAL,0x0000,CAL-20260811-001,CLOCK-20260811-001,PASS
EVT-000000000281,SIM-0001,2026081189806000020,PULSE-EXP-0001-0027-01806,EXP-0001-0027,SNSPD-03,X,+,31.415620,7.827852,SIGNAL,0x0000,CAL-20260811-001,CLOCK-20260811-001,PASS
EVT-000000000282,SIM-0001,2026081189926000014,PULSE-EXP-0001-0027-01926,EXP-0001-0027,SNSPD-03,X,+,34.377723,7.859953,SIGNAL,0x0000,CAL-20260811-001,CLOCK-20260811-001,PASS
EVT-000000000283,SIM-0001,2026081189932000025,PULSE-EXP-0001-0027-01932,EXP-0001-0027,SNSPD-03,X,+,34.444606,7.985656,SIGNAL,0x0000,CAL-20260811-001,CLOCK-20260811-001,PASS
EVT-000000000284,SIM-0001,2026081190056000161,PULSE-EXP-0001-0027-02056,EXP-0001-0027,SNSPD-05,Y,+,32.920803,7.758483,SIGNAL,0x0000,CAL-20260811-001,CLOCK-20260811-001,PASS
EVT-000000000285,SIM-0001,2026081190426000156,PULSE-EXP-0001-0027-02426,EXP-0001-0027,SNSPD-02,Z,-,33.512340,8.120604,SIGNAL,0x0000,CAL-20260811-001,CLOCK-20260811-001,PASS
EVT-000000000286,SIM-0001,2026081190640000037,PULSE-EXP-0001-0027-02640,EXP-0001-0027,SNSPD-04,X,-,34.082804,8.559479,SIGNAL,0x0000,CAL-20260811-001,CLOCK-20260811-001,PASS
EVT-000000000287,SIM-0001,2026081190652000118,PULSE-EXP-0001-0027-02652,EXP-0001-0027,SNSPD-03,X,+,31.189380,8.103045,SIGNAL,0x0000,CAL-20260811-001,CLOCK-20260811-001,PASS
EVT-000000000288,SIM-0001,2026081190839000090,PULSE-EXP-0001-0027-02839,EXP-0001-0027,SNSPD-04,X,-,31.852363,7.040572,SIGNAL,0x0000,CAL-20260811-001,CLOCK-20260811-001,PASS
EVT-000000000289,SIM-0001,2026081190966000053,PULSE-EXP-0001-0027-02966,EXP-0001-0027,SNSPD-05,Y,+,31.976113,8.164547,SIGNAL,0x0000,CAL-20260811-001,CLOCK-20260811-001,PASS
EVT-000000000290,SIM-0001,2026081191089000000,PULSE-EXP-0001-0027-03089,EXP-0001-0027,SNSPD-05,Y,+,30.120931,8.795969,SIGNAL,0x0000,CAL-20260811-001,CLOCK-20260811-001,PASS
EVT-000000000291,SIM-0001,2026081191091000039,PULSE-EXP-0001-0027-03091,EXP-0001-0027,SNSPD-01,Z,+,33.212924,7.532339,SIGNAL,0x0000,CAL-20260811-001,CLOCK-20260811-001,PASS
EVT-000000000292,SIM-0001,2026081191242000117,PULSE-EXP-0001-0027-03242,EXP-0001-0027,SNSPD-02,Z,-,30.319136,7.657548,SIGNAL,0x0000,CAL-20260811-001,CLOCK-20260811-001,PASS
EVT-000000000293,SIM-0001,2026081191356000041,PULSE-EXP-0001-0027-03356,EXP-0001-0027,SNSPD-01,Z,+,29.902553,7.476545,SIGNAL,0x0000,CAL-20260811-001,CLOCK-20260811-001,PASS
EVT-000000000294,SIM-0001,2026081191471000096,PULSE-EXP-0001-0027-03471,EXP-0001-0027,SNSPD-02,Z,-,33.799151,9.070457,SIGNAL,0x0000,CAL-20260811-001,CLOCK-20260811-001,PASS
EVT-000000000295,SIM-0001,2026081191512000115,PULSE-EXP-0001-0027-03512,EXP-0001-0027,SNSPD-04,X,-,29.912603,8.553390,SIGNAL,0x0000,CAL-20260811-001,CLOCK-20260811-001,PASS
EVT-000000000296,SIM-0001,2026081191522000112,PULSE-EXP-0001-0027-03522,EXP-0001-0027,SNSPD-03,X,+,33.403042,7.566306,SIGNAL,0x0000,CAL-20260811-001,CLOCK-20260811-001,PASS
EVT-000000000297,SIM-0001,2026081191570000172,PULSE-EXP-0001-0027-03570,EXP-0001-0027,SNSPD-01,Z,+,31.951341,7.296652,SIGNAL,0x0000,CAL-20260811-001,CLOCK-20260811-001,PASS
EVT-000000000298,SIM-0001,2026081191669000145,PULSE-EXP-0001-0027-03669,EXP-0001-0027,SNSPD-02,Z,-,34.493069,8.926758,SIGNAL,0x0000,CAL-20260811-001,CLOCK-20260811-001,PASS
EVT-000000000299,SIM-0001,2026081191683000011,PULSE-EXP-0001-0027-03683,EXP-0001-0027,SNSPD-04,X,-,30.770203,7.748057,SIGNAL,0x0000,CAL-20260811-001,CLOCK-20260811-001,PASS
EVT-000000000300,SIM-0001,2026081191702000063,PULSE-EXP-0001-0027-03702,EXP-0001-0027,SNSPD-01,Z,+,32.093733,7.587792,SIGNAL,0x0000,CAL-20260811-001,CLOCK-20260811-001,PASS
EVT-000000000301,SIM-0001,2026081191745000194,PULSE-EXP-0001-0027-03745,EXP-0001-0027,SNSPD-01,Z,+,32.174709,8.097902,SIGNAL,0x0000,CAL-20260811-001,CLOCK-20260811-001,PASS
EVT-000000000302,SIM-0001,2026081191811000188,PULSE-EXP-0001-0027-03811,EXP-0001-0027,SNSPD-03,X,+,31.435647,7.503356,SIGNAL,0x0000,CAL-20260811-001,CLOCK-20260811-001,PASS
EVT-000000000303,SIM-0001,2026081191815000108,PULSE-EXP-0001-0027-03815,EXP-0001-0027,SNSPD-01,Z,+,34.852296,7.655851,SIGNAL,0x0000,CAL-20260811-001,CLOCK-20260811-001,PASS
EVT-000000000304,SIM-0001,2026081191817000150,PULSE-EXP-0001-0027-03817,EXP-0001-0027,SNSPD-02,Z,-,34.408138,7.831538,SIGNAL,0x0000,CAL-20260811-001,CLOCK-20260811-001,PASS
EVT-000000000305,SIM-0001,2026081191928000061,PULSE-EXP-0001-0027-03928,EXP-0001-0027,SNSPD-05,Y,+,33.107556,9.370532,SIGNAL,0x0000,CAL-20260811-001,CLOCK-20260811-001,PASS
EVT-000000000306,SIM-0001,2026081191942000150,PULSE-EXP-0001-0027-03942,EXP-0001-0027,SNSPD-06,Y,-,28.916980,8.784896,SIGNAL,0x0000,CAL-20260811-001,CLOCK-20260811-001,PASS
EVT-000000000307,SIM-0001,2026081191965000124,PULSE-EXP-0001-0027-03965,EXP-0001-0027,SNSPD-02,Z,-,35.466028,7.929802,SIGNAL,0x0000,CAL-20260811-001,CLOCK-20260811-001,PASS
EVT-000000000308,SIM-0001,2026081192071000112,PULSE-EXP-0001-0027-04071,EXP-0001-0027,SNSPD-03,X,+,31.022738,7.182461,SIGNAL,0x0000,CAL-20260811-001,CLOCK-20260811-001,PASS
EVT-000000000309,SIM-0001,2026081192207000102,PULSE-EXP-0001-0027-04207,EXP-0001-0027,SNSPD-01,Z,+,29.459372,7.932289,SIGNAL,0x0000,CAL-20260811-001,CLOCK-20260811-001,PASS
EVT-000000000310,SIM-0001,2026081192224000183,PULSE-EXP-0001-0027-04224,EXP-0001-0027,SNSPD-05,Y,+,28.828312,8.568448,SIGNAL,0x0000,CAL-20260811-001,CLOCK-20260811-001,PASS
EVT-000000000311,SIM-0001,2026081192256000071,PULSE-EXP-0001-0027-04256,EXP-0001-0027,SNSPD-04,X,-,33.474271,8.095247,SIGNAL,0x0000,CAL-20260811-001,CLOCK-20260811-001,PASS
EVT-000000000312,SIM-0001,2026081192259000046,PULSE-EXP-0001-0027-04259,EXP-0001-0027,SNSPD-05,Y,+,33.676882,7.153529,SIGNAL,0x0000,CAL-20260811-001,CLOCK-20260811-001,PASS
EVT-000000000313,SIM-0001,2026081192296000193,PULSE-EXP-0001-0027-04296,EXP-0001-0027,SNSPD-06,Y,-,30.746899,7.554394,SIGNAL,0x0000,CAL-20260811-001,CLOCK-20260811-001,PASS
EVT-000000000314,SIM-0001,2026081192407000083,PULSE-EXP-0001-0027-04407,EXP-0001-0027,SNSPD-04,X,-,30.935857,8.245104,SIGNAL,0x0000,CAL-20260811-001,CLOCK-20260811-001,PASS
EVT-000000000315,SIM-0001,2026081192470000033,PULSE-EXP-0001-0027-04470,EXP-0001-0027,SNSPD-03,X,+,28.734508,7.869155,SIGNAL,0x0000,CAL-20260811-001,CLOCK-20260811-001,PASS
EVT-000000000316,SIM-0001,2026081192566000188,PULSE-EXP-0001-0027-04566,EXP-0001-0027,SNSPD-03,X,+,31.565122,7.714894,SIGNAL,0x0000,CAL-20260811-001,CLOCK-20260811-001,PASS
EVT-000000000317,SIM-0001,2026081192583000115,PULSE-EXP-0001-0027-04583,EXP-0001-0027,SNSPD-02,Z,-,30.924256,8.431031,SIGNAL,0x0000,CAL-20260811-001,CLOCK-20260811-001,PASS
EVT-000000000318,SIM-0001,2026081192611000193,PULSE-EXP-0001-0027-04611,EXP-0001-0027,SNSPD-04,X,-,30.268310,7.935018,SIGNAL,0x0000,CAL-20260811-001,CLOCK-20260811-001,PASS
EVT-000000000319,SIM-0001,2026081192621000056,PULSE-EXP-0001-0027-04621,EXP-0001-0027,SNSPD-05,Y,+,32.856702,8.398778,SIGNAL,0x0000,CAL-20260811-001,CLOCK-20260811-001,PASS
EVT-000000000320,SIM-0001,2026081192635000028,PULSE-EXP-0001-0027-04635,EXP-0001-0027,SNSPD-03,X,+,33.701380,7.928246,SIGNAL,0x0000,CAL-20260811-001,CLOCK-20260811-001,PASS
EVT-000000000321,SIM-0001,2026081192729000026,PULSE-EXP-0001-0027-04729,EXP-0001-0027,SNSPD-03,X,+,32.920486,7.413435,SIGNAL,0x0000,CAL-20260811-001,CLOCK-20260811-001,PASS
EVT-000000000322,SIM-0001,2026081192825000049,PULSE-EXP-0001-0027-04825,EXP-0001-0027,SNSPD-01,Z,+,31.099151,7.270270,SIGNAL,0x0000,CAL-20260811-001,CLOCK-20260811-001,PASS
EVT-000000000323,SIM-0001,2026081192964000108,PULSE-EXP-0001-0027-04964,EXP-0001-0027,SNSPD-05,Y,+,34.929045,7.060471,SIGNAL,0x0000,CAL-20260811-001,CLOCK-20260811-001,PASS
EVT-000000000324,SIM-0001,2026081192984000166,PULSE-EXP-0001-0027-04984,EXP-0001-0027,SNSPD-05,Y,+,31.052057,7.608633,SIGNAL,0x0000,CAL-20260811-001,CLOCK-20260811-001,PASS
EVT-000000000325,SIM-0001,2026081193023000184,PULSE-EXP-0001-0027-05023,EXP-0001-0027,SNSPD-01,Z,+,35.087174,7.855681,SIGNAL,0x0000,CAL-20260811-001,CLOCK-20260811-001,PASS
EVT-000000000326,SIM-0001,2026081193025000062,PULSE-EXP-0001-0027-05025,EXP-0001-0027,SNSPD-03,X,+,31.204834,8.198305,SIGNAL,0x0000,CAL-20260811-001,CLOCK-20260811-001,PASS
EVT-000000000327,SIM-0001,2026081193038000156,PULSE-EXP-0001-0027-05038,EXP-0001-0027,SNSPD-01,Z,+,35.409593,7.598166,SIGNAL,0x0000,CAL-20260811-001,CLOCK-20260811-001,PASS
EVT-000000000328,SIM-0001,2026081193048000020,PULSE-EXP-0001-0027-05048,EXP-0001-0027,SNSPD-01,Z,+,32.298376,7.534002,SIGNAL,0x0000,CAL-20260811-001,CLOCK-20260811-001,PASS
EVT-000000000329,SIM-0001,2026081193097000053,PULSE-EXP-0001-0027-05097,EXP-0001-0027,SNSPD-04,X,-,31.163973,8.067943,SIGNAL,0x0000,CAL-20260811-001,CLOCK-20260811-001,PASS
EVT-000000000330,SIM-0001,2026081193113000160,PULSE-EXP-0001-0027-05113,EXP-0001-0027,SNSPD-04,X,-,28.694487,8.616650,SIGNAL,0x0000,CAL-20260811-001,CLOCK-20260811-001,PASS
EVT-000000000331,SIM-0001,2026081193135000110,PULSE-EXP-0001-0027-05135,EXP-0001-0027,SNSPD-03,X,+,30.201827,7.688944,SIGNAL,0x0000,CAL-20260811-001,CLOCK-20260811-001,PASS
EVT-000000000332,SIM-0001,2026081193158000179,PULSE-EXP-0001-0027-05158,EXP-0001-0027,SNSPD-06,Y,-,32.185620,9.003626,SIGNAL,0x0000,CAL-20260811-001,CLOCK-20260811-001,PASS
EVT-000000000333,SIM-0001,2026081193181000007,PULSE-EXP-0001-0027-05181,EXP-0001-0027,SNSPD-06,Y,-,34.950874,7.506791,SIGNAL,0x0000,CAL-20260811-001,CLOCK-20260811-001,PASS
EVT-000000000334,SIM-0001,2026081193195000127,PULSE-EXP-0001-0027-05195,EXP-0001-0027,SNSPD-04,X,-,31.337137,7.072875,SIGNAL,0x0000,CAL-20260811-001,CLOCK-20260811-001,PASS
EVT-000000000335,SIM-0001,2026081193282000187,PULSE-EXP-0001-0027-05282,EXP-0001-0027,SNSPD-05,Y,+,34.358607,8.127279,SIGNAL,0x0000,CAL-20260811-001,CLOCK-20260811-001,PASS
EVT-000000000336,SIM-0001,2026081193363000023,PULSE-EXP-0001-0027-05363,EXP-0001-0027,SNSPD-01,Z,+,34.529242,7.967749,SIGNAL,0x0000,CAL-20260811-001,CLOCK-20260811-001,PASS
EVT-000000000337,SIM-0001,2026081193476000078,PULSE-EXP-0001-0027-05476,EXP-0001-0027,SNSPD-02,Z,-,29.480893,9.274342,SIGNAL,0x0000,CAL-20260811-001,CLOCK-20260811-001,PASS
EVT-000000000338,SIM-0001,2026081193518000114,PULSE-EXP-0001-0027-05518,EXP-0001-0027,SNSPD-05,Y,+,30.366911,7.935138,SIGNAL,0x0000,CAL-20260811-001,CLOCK-20260811-001,PASS
EVT-000000000339,SIM-0001,2026081193673000013,PULSE-EXP-0001-0027-05673,EXP-0001-0027,SNSPD-05,Y,+,31.062406,7.401269,SIGNAL,0x0000,CAL-20260811-001,CLOCK-20260811-001,PASS
EVT-000000000340,SIM-0001,2026081193837000003,PULSE-EXP-0001-0027-05837,EXP-0001-0027,SNSPD-04,X,-,30.469292,7.911703,SIGNAL,0x0000,CAL-20260811-001,CLOCK-20260811-001,PASS
EVT-000000000341,SIM-0001,2026081193845000115,PULSE-EXP-0001-0027-05845,EXP-0001-0027,SNSPD-05,Y,+,32.782955,7.285832,SIGNAL,0x0000,CAL-20260811-001,CLOCK-20260811-001,PASS
EVT-000000000342,SIM-0001,2026081193849000142,PULSE-EXP-0001-0027-05849,EXP-0001-0027,SNSPD-06,Y,-,34.421922,8.465790,SIGNAL,0x0000,CAL-20260811-001,CLOCK-20260811-001,PASS
EVT-000000000343,SIM-0001,2026081193968000015,PULSE-EXP-0001-0027-05968,EXP-0001-0027,SNSPD-01,Z,+,28.004664,7.716407,SIGNAL,0x0000,CAL-20260811-001,CLOCK-20260811-001,PASS
EVT-000000000344,SIM-0001,2026081194004000057,PULSE-EXP-0001-0027-06004,EXP-0001-0027,SNSPD-05,Y,+,32.381157,7.813385,SIGNAL,0x0000,CAL-20260811-001,CLOCK-20260811-001,PASS
EVT-000000000345,SIM-0001,2026081194018000101,PULSE-EXP-0001-0027-06018,EXP-0001-0027,SNSPD-05,Y,+,30.489978,7.922244,SIGNAL,0x0000,CAL-20260811-001,CLOCK-20260811-001,PASS
EVT-000000000346,SIM-0001,2026081194030000048,PULSE-EXP-0001-0027-06030,EXP-0001-0027,SNSPD-04,X,-,35.850834,7.830174,SIGNAL,0x0000,CAL-20260811-001,CLOCK-20260811-001,PASS
EVT-000000000347,SIM-0001,2026081194044000069,PULSE-EXP-0001-0027-06044,EXP-0001-0027,SNSPD-02,Z,-,30.475851,9.294700,SIGNAL,0x0000,CAL-20260811-001,CLOCK-20260811-001,PASS
EVT-000000000348,SIM-0001,2026081194064000193,PULSE-EXP-0001-0027-06064,EXP-0001-0027,SNSPD-06,Y,-,34.478955,8.164390,SIGNAL,0x0000,CAL-20260811-001,CLOCK-20260811-001,PASS
EVT-000000000349,SIM-0001,2026081194086000010,PULSE-EXP-0001-0027-06086,EXP-0001-0027,SNSPD-05,Y,+,32.006674,7.391898,SIGNAL,0x0000,CAL-20260811-001,CLOCK-20260811-001,PASS
EVT-000000000350,SIM-0001,2026081194090000007,PULSE-EXP-0001-0027-06090,EXP-0001-0027,SNSPD-06,Y,-,31.916824,7.926912,SIGNAL,0x0000,CAL-20260811-001,CLOCK-20260811-001,PASS
EVT-000000000351,SIM-0001,2026081194111000189,PULSE-EXP-0001-0027-06111,EXP-0001-0027,SNSPD-05,Y,+,29.134306,8.246035,SIGNAL,0x0000,CAL-20260811-001,CLOCK-20260811-001,PASS
EVT-000000000352,SIM-0001,2026081194142000041,PULSE-EXP-0001-0027-06142,EXP-0001-0027,SNSPD-03,X,+,33.999299,8.596757,SIGNAL,0x0000,CAL-20260811-001,CLOCK-20260811-001,PASS
EVT-000000000353,SIM-0001,2026081194178000148,PULSE-EXP-0001-0027-06178,EXP-0001-0027,SNSPD-04,X,-,33.082666,8.374976,SIGNAL,0x0000,CAL-20260811-001,CLOCK-20260811-001,PASS
EVT-000000000354,SIM-0001,2026081194239000186,PULSE-EXP-0001-0027-06239,EXP-0001-0027,SNSPD-06,Y,-,32.407386,8.026418,SIGNAL,0x0000,CAL-20260811-001,CLOCK-20260811-001,PASS
EVT-000000000355,SIM-0001,2026081194267000108,PULSE-EXP-0001-0027-06267,EXP-0001-0027,SNSPD-02,Z,-,32.595641,7.750653,SIGNAL,0x0000,CAL-20260811-001,CLOCK-20260811-001,PASS
EVT-000000000356,SIM-0001,2026081194337000174,PULSE-EXP-0001-0027-06337,EXP-0001-0027,SNSPD-02,Z,-,31.563201,7.815858,SIGNAL,0x0000,CAL-20260811-001,CLOCK-20260811-001,PASS
EVT-000000000357,SIM-0001,2026081194470000133,PULSE-EXP-0001-0027-06470,EXP-0001-0027,SNSPD-01,Z,+,29.980126,7.707413,SIGNAL,0x0000,CAL-20260811-001,CLOCK-20260811-001,PASS
EVT-000000000358,SIM-0001,2026081194532000139,PULSE-EXP-0001-0027-06532,EXP-0001-0027,SNSPD-05,Y,+,31.093459,7.881699,SIGNAL,0x0000,CAL-20260811-001,CLOCK-20260811-001,PASS
EVT-000000000359,SIM-0001,2026081194580000022,PULSE-EXP-0001-0027-06580,EXP-0001-0027,SNSPD-04,X,-,32.177315,7.841188,SIGNAL,0x0000,CAL-20260811-001,CLOCK-20260811-001,PASS
EVT-000000000360,SIM-0001,2026081194687000093,PULSE-EXP-0001-0027-06687,EXP-0001-0027,SNSPD-04,X,-,29.029718,7.778214,SIGNAL,0x0000,CAL-20260811-001,CLOCK-20260811-001,PASS
EVT-000000000361,SIM-0001,2026081194688000137,PULSE-EXP-0001-0027-06688,EXP-0001-0027,SNSPD-01,Z,+,32.768029,7.596237,SIGNAL,0x0000,CAL-20260811-001,CLOCK-20260811-001,PASS
EVT-000000000362,SIM-0001,2026081194725000125,PULSE-EXP-0001-0027-06725,EXP-0001-0027,SNSPD-05,Y,+,33.216144,8.920538,SIGNAL,0x0000,CAL-20260811-001,CLOCK-20260811-001,PASS
EVT-000000000363,SIM-0001,2026081194912000008,PULSE-EXP-0001-0027-06912,EXP-0001-0027,SNSPD-04,X,-,32.594310,7.226098,SIGNAL,0x0000,CAL-20260811-001,CLOCK-20260811-001,PASS
EVT-000000000364,SIM-0001,2026081195107000177,PULSE-EXP-0001-0027-07107,EXP-0001-0027,SNSPD-03,X,+,31.941358,7.875319,SIGNAL,0x0000,CAL-20260811-001,CLOCK-20260811-001,PASS
EVT-000000000365,SIM-0001,2026081195149000142,PULSE-EXP-0001-0027-07149,EXP-0001-0027,SNSPD-04,X,-,33.852323,8.188494,SIGNAL,0x0000,CAL-20260811-001,CLOCK-20260811-001,PASS
EVT-000000000366,SIM-0001,2026081195261000057,PULSE-EXP-0001-0027-07261,EXP-0001-0027,SNSPD-06,Y,-,34.947072,8.096826,SIGNAL,0x0000,CAL-20260811-001,CLOCK-20260811-001,PASS
EVT-000000000367,SIM-0001,2026081195494000135,PULSE-EXP-0001-0027-07494,EXP-0001-0027,SNSPD-04,X,-,32.135310,8.419805,SIGNAL,0x0000,CAL-20260811-001,CLOCK-20260811-001,PASS
EVT-000000000368,SIM-0001,2026081195496000101,PULSE-EXP-0001-0027-07496,EXP-0001-0027,SNSPD-04,X,-,30.270485,7.813037,SIGNAL,0x0000,CAL-20260811-001,CLOCK-20260811-001,PASS
EVT-000000000369,SIM-0001,2026081195505000193,PULSE-EXP-0001-0027-07505,EXP-0001-0027,SNSPD-01,Z,+,33.756742,8.693048,SIGNAL,0x0000,CAL-20260811-001,CLOCK-20260811-001,PASS
EVT-000000000370,SIM-0001,2026081195529000185,PULSE-EXP-0001-0027-07529,EXP-0001-0027,SNSPD-03,X,+,35.661730,8.312036,SIGNAL,0x0000,CAL-20260811-001,CLOCK-20260811-001,PASS
EVT-000000000371,SIM-0001,2026081195625000018,PULSE-EXP-0001-0027-07625,EXP-0001-0027,SNSPD-06,Y,-,32.370957,7.443911,SIGNAL,0x0000,CAL-20260811-001,CLOCK-20260811-001,PASS
EVT-000000000372,SIM-0001,2026081195793000153,PULSE-EXP-0001-0027-07793,EXP-0001-0027,SNSPD-03,X,+,33.611048,8.107827,SIGNAL,0x0000,CAL-20260811-001,CLOCK-20260811-001,PASS
EVT-000000000373,SIM-0001,2026081195847000087,PULSE-EXP-0001-0027-07847,EXP-0001-0027,SNSPD-03,X,+,28.785200,7.744330,SIGNAL,0x0000,CAL-20260811-001,CLOCK-20260811-001,PASS
EVT-000000000374,SIM-0001,2026081195865000072,PULSE-EXP-0001-0027-07865,EXP-0001-0027,SNSPD-05,Y,+,32.339984,8.411101,SIGNAL,0x0000,CAL-20260811-001,CLOCK-20260811-001,PASS
EVT-000000000375,SIM-0001,2026081195902000023,PULSE-EXP-0001-0027-07902,EXP-0001-0027,SNSPD-05,Y,+,33.749968,8.108788,SIGNAL,0x0000,CAL-20260811-001,CLOCK-20260811-001,PASS
EVT-000000000376,SIM-0001,2026081196005000028,PULSE-EXP-0001-0027-08005,EXP-0001-0027,SNSPD-05,Y,+,35.110148,6.726401,SIGNAL,0x0000,CAL-20260811-001,CLOCK-20260811-001,PASS
EVT-000000000377,SIM-0001,2026081196019000131,PULSE-EXP-0001-0027-08019,EXP-0001-0027,SNSPD-04,X,-,30.299161,9.349172,SIGNAL,0x0000,CAL-20260811-001,CLOCK-20260811-001,PASS
EVT-000000000378,SIM-0001,2026081196300000012,PULSE-EXP-0001-0027-08300,EXP-0001-0027,SNSPD-05,Y,+,30.503902,8.660812,SIGNAL,0x0000,CAL-20260811-001,CLOCK-20260811-001,PASS
EVT-000000000379,SIM-0001,2026081196314000154,PULSE-EXP-0001-0027-08314,EXP-0001-0027,SNSPD-06,Y,-,29.900673,8.872387,SIGNAL,0x0000,CAL-20260811-001,CLOCK-20260811-001,PASS
EVT-000000000380,SIM-0001,2026081196392000168,PULSE-EXP-0001-0027-08392,EXP-0001-0027,SNSPD-02,Z,-,31.728045,7.450086,SIGNAL,0x0000,CAL-20260811-001,CLOCK-20260811-001,PASS
EVT-000000000381,SIM-0001,2026081196415000079,PULSE-EXP-0001-0027-08415,EXP-0001-0027,SNSPD-06,Y,-,30.687525,7.677306,SIGNAL,0x0000,CAL-20260811-001,CLOCK-20260811-001,PASS
EVT-000000000382,SIM-0001,2026081196477000091,PULSE-EXP-0001-0027-08477,EXP-0001-0027,SNSPD-01,Z,+,32.765539,6.978378,SIGNAL,0x0000,CAL-20260811-001,CLOCK-20260811-001,PASS
EVT-000000000383,SIM-0001,2026081196520000157,PULSE-EXP-0001-0027-08520,EXP-0001-0027,SNSPD-03,X,+,31.840774,8.594817,SIGNAL,0x0000,CAL-20260811-001,CLOCK-20260811-001,PASS
EVT-000000000384,SIM-0001,2026081196620000133,PULSE-EXP-0001-0027-08620,EXP-0001-0027,SNSPD-04,X,-,32.423052,8.767099,SIGNAL,0x0000,CAL-20260811-001,CLOCK-20260811-001,PASS
EVT-000000000385,SIM-0001,2026081196681000009,PULSE-EXP-0001-0027-08681,EXP-0001-0027,SNSPD-04,X,-,33.889594,8.232395,SIGNAL,0x0000,CAL-20260811-001,CLOCK-20260811-001,PASS
EVT-000000000386,SIM-0001,2026081196713000079,PULSE-EXP-0001-0027-08713,EXP-0001-0027,SNSPD-01,Z,+,33.226719,8.506779,SIGNAL,0x0000,CAL-20260811-001,CLOCK-20260811-001,PASS
EVT-000000000387,SIM-0001,2026081196764000055,PULSE-EXP-0001-0027-08764,EXP-0001-0027,SNSPD-05,Y,+,30.725428,7.385965,SIGNAL,0x0000,CAL-20260811-001,CLOCK-20260811-001,PASS
EVT-000000000388,SIM-0001,2026081196876000090,PULSE-EXP-0001-0027-08876,EXP-0001-0027,SNSPD-03,X,+,30.886930,7.365454,SIGNAL,0x0000,CAL-20260811-001,CLOCK-20260811-001,PASS
EVT-000000000389,SIM-0001,2026081196895000011,PULSE-EXP-0001-0027-08895,EXP-0001-0027,SNSPD-03,X,+,32.548590,7.031622,SIGNAL,0x0000,CAL-20260811-001,CLOCK-20260811-001,PASS
EVT-000000000390,SIM-0001,2026081196977000087,PULSE-EXP-0001-0027-08977,EXP-0001-0027,SNSPD-04,X,-,30.767926,8.585796,SIGNAL,0x0000,CAL-20260811-001,CLOCK-20260811-001,PASS
EVT-000000000391,SIM-0001,2026081197009000175,PULSE-EXP-0001-0027-09009,EXP-0001-0027,SNSPD-06,Y,-,30.259718,7.743364,SIGNAL,0x0000,CAL-20260811-001,CLOCK-20260811-001,PASS
EVT-000000000392,SIM-0001,2026081197061000066,PULSE-EXP-0001-0027-09061,EXP-0001-0027,SNSPD-02,Z,-,32.641054,6.550203,SIGNAL,0x0000,CAL-20260811-001,CLOCK-20260811-001,PASS
EVT-000000000393,SIM-0001,2026081197068000195,PULSE-EXP-0001-0027-09068,EXP-0001-0027,SNSPD-01,Z,+,31.358472,8.457122,SIGNAL,0x0000,CAL-20260811-001,CLOCK-20260811-001,PASS
EVT-000000000394,SIM-0001,2026081197089000129,PULSE-EXP-0001-0027-09089,EXP-0001-0027,SNSPD-03,X,+,31.289622,7.863381,SIGNAL,0x0000,CAL-20260811-001,CLOCK-20260811-001,PASS
EVT-000000000395,SIM-0001,2026081197114000109,PULSE-EXP-0001-0027-09114,EXP-0001-0027,SNSPD-03,X,+,29.826722,7.308633,SIGNAL,0x0000,CAL-20260811-001,CLOCK-20260811-001,PASS
EVT-000000000396,SIM-0001,2026081197163000063,PULSE-EXP-0001-0027-09163,EXP-0001-0027,SNSPD-02,Z,-,33.754424,8.555072,SIGNAL,0x0000,CAL-20260811-001,CLOCK-20260811-001,PASS
EVT-000000000397,SIM-0001,2026081197186000011,PULSE-EXP-0001-0027-09186,EXP-0001-0027,SNSPD-06,Y,-,31.317896,7.801490,SIGNAL,0x0000,CAL-20260811-001,CLOCK-20260811-001,PASS
EVT-000000000398,SIM-0001,2026081197209000126,PULSE-EXP-0001-0027-09209,EXP-0001-0027,SNSPD-06,Y,-,32.576720,6.936039,SIGNAL,0x0000,CAL-20260811-001,CLOCK-20260811-001,PASS
EVT-000000000399,SIM-0001,2026081197243000018,PULSE-EXP-0001-0027-09243,EXP-0001-0027,SNSPD-06,Y,-,31.939321,8.088850,SIGNAL,0x0000,CAL-20260811-001,CLOCK-20260811-001,PASS
EVT-000000000400,SIM-0001,2026081197269000074,PULSE-EXP-0001-0027-09269,EXP-0001-0027,SNSPD-01,Z,+,30.650211,7.346754,SIGNAL,0x0000,CAL-20260811-001,CLOCK-20260811-001,PASS
EVT-000000000401,SIM-0001,2026081197301000037,PULSE-EXP-0001-0027-09301,EXP-0001-0027,SNSPD-03,X,+,30.011287,8.324096,SIGNAL,0x0000,CAL-20260811-001,CLOCK-20260811-001,PASS
EVT-000000000402,SIM-0001,2026081197308000164,PULSE-EXP-0001-0027-09308,EXP-0001-0027,SNSPD-03,X,+,33.363101,8.464516,SIGNAL,0x0000,CAL-20260811-001,CLOCK-20260811-001,PASS
EVT-000000000403,SIM-0001,2026081197393000121,PULSE-EXP-0001-0027-09393,EXP-0001-0027,SNSPD-05,Y,+,28.862930,8.481761,SIGNAL,0x0000,CAL-20260811-001,CLOCK-20260811-001,PASS
EVT-000000000404,SIM-0001,2026081197445000083,PULSE-EXP-0001-0027-09445,EXP-0001-0027,SNSPD-06,Y,-,29.113691,7.345600,SIGNAL,0x0000,CAL-20260811-001,CLOCK-20260811-001,PASS
EVT-000000000405,SIM-0001,2026081197548000123,PULSE-EXP-0001-0027-09548,EXP-0001-0027,SNSPD-04,X,-,30.672283,7.849601,SIGNAL,0x0000,CAL-20260811-001,CLOCK-20260811-001,PASS
EVT-000000000406,SIM-0001,2026081197596000181,PULSE-EXP-0001-0027-09596,EXP-0001-0027,SNSPD-05,Y,+,35.532084,7.144616,SIGNAL,0x0000,CAL-20260811-001,CLOCK-20260811-001,PASS
EVT-000000000407,SIM-0001,2026081197640000123,PULSE-EXP-0001-0027-09640,EXP-0001-0027,SNSPD-05,Y,+,32.191514,8.086024,SIGNAL,0x0000,CAL-20260811-001,CLOCK-20260811-001,PASS
EVT-000000000408,SIM-0001,2026081197676000059,PULSE-EXP-0001-0027-09676,EXP-0001-0027,SNSPD-02,Z,-,36.197241,7.963133,SIGNAL,0x0000,CAL-20260811-001,CLOCK-20260811-001,PASS
EVT-000000000409,SIM-0001,2026081197709000020,PULSE-EXP-0001-0027-09709,EXP-0001-0027,SNSPD-03,X,+,31.989534,7.128256,SIGNAL,0x0000,CAL-20260811-001,CLOCK-20260811-001,PASS
EVT-000000000410,SIM-0001,2026081197713000061,PULSE-EXP-0001-0027-09713,EXP-0001-0027,SNSPD-06,Y,-,31.010833,7.819279,SIGNAL,0x0000,CAL-20260811-001,CLOCK-20260811-001,PASS
EVT-000000000411,SIM-0001,2026081197747000040,PULSE-EXP-0001-0027-09747,EXP-0001-0027,SNSPD-01,Z,+,28.784452,8.773828,SIGNAL,0x0000,CAL-20260811-001,CLOCK-20260811-001,PASS
EVT-000000000412,SIM-0001,2026081197809000033,PULSE-EXP-0001-0027-09809,EXP-0001-0027,SNSPD-01,Z,+,32.957036,7.490819,SIGNAL,0x0000,CAL-20260811-001,CLOCK-20260811-001,PASS
EVT-000000000413,SIM-0001,2026081197935000033,PULSE-EXP-0001-0027-09935,EXP-0001-0027,SNSPD-04,X,-,30.646952,8.302130,SIGNAL,0x0000,CAL-20260811-001,CLOCK-20260811-001,PASS
EVT-000000000414,SIM-0001,2026081199075000136,PULSE-EXP-0001-0026-00075,EXP-0001-0026,SNSPD-01,Z,+,30.640002,6.622325,SIGNAL,0x0000,CAL-20260811-001,CLOCK-20260811-001,PASS
EVT-000000000415,SIM-0001,2026081199100000006,PULSE-EXP-0001-0026-00100,EXP-0001-0026,SNSPD-04,X,-,33.785946,8.019738,SIGNAL,0x0000,CAL-20260811-001,CLOCK-20260811-001,PASS
EVT-000000000416,SIM-0001,2026081199105000043,PULSE-EXP-0001-0026-00105,EXP-0001-0026,SNSPD-01,Z,+,29.847479,8.716245,SIGNAL,0x0000,CAL-20260811-001,CLOCK-20260811-001,PASS
EVT-000000000417,SIM-0001,2026081199144000015,PULSE-EXP-0001-0026-00144,EXP-0001-0026,SNSPD-04,X,-,32.957432,8.078321,SIGNAL,0x0000,CAL-20260811-001,CLOCK-20260811-001,PASS
EVT-000000000418,SIM-0001,2026081199199000081,PULSE-EXP-0001-0026-00199,EXP-0001-0026,SNSPD-04,X,-,32.397124,8.445788,SIGNAL,0x0000,CAL-20260811-001,CLOCK-20260811-001,PASS
EVT-000000000419,SIM-0001,2026081199331000178,PULSE-EXP-0001-0026-00331,EXP-0001-0026,SNSPD-04,X,-,35.754164,6.888752,SIGNAL,0x0000,CAL-20260811-001,CLOCK-20260811-001,PASS
EVT-000000000420,SIM-0001,2026081199521000040,PULSE-EXP-0001-0026-00521,EXP-0001-0026,SNSPD-01,Z,+,35.837053,8.061126,SIGNAL,0x0000,CAL-20260811-001,CLOCK-20260811-001,PASS
EVT-000000000421,SIM-0001,2026081199581000183,PULSE-EXP-0001-0026-00581,EXP-0001-0026,SNSPD-03,X,+,30.882093,7.957408,SIGNAL,0x0000,CAL-20260811-001,CLOCK-20260811-001,PASS
EVT-000000000422,SIM-0001,2026081199866000154,PULSE-EXP-0001-0026-00866,EXP-0001-0026,SNSPD-02,Z,-,32.613946,8.408287,SIGNAL,0x0000,CAL-20260811-001,CLOCK-20260811-001,PASS
EVT-000000000423,SIM-0001,2026081199928000172,PULSE-EXP-0001-0026-00928,EXP-0001-0026,SNSPD-04,X,-,33.821136,7.564406,SIGNAL,0x0000,CAL-20260811-001,CLOCK-20260811-001,PASS
EVT-000000000424,SIM-0001,2026081199959000031,PULSE-EXP-0001-0026-00959,EXP-0001-0026,SNSPD-04,X,-,30.027322,7.344488,SIGNAL,0x0000,CAL-20260811-001,CLOCK-20260811-001,PASS
EVT-000000000425,SIM-0001,2026081200021000008,PULSE-EXP-0001-0026-01021,EXP-0001-0026,SNSPD-01,Z,+,34.571314,7.696161,SIGNAL,0x0000,CAL-20260811-001,CLOCK-20260811-001,PASS
EVT-000000000426,SIM-0001,2026081200033000157,PULSE-EXP-0001-0026-01033,EXP-0001-0026,SNSPD-05,Y,+,30.847865,7.130384,SIGNAL,0x0000,CAL-20260811-001,CLOCK-20260811-001,PASS
EVT-000000000427,SIM-0001,2026081200048000052,PULSE-EXP-0001-0026-01048,EXP-0001-0026,SNSPD-04,X,-,29.171464,7.603982,SIGNAL,0x0000,CAL-20260811-001,CLOCK-20260811-001,PASS
EVT-000000000428,SIM-0001,2026081200124000124,PULSE-EXP-0001-0026-01124,EXP-0001-0026,SNSPD-01,Z,+,31.891153,8.193230,SIGNAL,0x0000,CAL-20260811-001,CLOCK-20260811-001,PASS
EVT-000000000429,SIM-0001,2026081200130000043,PULSE-EXP-0001-0026-01130,EXP-0001-0026,SNSPD-04,X,-,31.711703,7.862993,SIGNAL,0x0000,CAL-20260811-001,CLOCK-20260811-001,PASS
EVT-000000000430,SIM-0001,2026081200140000090,PULSE-EXP-0001-0026-01140,EXP-0001-0026,SNSPD-06,Y,-,29.017814,8.126479,SIGNAL,0x0000,CAL-20260811-001,CLOCK-20260811-001,PASS
EVT-000000000431,SIM-0001,2026081200197000131,PULSE-EXP-0001-0026-01197,EXP-0001-0026,SNSPD-06,Y,-,32.912706,8.525756,SIGNAL,0x0000,CAL-20260811-001,CLOCK-20260811-001,PASS
EVT-000000000432,SIM-0001,2026081200248000140,PULSE-EXP-0001-0026-01248,EXP-0001-0026,SNSPD-03,X,+,33.150482,7.585691,SIGNAL,0x0000,CAL-20260811-001,CLOCK-20260811-001,PASS
EVT-000000000433,SIM-0001,2026081200289000022,PULSE-EXP-0001-0026-01289,EXP-0001-0026,SNSPD-05,Y,+,29.897777,8.312238,SIGNAL,0x0000,CAL-20260811-001,CLOCK-20260811-001,PASS
EVT-000000000434,SIM-0001,2026081200300000152,PULSE-EXP-0001-0026-01300,EXP-0001-0026,SNSPD-01,Z,+,32.305045,8.739847,SIGNAL,0x0000,CAL-20260811-001,CLOCK-20260811-001,PASS
EVT-000000000435,SIM-0001,2026081200377000128,PULSE-EXP-0001-0026-01377,EXP-0001-0026,SNSPD-01,Z,+,32.815080,8.625249,SIGNAL,0x0000,CAL-20260811-001,CLOCK-20260811-001,PASS
EVT-000000000436,SIM-0001,2026081200458000117,PULSE-EXP-0001-0026-01458,EXP-0001-0026,SNSPD-03,X,+,31.299575,7.274547,SIGNAL,0x0000,CAL-20260811-001,CLOCK-20260811-001,PASS
EVT-000000000437,SIM-0001,2026081200489000101,PULSE-EXP-0001-0026-01489,EXP-0001-0026,SNSPD-05,Y,+,33.325409,8.419444,SIGNAL,0x0000,CAL-20260811-001,CLOCK-20260811-001,PASS
EVT-000000000438,SIM-0001,2026081200612000173,PULSE-EXP-0001-0026-01612,EXP-0001-0026,SNSPD-01,Z,+,29.737911,8.597746,SIGNAL,0x0000,CAL-20260811-001,CLOCK-20260811-001,PASS
EVT-000000000439,SIM-0001,2026081200618000157,PULSE-EXP-0001-0026-01618,EXP-0001-0026,SNSPD-03,X,+,33.098727,8.032667,SIGNAL,0x0000,CAL-20260811-001,CLOCK-20260811-001,PASS
EVT-000000000440,SIM-0001,2026081200713000197,PULSE-EXP-0001-0026-01713,EXP-0001-0026,SNSPD-05,Y,+,34.040350,8.437086,SIGNAL,0x0000,CAL-20260811-001,CLOCK-20260811-001,PASS
EVT-000000000441,SIM-0001,2026081200816000024,PULSE-EXP-0001-0026-01816,EXP-0001-0026,SNSPD-06,Y,-,32.952962,8.182236,SIGNAL,0x0000,CAL-20260811-001,CLOCK-20260811-001,PASS
EVT-000000000442,SIM-0001,2026081200955000046,PULSE-EXP-0001-0026-01955,EXP-0001-0026,SNSPD-06,Y,-,29.868083,8.830193,SIGNAL,0x0000,CAL-20260811-001,CLOCK-20260811-001,PASS
EVT-000000000443,SIM-0001,2026081200972000162,PULSE-EXP-0001-0026-01972,EXP-0001-0026,SNSPD-01,Z,+,31.852759,7.589860,SIGNAL,0x0000,CAL-20260811-001,CLOCK-20260811-001,PASS
EVT-000000000444,SIM-0001,2026081200980000160,PULSE-EXP-0001-0026-01980,EXP-0001-0026,SNSPD-04,X,-,30.954007,7.777659,SIGNAL,0x0000,CAL-20260811-001,CLOCK-20260811-001,PASS
EVT-000000000445,SIM-0001,2026081201005000090,PULSE-EXP-0001-0026-02005,EXP-0001-0026,SNSPD-01,Z,+,32.616364,7.340925,SIGNAL,0x0000,CAL-20260811-001,CLOCK-20260811-001,PASS
EVT-000000000446,SIM-0001,2026081201042000031,PULSE-EXP-0001-0026-02042,EXP-0001-0026,SNSPD-04,X,-,33.064465,8.105271,SIGNAL,0x0000,CAL-20260811-001,CLOCK-20260811-001,PASS
EVT-000000000447,SIM-0001,2026081201054000017,PULSE-EXP-0001-0026-02054,EXP-0001-0026,SNSPD-02,Z,-,33.609945,7.879961,SIGNAL,0x0000,CAL-20260811-001,CLOCK-20260811-001,PASS
EVT-000000000448,SIM-0001,2026081201057000174,PULSE-EXP-0001-0026-02057,EXP-0001-0026,SNSPD-03,X,+,31.686051,8.006853,SIGNAL,0x0000,CAL-20260811-001,CLOCK-20260811-001,PASS
EVT-000000000449,SIM-0001,2026081201184000164,PULSE-EXP-0001-0026-02184,EXP-0001-0026,SNSPD-03,X,+,30.038071,9.490383,SIGNAL,0x0000,CAL-20260811-001,CLOCK-20260811-001,PASS
EVT-000000000450,SIM-0001,2026081201235000188,PULSE-EXP-0001-0026-02235,EXP-0001-0026,SNSPD-05,Y,+,30.809932,8.483283,SIGNAL,0x0000,CAL-20260811-001,CLOCK-20260811-001,PASS
EVT-000000000451,SIM-0001,2026081201400000041,PULSE-EXP-0001-0026-02400,EXP-0001-0026,SNSPD-06,Y,-,34.323731,6.982188,SIGNAL,0x0000,CAL-20260811-001,CLOCK-20260811-001,PASS
EVT-000000000452,SIM-0001,2026081201412000085,PULSE-EXP-0001-0026-02412,EXP-0001-0026,SNSPD-04,X,-,32.309521,7.059931,SIGNAL,0x0000,CAL-20260811-001,CLOCK-20260811-001,PASS
EVT-000000000453,SIM-0001,2026081201520000125,PULSE-EXP-0001-0026-02520,EXP-0001-0026,SNSPD-05,Y,+,33.385366,8.481378,SIGNAL,0x0000,CAL-20260811-001,CLOCK-20260811-001,PASS
EVT-000000000454,SIM-0001,2026081201801000183,PULSE-EXP-0001-0026-02801,EXP-0001-0026,SNSPD-05,Y,+,33.296186,7.517544,SIGNAL,0x0000,CAL-20260811-001,CLOCK-20260811-001,PASS
EVT-000000000455,SIM-0001,2026081201847000008,PULSE-EXP-0001-0026-02847,EXP-0001-0026,SNSPD-04,X,-,28.527070,8.509856,SIGNAL,0x0000,CAL-20260811-001,CLOCK-20260811-001,PASS
EVT-000000000456,SIM-0001,2026081201868000186,PULSE-EXP-0001-0026-02868,EXP-0001-0026,SNSPD-04,X,-,32.767151,7.961392,SIGNAL,0x0000,CAL-20260811-001,CLOCK-20260811-001,PASS
EVT-000000000457,SIM-0001,2026081201871000024,PULSE-EXP-0001-0026-02871,EXP-0001-0026,SNSPD-03,X,+,33.521355,9.001136,SIGNAL,0x0000,CAL-20260811-001,CLOCK-20260811-001,PASS
EVT-000000000458,SIM-0001,2026081202054000188,PULSE-EXP-0001-0026-03054,EXP-0001-0026,SNSPD-04,X,-,32.331955,7.367296,SIGNAL,0x0000,CAL-20260811-001,CLOCK-20260811-001,PASS
EVT-000000000459,SIM-0001,2026081202434000075,PULSE-EXP-0001-0026-03434,EXP-0001-0026,SNSPD-06,Y,-,32.929020,8.482854,SIGNAL,0x0000,CAL-20260811-001,CLOCK-20260811-001,PASS
EVT-000000000460,SIM-0001,2026081202461000092,PULSE-EXP-0001-0026-03461,EXP-0001-0026,SNSPD-04,X,-,33.231954,7.824394,SIGNAL,0x0000,CAL-20260811-001,CLOCK-20260811-001,PASS
EVT-000000000461,SIM-0001,2026081202647000180,PULSE-EXP-0001-0026-03647,EXP-0001-0026,SNSPD-05,Y,+,34.442500,7.401596,SIGNAL,0x0000,CAL-20260811-001,CLOCK-20260811-001,PASS
EVT-000000000462,SIM-0001,2026081202768000000,PULSE-EXP-0001-0026-03768,EXP-0001-0026,SNSPD-06,Y,-,30.872273,7.393889,SIGNAL,0x0000,CAL-20260811-001,CLOCK-20260811-001,PASS
EVT-000000000463,SIM-0001,2026081202829000018,PULSE-EXP-0001-0026-03829,EXP-0001-0026,SNSPD-05,Y,+,29.295507,8.551057,SIGNAL,0x0000,CAL-20260811-001,CLOCK-20260811-001,PASS
EVT-000000000464,SIM-0001,2026081202860000155,PULSE-EXP-0001-0026-03860,EXP-0001-0026,SNSPD-06,Y,-,31.797978,8.386060,SIGNAL,0x0000,CAL-20260811-001,CLOCK-20260811-001,PASS
EVT-000000000465,SIM-0001,2026081202902000083,PULSE-EXP-0001-0026-03902,EXP-0001-0026,SNSPD-06,Y,-,32.313888,8.542319,SIGNAL,0x0000,CAL-20260811-001,CLOCK-20260811-001,PASS
EVT-000000000466,SIM-0001,2026081202946000059,PULSE-EXP-0001-0026-03946,EXP-0001-0026,SNSPD-06,Y,-,32.543491,7.866291,SIGNAL,0x0000,CAL-20260811-001,CLOCK-20260811-001,PASS
EVT-000000000467,SIM-0001,2026081203113000121,PULSE-EXP-0001-0026-04113,EXP-0001-0026,SNSPD-02,Z,-,29.897013,6.909772,SIGNAL,0x0000,CAL-20260811-001,CLOCK-20260811-001,PASS
EVT-000000000468,SIM-0001,2026081203190000080,PULSE-EXP-0001-0026-04190,EXP-0001-0026,SNSPD-06,Y,-,30.554226,8.552279,SIGNAL,0x0000,CAL-20260811-001,CLOCK-20260811-001,PASS
EVT-000000000469,SIM-0001,2026081203196000171,PULSE-EXP-0001-0026-04196,EXP-0001-0026,SNSPD-06,Y,-,34.259701,8.219990,SIGNAL,0x0000,CAL-20260811-001,CLOCK-20260811-001,PASS
EVT-000000000470,SIM-0001,2026081203458000057,PULSE-EXP-0001-0026-04458,EXP-0001-0026,SNSPD-02,Z,-,28.152633,8.045807,SIGNAL,0x0000,CAL-20260811-001,CLOCK-20260811-001,PASS
EVT-000000000471,SIM-0001,2026081203474000017,PULSE-EXP-0001-0026-04474,EXP-0001-0026,SNSPD-03,X,+,33.599660,7.402239,SIGNAL,0x0000,CAL-20260811-001,CLOCK-20260811-001,PASS
EVT-000000000472,SIM-0001,2026081203506000102,PULSE-EXP-0001-0026-04506,EXP-0001-0026,SNSPD-03,X,+,29.962011,7.690007,SIGNAL,0x0000,CAL-20260811-001,CLOCK-20260811-001,PASS
EVT-000000000473,SIM-0001,2026081203548000159,PULSE-EXP-0001-0026-04548,EXP-0001-0026,SNSPD-02,Z,-,28.555535,8.657695,SIGNAL,0x0000,CAL-20260811-001,CLOCK-20260811-001,PASS
EVT-000000000474,SIM-0001,2026081203649000128,PULSE-EXP-0001-0026-04649,EXP-0001-0026,SNSPD-06,Y,-,31.120080,7.783536,SIGNAL,0x0000,CAL-20260811-001,CLOCK-20260811-001,PASS
EVT-000000000475,SIM-0001,2026081203660000037,PULSE-EXP-0001-0026-04660,EXP-0001-0026,SNSPD-06,Y,-,36.301434,8.429036,SIGNAL,0x0000,CAL-20260811-001,CLOCK-20260811-001,PASS
EVT-000000000476,SIM-0001,2026081203700000098,PULSE-EXP-0001-0026-04700,EXP-0001-0026,SNSPD-05,Y,+,34.089679,7.495264,SIGNAL,0x0000,CAL-20260811-001,CLOCK-20260811-001,PASS
EVT-000000000477,SIM-0001,2026081203713000102,PULSE-EXP-0001-0026-04713,EXP-0001-0026,SNSPD-03,X,+,32.265580,7.550715,SIGNAL,0x0000,CAL-20260811-001,CLOCK-20260811-001,PASS
EVT-000000000478,SIM-0001,2026081203735000069,PULSE-EXP-0001-0026-04735,EXP-0001-0026,SNSPD-02,Z,-,31.429783,7.627167,SIGNAL,0x0000,CAL-20260811-001,CLOCK-20260811-001,PASS
EVT-000000000479,SIM-0001,2026081203808000049,PULSE-EXP-0001-0026-04808,EXP-0001-0026,SNSPD-06,Y,-,33.427957,8.096763,SIGNAL,0x0000,CAL-20260811-001,CLOCK-20260811-001,PASS
EVT-000000000480,SIM-0001,2026081203849000124,PULSE-EXP-0001-0026-04849,EXP-0001-0026,SNSPD-01,Z,+,32.603223,8.247214,SIGNAL,0x0000,CAL-20260811-001,CLOCK-20260811-001,PASS
EVT-000000000481,SIM-0001,2026081203864000134,PULSE-EXP-0001-0026-04864,EXP-0001-0026,SNSPD-06,Y,-,35.232388,7.896626,SIGNAL,0x0000,CAL-20260811-001,CLOCK-20260811-001,PASS
EVT-000000000482,SIM-0001,2026081203901000065,PULSE-EXP-0001-0026-04901,EXP-0001-0026,SNSPD-03,X,+,34.787064,8.519974,SIGNAL,0x0000,CAL-20260811-001,CLOCK-20260811-001,PASS
EVT-000000000483,SIM-0001,2026081203977000005,PULSE-EXP-0001-0026-04977,EXP-0001-0026,SNSPD-05,Y,+,31.609022,8.132168,SIGNAL,0x0000,CAL-20260811-001,CLOCK-20260811-001,PASS
EVT-000000000484,SIM-0001,2026081204032000041,PULSE-EXP-0001-0026-05032,EXP-0001-0026,SNSPD-03,X,+,33.127858,8.866166,SIGNAL,0x0000,CAL-20260811-001,CLOCK-20260811-001,PASS
EVT-000000000485,SIM-0001,2026081204038000160,PULSE-EXP-0001-0026-05038,EXP-0001-0026,SNSPD-04,X,-,31.182169,7.826100,SIGNAL,0x0000,CAL-20260811-001,CLOCK-20260811-001,PASS
EVT-000000000486,SIM-0001,2026081204159000171,PULSE-EXP-0001-0026-05159,EXP-0001-0026,SNSPD-02,Z,-,33.872571,7.751671,SIGNAL,0x0000,CAL-20260811-001,CLOCK-20260811-001,PASS
EVT-000000000487,SIM-0001,2026081204225000136,PULSE-EXP-0001-0026-05225,EXP-0001-0026,SNSPD-06,Y,-,33.961812,8.451301,SIGNAL,0x0000,CAL-20260811-001,CLOCK-20260811-001,PASS
EVT-000000000488,SIM-0001,2026081204512000088,PULSE-EXP-0001-0026-05512,EXP-0001-0026,SNSPD-05,Y,+,33.358522,7.626901,SIGNAL,0x0000,CAL-20260811-001,CLOCK-20260811-001,PASS
EVT-000000000489,SIM-0001,2026081204539000024,PULSE-EXP-0001-0026-05539,EXP-0001-0026,SNSPD-04,X,-,35.555131,8.167683,SIGNAL,0x0000,CAL-20260811-001,CLOCK-20260811-001,PASS
EVT-000000000490,SIM-0001,2026081204583000172,PULSE-EXP-0001-0026-05583,EXP-0001-0026,SNSPD-05,Y,+,34.554906,8.593181,SIGNAL,0x0000,CAL-20260811-001,CLOCK-20260811-001,PASS
EVT-000000000491,SIM-0001,2026081204638000033,PULSE-EXP-0001-0026-05638,EXP-0001-0026,SNSPD-01,Z,+,33.346782,8.263018,SIGNAL,0x0000,CAL-20260811-001,CLOCK-20260811-001,PASS
EVT-000000000492,SIM-0001,2026081204695000067,PULSE-EXP-0001-0026-05695,EXP-0001-0026,SNSPD-03,X,+,29.851957,7.487112,SIGNAL,0x0000,CAL-20260811-001,CLOCK-20260811-001,PASS
EVT-000000000493,SIM-0001,2026081204786000138,PULSE-EXP-0001-0026-05786,EXP-0001-0026,SNSPD-05,Y,+,31.784889,7.594512,SIGNAL,0x0000,CAL-20260811-001,CLOCK-20260811-001,PASS
EVT-000000000494,SIM-0001,2026081204843000192,PULSE-EXP-0001-0026-05843,EXP-0001-0026,SNSPD-01,Z,+,32.589375,7.273754,SIGNAL,0x0000,CAL-20260811-001,CLOCK-20260811-001,PASS
EVT-000000000495,SIM-0001,2026081204864000008,PULSE-EXP-0001-0026-05864,EXP-0001-0026,SNSPD-03,X,+,26.363212,6.973782,SIGNAL,0x0000,CAL-20260811-001,CLOCK-20260811-001,PASS
EVT-000000000496,SIM-0001,2026081204959000108,PULSE-EXP-0001-0026-05959,EXP-0001-0026,SNSPD-05,Y,+,33.699799,7.718612,SIGNAL,0x0000,CAL-20260811-001,CLOCK-20260811-001,PASS
EVT-000000000497,SIM-0001,2026081205228000175,PULSE-EXP-0001-0026-06228,EXP-0001-0026,SNSPD-05,Y,+,34.758443,8.198660,SIGNAL,0x0000,CAL-20260811-001,CLOCK-20260811-001,PASS
EVT-000000000498,SIM-0001,2026081205263000081,PULSE-EXP-0001-0026-06263,EXP-0001-0026,SNSPD-02,Z,-,32.972734,7.295727,SIGNAL,0x0000,CAL-20260811-001,CLOCK-20260811-001,PASS
EVT-000000000499,SIM-0001,2026081205470000052,PULSE-EXP-0001-0026-06470,EXP-0001-0026,SNSPD-05,Y,+,35.268724,7.541097,SIGNAL,0x0000,CAL-20260811-001,CLOCK-20260811-001,PASS
EVT-000000000500,SIM-0001,2026081205624000145,PULSE-EXP-0001-0026-06624,EXP-0001-0026,SNSPD-06,Y,-,33.762878,8.375986,SIGNAL,0x0000,CAL-20260811-001,CLOCK-20260811-001,PASS
EVT-000000000501,SIM-0001,2026081205676000035,PULSE-EXP-0001-0026-06676,EXP-0001-0026,SNSPD-05,Y,+,32.571242,8.962886,SIGNAL,0x0000,CAL-20260811-001,CLOCK-20260811-001,PASS
EVT-000000000502,SIM-0001,2026081205932000080,PULSE-EXP-0001-0026-06932,EXP-0001-0026,SNSPD-05,Y,+,35.388302,8.726923,SIGNAL,0x0000,CAL-20260811-001,CLOCK-20260811-001,PASS
EVT-000000000503,SIM-0001,2026081205934000024,PULSE-EXP-0001-0026-06934,EXP-0001-0026,SNSPD-01,Z,+,30.496645,8.732115,SIGNAL,0x0000,CAL-20260811-001,CLOCK-20260811-001,PASS
EVT-000000000504,SIM-0001,2026081205989000191,PULSE-EXP-0001-0026-06989,EXP-0001-0026,SNSPD-01,Z,+,34.916889,7.839936,SIGNAL,0x0000,CAL-20260811-001,CLOCK-20260811-001,PASS
EVT-000000000505,SIM-0001,2026081206099000023,PULSE-EXP-0001-0026-07099,EXP-0001-0026,SNSPD-01,Z,+,31.549427,7.564927,SIGNAL,0x0000,CAL-20260811-001,CLOCK-20260811-001,PASS
EVT-000000000506,SIM-0001,2026081206162000190,PULSE-EXP-0001-0026-07162,EXP-0001-0026,SNSPD-03,X,+,33.042766,8.339162,SIGNAL,0x0000,CAL-20260811-001,CLOCK-20260811-001,PASS
EVT-000000000507,SIM-0001,2026081206173000052,PULSE-EXP-0001-0026-07173,EXP-0001-0026,SNSPD-03,X,+,35.323623,7.218865,SIGNAL,0x0000,CAL-20260811-001,CLOCK-20260811-001,PASS
EVT-000000000508,SIM-0001,2026081206309000142,PULSE-EXP-0001-0026-07309,EXP-0001-0026,SNSPD-01,Z,+,32.308028,8.184015,SIGNAL,0x0000,CAL-20260811-001,CLOCK-20260811-001,PASS
EVT-000000000509,SIM-0001,2026081206319000067,PULSE-EXP-0001-0026-07319,EXP-0001-0026,SNSPD-01,Z,+,35.555652,8.166241,SIGNAL,0x0000,CAL-20260811-001,CLOCK-20260811-001,PASS
EVT-000000000510,SIM-0001,2026081206334000067,PULSE-EXP-0001-0026-07334,EXP-0001-0026,SNSPD-04,X,-,33.272978,6.857614,SIGNAL,0x0000,CAL-20260811-001,CLOCK-20260811-001,PASS
EVT-000000000511,SIM-0001,2026081206348000091,PULSE-EXP-0001-0026-07348,EXP-0001-0026,SNSPD-06,Y,-,32.512123,7.719212,SIGNAL,0x0000,CAL-20260811-001,CLOCK-20260811-001,PASS
EVT-000000000512,SIM-0001,2026081206380000171,PULSE-EXP-0001-0026-07380,EXP-0001-0026,SNSPD-01,Z,+,35.389239,7.559464,SIGNAL,0x0000,CAL-20260811-001,CLOCK-20260811-001,PASS
EVT-000000000513,SIM-0001,2026081206417000020,PULSE-EXP-0001-0026-07417,EXP-0001-0026,SNSPD-03,X,+,33.447968,8.594060,SIGNAL,0x0000,CAL-20260811-001,CLOCK-20260811-001,PASS
EVT-000000000514,SIM-0001,2026081206573000129,PULSE-EXP-0001-0026-07573,EXP-0001-0026,SNSPD-01,Z,+,34.209246,7.893343,SIGNAL,0x0000,CAL-20260811-001,CLOCK-20260811-001,PASS
EVT-000000000515,SIM-0001,2026081206698000140,PULSE-EXP-0001-0026-07698,EXP-0001-0026,SNSPD-06,Y,-,35.019141,7.948363,SIGNAL,0x0000,CAL-20260811-001,CLOCK-20260811-001,PASS
EVT-000000000516,SIM-0001,2026081206832000142,PULSE-EXP-0001-0026-07832,EXP-0001-0026,SNSPD-04,X,-,30.486962,7.240379,SIGNAL,0x0000,CAL-20260811-001,CLOCK-20260811-001,PASS
EVT-000000000517,SIM-0001,2026081206879000188,PULSE-EXP-0001-0026-07879,EXP-0001-0026,SNSPD-06,Y,-,32.437313,8.020520,SIGNAL,0x0000,CAL-20260811-001,CLOCK-20260811-001,PASS
EVT-000000000518,SIM-0001,2026081206974000120,PULSE-EXP-0001-0026-07974,EXP-0001-0026,SNSPD-01,Z,+,31.026209,7.900802,SIGNAL,0x0000,CAL-20260811-001,CLOCK-20260811-001,PASS
EVT-000000000519,SIM-0001,2026081207151000063,PULSE-EXP-0001-0026-08151,EXP-0001-0026,SNSPD-06,Y,-,33.200748,7.563472,SIGNAL,0x0000,CAL-20260811-001,CLOCK-20260811-001,PASS
EVT-000000000520,SIM-0001,2026081207328000141,PULSE-EXP-0001-0026-08328,EXP-0001-0026,SNSPD-03,X,+,33.044091,7.886523,SIGNAL,0x0000,CAL-20260811-001,CLOCK-20260811-001,PASS
EVT-000000000521,SIM-0001,2026081207329000009,PULSE-EXP-0001-0026-08329,EXP-0001-0026,SNSPD-06,Y,-,33.332136,8.220268,SIGNAL,0x0000,CAL-20260811-001,CLOCK-20260811-001,PASS
EVT-000000000522,SIM-0001,2026081207403000061,PULSE-EXP-0001-0026-08403,EXP-0001-0026,SNSPD-06,Y,-,30.217617,8.239502,SIGNAL,0x0000,CAL-20260811-001,CLOCK-20260811-001,PASS
EVT-000000000523,SIM-0001,2026081207432000059,PULSE-EXP-0001-0026-08432,EXP-0001-0026,SNSPD-01,Z,+,33.723953,7.755592,SIGNAL,0x0000,CAL-20260811-001,CLOCK-20260811-001,PASS
EVT-000000000524,SIM-0001,2026081207437000125,PULSE-EXP-0001-0026-08437,EXP-0001-0026,SNSPD-03,X,+,33.922875,6.687851,SIGNAL,0x0000,CAL-20260811-001,CLOCK-20260811-001,PASS
EVT-000000000525,SIM-0001,2026081207449000048,PULSE-EXP-0001-0026-08449,EXP-0001-0026,SNSPD-05,Y,+,33.748702,7.539623,SIGNAL,0x0000,CAL-20260811-001,CLOCK-20260811-001,PASS
EVT-000000000526,SIM-0001,2026081207508000083,PULSE-EXP-0001-0026-08508,EXP-0001-0026,SNSPD-03,X,+,33.282580,8.269809,SIGNAL,0x0000,CAL-20260811-001,CLOCK-20260811-001,PASS
EVT-000000000527,SIM-0001,2026081207588000141,PULSE-EXP-0001-0026-08588,EXP-0001-0026,SNSPD-05,Y,+,31.929316,7.751463,SIGNAL,0x0000,CAL-20260811-001,CLOCK-20260811-001,PASS
EVT-000000000528,SIM-0001,2026081207641000147,PULSE-EXP-0001-0026-08641,EXP-0001-0026,SNSPD-05,Y,+,31.346835,8.236014,SIGNAL,0x0000,CAL-20260811-001,CLOCK-20260811-001,PASS
EVT-000000000529,SIM-0001,2026081207646000007,PULSE-EXP-0001-0026-08646,EXP-0001-0026,SNSPD-02,Z,-,36.286875,8.037771,SIGNAL,0x0000,CAL-20260811-001,CLOCK-20260811-001,PASS
EVT-000000000530,SIM-0001,2026081207718000058,PULSE-EXP-0001-0026-08718,EXP-0001-0026,SNSPD-03,X,+,31.664631,8.200003,SIGNAL,0x0000,CAL-20260811-001,CLOCK-20260811-001,PASS
EVT-000000000531,SIM-0001,2026081207765000091,PULSE-EXP-0001-0026-08765,EXP-0001-0026,SNSPD-02,Z,-,32.920502,8.167456,SIGNAL,0x0000,CAL-20260811-001,CLOCK-20260811-001,PASS
EVT-000000000532,SIM-0001,2026081207768000184,PULSE-EXP-0001-0026-08768,EXP-0001-0026,SNSPD-02,Z,-,29.970263,8.311343,SIGNAL,0x0000,CAL-20260811-001,CLOCK-20260811-001,PASS
EVT-000000000533,SIM-0001,2026081207793000048,PULSE-EXP-0001-0026-08793,EXP-0001-0026,SNSPD-05,Y,+,31.030471,8.041124,SIGNAL,0x0000,CAL-20260811-001,CLOCK-20260811-001,PASS
EVT-000000000534,SIM-0001,2026081207850000036,PULSE-EXP-0001-0026-08850,EXP-0001-0026,SNSPD-06,Y,-,30.874358,7.803622,SIGNAL,0x0000,CAL-20260811-001,CLOCK-20260811-001,PASS
EVT-000000000535,SIM-0001,2026081207933000014,PULSE-EXP-0001-0026-08933,EXP-0001-0026,SNSPD-01,Z,+,31.229760,8.167633,SIGNAL,0x0000,CAL-20260811-001,CLOCK-20260811-001,PASS
EVT-000000000536,SIM-0001,2026081207944000112,PULSE-EXP-0001-0026-08944,EXP-0001-0026,SNSPD-05,Y,+,28.199944,8.527041,SIGNAL,0x0000,CAL-20260811-001,CLOCK-20260811-001,PASS
EVT-000000000537,SIM-0001,2026081207982000116,PULSE-EXP-0001-0026-08982,EXP-0001-0026,SNSPD-01,Z,+,28.839717,8.793976,SIGNAL,0x0000,CAL-20260811-001,CLOCK-20260811-001,PASS
EVT-000000000538,SIM-0001,2026081207992000164,PULSE-EXP-0001-0026-08992,EXP-0001-0026,SNSPD-06,Y,-,33.539540,7.502745,SIGNAL,0x0000,CAL-20260811-001,CLOCK-20260811-001,PASS
EVT-000000000539,SIM-0001,2026081208146000040,PULSE-EXP-0001-0026-09146,EXP-0001-0026,SNSPD-01,Z,+,30.914719,9.232981,SIGNAL,0x0000,CAL-20260811-001,CLOCK-20260811-001,PASS
EVT-000000000540,SIM-0001,2026081208214000035,PULSE-EXP-0001-0026-09214,EXP-0001-0026,SNSPD-04,X,-,31.581323,7.287125,SIGNAL,0x0000,CAL-20260811-001,CLOCK-20260811-001,PASS
EVT-000000000541,SIM-0001,2026081208238000172,PULSE-EXP-0001-0026-09238,EXP-0001-0026,SNSPD-03,X,+,30.933890,9.100410,SIGNAL,0x0000,CAL-20260811-001,CLOCK-20260811-001,PASS
EVT-000000000542,SIM-0001,2026081208382000156,PULSE-EXP-0001-0026-09382,EXP-0001-0026,SNSPD-02,Z,-,27.818055,7.861119,SIGNAL,0x0000,CAL-20260811-001,CLOCK-20260811-001,PASS
EVT-000000000543,SIM-0001,2026081208464000074,PULSE-EXP-0001-0026-09464,EXP-0001-0026,SNSPD-02,Z,-,32.961817,8.777002,SIGNAL,0x0000,CAL-20260811-001,CLOCK-20260811-001,PASS
EVT-000000000544,SIM-0001,2026081208474000035,PULSE-EXP-0001-0026-09474,EXP-0001-0026,SNSPD-03,X,+,32.884037,8.851475,SIGNAL,0x0000,CAL-20260811-001,CLOCK-20260811-001,PASS
EVT-000000000545,SIM-0001,2026081208538000009,PULSE-EXP-0001-0026-09538,EXP-0001-0026,SNSPD-03,X,+,31.728719,8.667512,SIGNAL,0x0000,CAL-20260811-001,CLOCK-20260811-001,PASS
EVT-000000000546,SIM-0001,2026081208552000059,PULSE-EXP-0001-0026-09552,EXP-0001-0026,SNSPD-02,Z,-,34.590820,8.104108,SIGNAL,0x0000,CAL-20260811-001,CLOCK-20260811-001,PASS
EVT-000000000547,SIM-0001,2026081208628000119,PULSE-EXP-0001-0026-09628,EXP-0001-0026,SNSPD-04,X,-,34.606718,8.199995,SIGNAL,0x0000,CAL-20260811-001,CLOCK-20260811-001,PASS
EVT-000000000548,SIM-0001,2026081208635000090,PULSE-EXP-0001-0026-09635,EXP-0001-0026,SNSPD-01,Z,+,29.083318,8.460745,SIGNAL,0x0000,CAL-20260811-001,CLOCK-20260811-001,PASS
EVT-000000000549,SIM-0001,2026081208673000183,PULSE-EXP-0001-0026-09673,EXP-0001-0026,SNSPD-06,Y,-,28.369964,8.754894,SIGNAL,0x0000,CAL-20260811-001,CLOCK-20260811-001,PASS
EVT-000000000550,SIM-0001,2026081208795000130,PULSE-EXP-0001-0026-09795,EXP-0001-0026,SNSPD-01,Z,+,32.201388,8.086540,SIGNAL,0x0000,CAL-20260811-001,CLOCK-20260811-001,PASS
EVT-000000000551,SIM-0001,2026081208982000185,PULSE-EXP-0001-0026-09982,EXP-0001-0026,SNSPD-01,Z,+,33.195465,8.734608,SIGNAL,0x0000,CAL-20260811-001,CLOCK-20260811-001,PASS
EVT-000000000552,SIM-0001,2026081210273000153,PULSE-EXP-0001-0020-00273,EXP-0001-0020,SNSPD-04,X,-,34.078164,7.844718,SIGNAL,0x0000,CAL-20260811-001,CLOCK-20260811-001,PASS
EVT-000000000553,SIM-0001,2026081210614000122,PULSE-EXP-0001-0020-00614,EXP-0001-0020,SNSPD-02,Z,-,27.577659,8.703232,SIGNAL,0x0000,CAL-20260811-001,CLOCK-20260811-001,PASS
EVT-000000000554,SIM-0001,2026081210684000065,PULSE-EXP-0001-0020-00684,EXP-0001-0020,SNSPD-02,Z,-,33.707495,8.269672,SIGNAL,0x0000,CAL-20260811-001,CLOCK-20260811-001,PASS
EVT-000000000555,SIM-0001,2026081210868000004,PULSE-EXP-0001-0020-00868,EXP-0001-0020,SNSPD-01,Z,+,29.301598,7.651143,SIGNAL,0x0000,CAL-20260811-001,CLOCK-20260811-001,PASS
EVT-000000000556,SIM-0001,2026081211333000042,PULSE-EXP-0001-0020-01333,EXP-0001-0020,SNSPD-05,Y,+,35.309109,7.863010,SIGNAL,0x0000,CAL-20260811-001,CLOCK-20260811-001,PASS
EVT-000000000557,SIM-0001,2026081211790000033,PULSE-EXP-0001-0020-01790,EXP-0001-0020,SNSPD-04,X,-,30.728912,7.550018,SIGNAL,0x0000,CAL-20260811-001,CLOCK-20260811-001,PASS
EVT-000000000558,SIM-0001,2026081211855000171,PULSE-EXP-0001-0020-01855,EXP-0001-0020,SNSPD-03,X,+,30.650123,7.883979,SIGNAL,0x0000,CAL-20260811-001,CLOCK-20260811-001,PASS
EVT-000000000559,SIM-0001,2026081211860000157,PULSE-EXP-0001-0020-01860,EXP-0001-0020,SNSPD-04,X,-,33.168716,9.602888,SIGNAL,0x0000,CAL-20260811-001,CLOCK-20260811-001,PASS
EVT-000000000560,SIM-0001,2026081211942000084,PULSE-EXP-0001-0020-01942,EXP-0001-0020,SNSPD-05,Y,+,33.321894,8.719612,SIGNAL,0x0000,CAL-20260811-001,CLOCK-20260811-001,PASS
EVT-000000000561,SIM-0001,2026081212012000076,PULSE-EXP-0001-0020-02012,EXP-0001-0020,SNSPD-03,X,+,31.347740,8.008404,SIGNAL,0x0000,CAL-20260811-001,CLOCK-20260811-001,PASS
EVT-000000000562,SIM-0001,2026081212342000009,PULSE-EXP-0001-0020-02342,EXP-0001-0020,SNSPD-06,Y,-,34.182396,7.256544,SIGNAL,0x0000,CAL-20260811-001,CLOCK-20260811-001,PASS
EVT-000000000563,SIM-0001,2026081212371000007,PULSE-EXP-0001-0020-02371,EXP-0001-0020,SNSPD-01,Z,+,31.354340,7.546458,SIGNAL,0x0000,CAL-20260811-001,CLOCK-20260811-001,PASS
EVT-000000000564,SIM-0001,2026081212426000052,PULSE-EXP-0001-0020-02426,EXP-0001-0020,SNSPD-01,Z,+,32.607995,9.068900,SIGNAL,0x0000,CAL-20260811-001,CLOCK-20260811-001,PASS
EVT-000000000565,SIM-0001,2026081212472000143,PULSE-EXP-0001-0020-02472,EXP-0001-0020,SNSPD-05,Y,+,33.939639,7.808378,SIGNAL,0x0000,CAL-20260811-001,CLOCK-20260811-001,PASS
EVT-000000000566,SIM-0001,2026081212567000063,PULSE-EXP-0001-0020-02567,EXP-0001-0020,SNSPD-03,X,+,32.855446,8.296534,SIGNAL,0x0000,CAL-20260811-001,CLOCK-20260811-001,PASS
EVT-000000000567,SIM-0001,2026081212586000132,PULSE-EXP-0001-0020-02586,EXP-0001-0020,SNSPD-02,Z,-,29.037779,8.094304,SIGNAL,0x0000,CAL-20260811-001,CLOCK-20260811-001,PASS
EVT-000000000568,SIM-0001,2026081212605000181,PULSE-EXP-0001-0020-02605,EXP-0001-0020,SNSPD-04,X,-,31.113636,7.277758,SIGNAL,0x0000,CAL-20260811-001,CLOCK-20260811-001,PASS
EVT-000000000569,SIM-0001,2026081212698000042,PULSE-EXP-0001-0020-02698,EXP-0001-0020,SNSPD-05,Y,+,32.949379,8.843289,SIGNAL,0x0000,CAL-20260811-001,CLOCK-20260811-001,PASS
EVT-000000000570,SIM-0001,2026081212796000049,PULSE-EXP-0001-0020-02796,EXP-0001-0020,SNSPD-06,Y,-,31.475229,8.584558,SIGNAL,0x0000,CAL-20260811-001,CLOCK-20260811-001,PASS
EVT-000000000571,SIM-0001,2026081212799000005,PULSE-EXP-0001-0020-02799,EXP-0001-0020,SNSPD-06,Y,-,31.001290,9.058986,SIGNAL,0x0000,CAL-20260811-001,CLOCK-20260811-001,PASS
EVT-000000000572,SIM-0001,2026081212806000020,PULSE-EXP-0001-0020-02806,EXP-0001-0020,SNSPD-01,Z,+,30.425785,8.252697,SIGNAL,0x0000,CAL-20260811-001,CLOCK-20260811-001,PASS
EVT-000000000573,SIM-0001,2026081213231000068,PULSE-EXP-0001-0020-03231,EXP-0001-0020,SNSPD-02,Z,-,32.403192,8.224298,SIGNAL,0x0000,CAL-20260811-001,CLOCK-20260811-001,PASS
EVT-000000000574,SIM-0001,2026081213262000176,PULSE-EXP-0001-0020-03262,EXP-0001-0020,SNSPD-04,X,-,30.647174,7.492000,SIGNAL,0x0000,CAL-20260811-001,CLOCK-20260811-001,PASS
EVT-000000000575,SIM-0001,2026081213263000122,PULSE-EXP-0001-0020-03263,EXP-0001-0020,SNSPD-01,Z,+,32.615932,7.724863,SIGNAL,0x0000,CAL-20260811-001,CLOCK-20260811-001,PASS
EVT-000000000576,SIM-0001,2026081213379000045,PULSE-EXP-0001-0020-03379,EXP-0001-0020,SNSPD-05,Y,+,30.437695,7.996841,SIGNAL,0x0000,CAL-20260811-001,CLOCK-20260811-001,PASS
EVT-000000000577,SIM-0001,2026081213515000036,PULSE-EXP-0001-0020-03515,EXP-0001-0020,SNSPD-03,X,+,32.305345,8.386004,SIGNAL,0x0000,CAL-20260811-001,CLOCK-20260811-001,PASS
EVT-000000000578,SIM-0001,2026081213550000186,PULSE-EXP-0001-0020-03550,EXP-0001-0020,SNSPD-04,X,-,33.237689,8.360555,SIGNAL,0x0000,CAL-20260811-001,CLOCK-20260811-001,PASS
EVT-000000000579,SIM-0001,2026081213635000029,PULSE-EXP-0001-0020-03635,EXP-0001-0020,SNSPD-02,Z,-,33.502846,8.349113,SIGNAL,0x0000,CAL-20260811-001,CLOCK-20260811-001,PASS
EVT-000000000580,SIM-0001,2026081213751000079,PULSE-EXP-0001-0020-03751,EXP-0001-0020,SNSPD-01,Z,+,32.206769,8.271826,SIGNAL,0x0000,CAL-20260811-001,CLOCK-20260811-001,PASS
EVT-000000000581,SIM-0001,2026081213874000045,PULSE-EXP-0001-0020-03874,EXP-0001-0020,SNSPD-03,X,+,32.273909,8.340706,SIGNAL,0x0000,CAL-20260811-001,CLOCK-20260811-001,PASS
EVT-000000000582,SIM-0001,2026081213972000136,PULSE-EXP-0001-0020-03972,EXP-0001-0020,SNSPD-06,Y,-,31.771175,7.683606,SIGNAL,0x0000,CAL-20260811-001,CLOCK-20260811-001,PASS
EVT-000000000583,SIM-0001,2026081214280000145,PULSE-EXP-0001-0020-04280,EXP-0001-0020,SNSPD-03,X,+,31.439721,8.527996,SIGNAL,0x0000,CAL-20260811-001,CLOCK-20260811-001,PASS
EVT-000000000584,SIM-0001,2026081214314000146,PULSE-EXP-0001-0020-04314,EXP-0001-0020,SNSPD-04,X,-,33.330215,6.977168,SIGNAL,0x0000,CAL-20260811-001,CLOCK-20260811-001,PASS
EVT-000000000585,SIM-0001,2026081214559000191,PULSE-EXP-0001-0020-04559,EXP-0001-0020,SNSPD-02,Z,-,32.757117,8.018404,SIGNAL,0x0000,CAL-20260811-001,CLOCK-20260811-001,PASS
EVT-000000000586,SIM-0001,2026081214670000097,PULSE-EXP-0001-0020-04670,EXP-0001-0020,SNSPD-03,X,+,30.106799,8.665216,SIGNAL,0x0000,CAL-20260811-001,CLOCK-20260811-001,PASS
EVT-000000000587,SIM-0001,2026081214769000068,PULSE-EXP-0001-0020-04769,EXP-0001-0020,SNSPD-01,Z,+,35.049510,7.013171,SIGNAL,0x0000,CAL-20260811-001,CLOCK-20260811-001,PASS
EVT-000000000588,SIM-0001,2026081214821000179,PULSE-EXP-0001-0020-04821,EXP-0001-0020,SNSPD-01,Z,+,32.083921,7.979095,SIGNAL,0x0000,CAL-20260811-001,CLOCK-20260811-001,PASS
EVT-000000000589,SIM-0001,2026081214824000028,PULSE-EXP-0001-0020-04824,EXP-0001-0020,SNSPD-05,Y,+,33.525122,7.751410,SIGNAL,0x0000,CAL-20260811-001,CLOCK-20260811-001,PASS
EVT-000000000590,SIM-0001,2026081214942000158,PULSE-EXP-0001-0020-04942,EXP-0001-0020,SNSPD-05,Y,+,31.497277,8.910330,SIGNAL,0x0000,CAL-20260811-001,CLOCK-20260811-001,PASS
EVT-000000000591,SIM-0001,2026081215197000121,PULSE-EXP-0001-0020-05197,EXP-0001-0020,SNSPD-01,Z,+,29.545055,8.637492,SIGNAL,0x0000,CAL-20260811-001,CLOCK-20260811-001,PASS
EVT-000000000592,SIM-0001,2026081215226000108,PULSE-EXP-0001-0020-05226,EXP-0001-0020,SNSPD-03,X,+,35.660616,7.836568,SIGNAL,0x0000,CAL-20260811-001,CLOCK-20260811-001,PASS
EVT-000000000593,SIM-0001,2026081215353000046,PULSE-EXP-0001-0020-05353,EXP-0001-0020,SNSPD-01,Z,+,32.674764,8.025404,SIGNAL,0x0000,CAL-20260811-001,CLOCK-20260811-001,PASS
EVT-000000000594,SIM-0001,2026081215477000098,PULSE-EXP-0001-0020-05477,EXP-0001-0020,SNSPD-03,X,+,32.903852,9.525045,SIGNAL,0x0000,CAL-20260811-001,CLOCK-20260811-001,PASS
EVT-000000000595,SIM-0001,2026081215649000012,PULSE-EXP-0001-0020-05649,EXP-0001-0020,SNSPD-06,Y,-,34.543293,7.830787,SIGNAL,0x0000,CAL-20260811-001,CLOCK-20260811-001,PASS
EVT-000000000596,SIM-0001,2026081215810000083,PULSE-EXP-0001-0020-05810,EXP-0001-0020,SNSPD-05,Y,+,29.358258,7.913368,SIGNAL,0x0000,CAL-20260811-001,CLOCK-20260811-001,PASS
EVT-000000000597,SIM-0001,2026081215990000110,PULSE-EXP-0001-0020-05990,EXP-0001-0020,SNSPD-03,X,+,33.809788,9.418907,SIGNAL,0x0000,CAL-20260811-001,CLOCK-20260811-001,PASS
EVT-000000000598,SIM-0001,2026081216181000177,PULSE-EXP-0001-0020-06181,EXP-0001-0020,SNSPD-01,Z,+,32.339815,9.019237,SIGNAL,0x0000,CAL-20260811-001,CLOCK-20260811-001,PASS
EVT-000000000599,SIM-0001,2026081216289000034,PULSE-EXP-0001-0020-06289,EXP-0001-0020,SNSPD-02,Z,-,31.395947,7.852115,SIGNAL,0x0000,CAL-20260811-001,CLOCK-20260811-001,PASS
EVT-000000000600,SIM-0001,2026081216303000178,PULSE-EXP-0001-0020-06303,EXP-0001-0020,SNSPD-03,X,+,29.285384,8.889845,SIGNAL,0x0000,CAL-20260811-001,CLOCK-20260811-001,PASS
EVT-000000000601,SIM-0001,2026081216355000172,PULSE-EXP-0001-0020-06355,EXP-0001-0020,SNSPD-03,X,+,31.070550,7.007861,SIGNAL,0x0000,CAL-20260811-001,CLOCK-20260811-001,PASS
EVT-000000000602,SIM-0001,2026081216371000082,PULSE-EXP-0001-0020-06371,EXP-0001-0020,SNSPD-06,Y,-,33.154499,7.231578,SIGNAL,0x0000,CAL-20260811-001,CLOCK-20260811-001,PASS
EVT-000000000603,SIM-0001,2026081216376000166,PULSE-EXP-0001-0020-06376,EXP-0001-0020,SNSPD-05,Y,+,31.014805,7.378077,SIGNAL,0x0000,CAL-20260811-001,CLOCK-20260811-001,PASS
EVT-000000000604,SIM-0001,2026081216386000081,PULSE-EXP-0001-0020-06386,EXP-0001-0020,SNSPD-05,Y,+,32.020734,7.576208,SIGNAL,0x0000,CAL-20260811-001,CLOCK-20260811-001,PASS
EVT-000000000605,SIM-0001,2026081216408000126,PULSE-EXP-0001-0020-06408,EXP-0001-0020,SNSPD-04,X,-,31.925822,8.336594,SIGNAL,0x0000,CAL-20260811-001,CLOCK-20260811-001,PASS
EVT-000000000606,SIM-0001,2026081216519000066,PULSE-EXP-0001-0020-06519,EXP-0001-0020,SNSPD-03,X,+,32.068462,9.233795,SIGNAL,0x0000,CAL-20260811-001,CLOCK-20260811-001,PASS
EVT-000000000607,SIM-0001,2026081216630000049,PULSE-EXP-0001-0020-06630,EXP-0001-0020,SNSPD-04,X,-,32.980438,7.690793,SIGNAL,0x0000,CAL-20260811-001,CLOCK-20260811-001,PASS
EVT-000000000608,SIM-0001,2026081216831000139,PULSE-EXP-0001-0020-06831,EXP-0001-0020,SNSPD-04,X,-,31.096749,8.937850,SIGNAL,0x0000,CAL-20260811-001,CLOCK-20260811-001,PASS
EVT-000000000609,SIM-0001,2026081216857000091,PULSE-EXP-0001-0020-06857,EXP-0001-0020,SNSPD-01,Z,+,30.703400,9.072717,SIGNAL,0x0000,CAL-20260811-001,CLOCK-20260811-001,PASS
EVT-000000000610,SIM-0001,2026081217284000116,PULSE-EXP-0001-0020-07284,EXP-0001-0020,SNSPD-06,Y,-,33.468192,8.641165,SIGNAL,0x0000,CAL-20260811-001,CLOCK-20260811-001,PASS
EVT-000000000611,SIM-0001,2026081217320000101,PULSE-EXP-0001-0020-07320,EXP-0001-0020,SNSPD-02,Z,-,32.220563,8.213330,SIGNAL,0x0000,CAL-20260811-001,CLOCK-20260811-001,PASS
EVT-000000000612,SIM-0001,2026081217399000152,PULSE-EXP-0001-0020-07399,EXP-0001-0020,SNSPD-03,X,+,32.965628,8.305560,SIGNAL,0x0000,CAL-20260811-001,CLOCK-20260811-001,PASS
EVT-000000000613,SIM-0001,2026081217468000190,PULSE-EXP-0001-0020-07468,EXP-0001-0020,SNSPD-03,X,+,35.184811,8.207165,SIGNAL,0x0000,CAL-20260811-001,CLOCK-20260811-001,PASS
EVT-000000000614,SIM-0001,2026081217584000033,PULSE-EXP-0001-0020-07584,EXP-0001-0020,SNSPD-04,X,-,33.629976,8.128342,SIGNAL,0x0000,CAL-20260811-001,CLOCK-20260811-001,PASS
EVT-000000000615,SIM-0001,2026081217693000055,PULSE-EXP-0001-0020-07693,EXP-0001-0020,SNSPD-01,Z,+,33.212123,6.773783,SIGNAL,0x0000,CAL-20260811-001,CLOCK-20260811-001,PASS
EVT-000000000616,SIM-0001,2026081217716000172,PULSE-EXP-0001-0020-07716,EXP-0001-0020,SNSPD-06,Y,-,36.135951,7.297971,SIGNAL,0x0000,CAL-20260811-001,CLOCK-20260811-001,PASS
EVT-000000000617,SIM-0001,2026081217880000151,PULSE-EXP-0001-0020-07880,EXP-0001-0020,SNSPD-03,X,+,34.457664,7.849056,SIGNAL,0x0000,CAL-20260811-001,CLOCK-20260811-001,PASS
EVT-000000000618,SIM-0001,2026081217985000044,PULSE-EXP-0001-0020-07985,EXP-0001-0020,SNSPD-02,Z,-,28.152920,7.130948,SIGNAL,0x0000,CAL-20260811-001,CLOCK-20260811-001,PASS
EVT-000000000619,SIM-0001,2026081218574000114,PULSE-EXP-0001-0020-08574,EXP-0001-0020,SNSPD-06,Y,-,29.630042,8.149436,SIGNAL,0x0000,CAL-20260811-001,CLOCK-20260811-001,PASS
EVT-000000000620,SIM-0001,2026081218648000027,PULSE-EXP-0001-0020-08648,EXP-0001-0020,SNSPD-06,Y,-,34.368704,8.106510,SIGNAL,0x0000,CAL-20260811-001,CLOCK-20260811-001,PASS
EVT-000000000621,SIM-0001,2026081219080000142,PULSE-EXP-0001-0020-09080,EXP-0001-0020,SNSPD-02,Z,-,28.097170,7.984825,SIGNAL,0x0000,CAL-20260811-001,CLOCK-20260811-001,PASS
EVT-000000000622,SIM-0001,2026081219124000159,PULSE-EXP-0001-0020-09124,EXP-0001-0020,SNSPD-03,X,+,30.431713,7.069014,SIGNAL,0x0000,CAL-20260811-001,CLOCK-20260811-001,PASS
EVT-000000000623,SIM-0001,2026081219199000078,PULSE-EXP-0001-0020-09199,EXP-0001-0020,SNSPD-04,X,-,28.715589,7.722389,SIGNAL,0x0000,CAL-20260811-001,CLOCK-20260811-001,PASS
EVT-000000000624,SIM-0001,2026081219464000155,PULSE-EXP-0001-0020-09464,EXP-0001-0020,SNSPD-03,X,+,29.977426,8.463457,SIGNAL,0x0000,CAL-20260811-001,CLOCK-20260811-001,PASS
EVT-000000000625,SIM-0001,2026081219611000145,PULSE-EXP-0001-0020-09611,EXP-0001-0020,SNSPD-04,X,-,30.761917,6.199809,SIGNAL,0x0000,CAL-20260811-001,CLOCK-20260811-001,PASS
EVT-000000000626,SIM-0001,2026081219614000068,PULSE-EXP-0001-0020-09614,EXP-0001-0020,SNSPD-06,Y,-,28.460306,8.577225,SIGNAL,0x0000,CAL-20260811-001,CLOCK-20260811-001,PASS
EVT-000000000627,SIM-0001,2026081219710000139,PULSE-EXP-0001-0020-09710,EXP-0001-0020,SNSPD-03,X,+,35.012442,8.757467,SIGNAL,0x0000,CAL-20260811-001,CLOCK-20260811-001,PASS
EVT-000000000628,SIM-0001,2026081219809000062,PULSE-EXP-0001-0020-09809,EXP-0001-0020,SNSPD-06,Y,-,31.078724,7.264586,SIGNAL,0x0000,CAL-20260811-001,CLOCK-20260811-001,PASS
EVT-000000000629,SIM-0001,2026081219977000023,PULSE-EXP-0001-0020-09977,EXP-0001-0020,SNSPD-06,Y,-,32.086581,8.125490,SIGNAL,0x0000,CAL-20260811-001,CLOCK-20260811-001,PASS
EVT-000000000630,SIM-0001,2026081221571000038,PULSE-EXP-0001-0006-00571,EXP-0001-0006,SNSPD-01,Z,+,32.901134,8.535168,SIGNAL,0x0000,CAL-20260811-001,CLOCK-20260811-001,PASS
EVT-000000000631,SIM-0001,2026081221762000090,PULSE-EXP-0001-0006-00762,EXP-0001-0006,SNSPD-01,Z,+,29.048593,7.357085,SIGNAL,0x0000,CAL-20260811-001,CLOCK-20260811-001,PASS
EVT-000000000632,SIM-0001,2026081223514000058,PULSE-EXP-0001-0006-02514,EXP-0001-0006,SNSPD-06,Y,-,31.996049,8.071339,SIGNAL,0x0000,CAL-20260811-001,CLOCK-20260811-001,PASS
EVT-000000000633,SIM-0001,2026081224388000108,PULSE-EXP-0001-0006-03388,EXP-0001-0006,SNSPD-05,Y,+,36.129977,8.451003,SIGNAL,0x0000,CAL-20260811-001,CLOCK-20260811-001,PASS
EVT-000000000634,SIM-0001,2026081225951000120,PULSE-EXP-0001-0006-04951,EXP-0001-0006,SNSPD-05,Y,+,32.030060,7.168720,SIGNAL,0x0000,CAL-20260811-001,CLOCK-20260811-001,PASS
EVT-000000000635,SIM-0001,2026081226579000197,PULSE-EXP-0001-0006-05579,EXP-0001-0006,SNSPD-03,X,+,29.102507,7.048435,SIGNAL,0x0000,CAL-20260811-001,CLOCK-20260811-001,PASS
EVT-000000000636,SIM-0001,2026081227026000086,PULSE-EXP-0001-0006-06026,EXP-0001-0006,SNSPD-01,Z,+,32.615507,9.100032,SIGNAL,0x0000,CAL-20260811-001,CLOCK-20260811-001,PASS
EVT-000000000637,SIM-0001,2026081227180000157,PULSE-EXP-0001-0006-06180,EXP-0001-0006,SNSPD-02,Z,-,34.377039,8.170080,SIGNAL,0x0000,CAL-20260811-001,CLOCK-20260811-001,PASS
EVT-000000000638,SIM-0001,2026081227700000023,PULSE-EXP-0001-0006-06700,EXP-0001-0006,SNSPD-03,X,+,30.568748,7.928706,SIGNAL,0x0000,CAL-20260811-001,CLOCK-20260811-001,PASS
EVT-000000000639,SIM-0001,2026081228849000163,PULSE-EXP-0001-0006-07849,EXP-0001-0006,SNSPD-02,Z,-,31.074320,7.910074,SIGNAL,0x0000,CAL-20260811-001,CLOCK-20260811-001,PASS
EVT-000000000640,SIM-0001,2026081229090000101,PULSE-EXP-0001-0006-08090,EXP-0001-0006,SNSPD-01,Z,+,31.495824,7.760435,SIGNAL,0x0000,CAL-20260811-001,CLOCK-20260811-001,PASS
EVT-000000000641,SIM-0001,2026081229301000186,PULSE-EXP-0001-0006-08301,EXP-0001-0006,SNSPD-01,Z,+,32.391223,7.680084,SIGNAL,0x0000,CAL-20260811-001,CLOCK-20260811-001,PASS
EVT-000000000642,SIM-0001,2026081230842000047,PULSE-EXP-0001-0006-09842,EXP-0001-0006,SNSPD-06,Y,-,30.861575,7.628399,SIGNAL,0x0000,CAL-20260811-001,CLOCK-20260811-001,PASS
EVT-000000000643,SIM-0001,2026081232066000099,PULSE-EXP-0001-0023-00066,EXP-0001-0023,SNSPD-01,Z,+,30.350034,6.994287,SIGNAL,0x0000,CAL-20260811-001,CLOCK-20260811-001,PASS
EVT-000000000644,SIM-0001,2026081232093000018,PULSE-EXP-0001-0023-00093,EXP-0001-0023,SNSPD-05,Y,+,30.017197,7.961769,SIGNAL,0x0000,CAL-20260811-001,CLOCK-20260811-001,PASS
EVT-000000000645,SIM-0001,2026081232129000153,PULSE-EXP-0001-0023-00129,EXP-0001-0023,SNSPD-06,Y,-,28.894806,7.666672,SIGNAL,0x0000,CAL-20260811-001,CLOCK-20260811-001,PASS
EVT-000000000646,SIM-0001,2026081232225000160,PULSE-EXP-0001-0023-00225,EXP-0001-0023,SNSPD-03,X,+,32.302742,8.880055,SIGNAL,0x0000,CAL-20260811-001,CLOCK-20260811-001,PASS
EVT-000000000647,SIM-0001,2026081232488000111,PULSE-EXP-0001-0023-00488,EXP-0001-0023,SNSPD-02,Z,-,33.923728,7.126699,SIGNAL,0x0000,CAL-20260811-001,CLOCK-20260811-001,PASS
EVT-000000000648,SIM-0001,2026081232959000181,PULSE-EXP-0001-0023-00959,EXP-0001-0023,SNSPD-05,Y,+,33.053744,8.339595,SIGNAL,0x0000,CAL-20260811-001,CLOCK-20260811-001,PASS
EVT-000000000649,SIM-0001,2026081233102000180,PULSE-EXP-0001-0023-01102,EXP-0001-0023,SNSPD-03,X,+,31.690404,6.500287,SIGNAL,0x0000,CAL-20260811-001,CLOCK-20260811-001,PASS
EVT-000000000650,SIM-0001,2026081233171000146,PULSE-EXP-0001-0023-01171,EXP-0001-0023,SNSPD-05,Y,+,31.783290,7.724399,SIGNAL,0x0000,CAL-20260811-001,CLOCK-20260811-001,PASS
EVT-000000000651,SIM-0001,2026081233383000061,PULSE-EXP-0001-0023-01383,EXP-0001-0023,SNSPD-06,Y,-,34.175453,8.089703,SIGNAL,0x0000,CAL-20260811-001,CLOCK-20260811-001,PASS
EVT-000000000652,SIM-0001,2026081233445000078,PULSE-EXP-0001-0023-01445,EXP-0001-0023,SNSPD-04,X,-,36.791684,7.663697,SIGNAL,0x0000,CAL-20260811-001,CLOCK-20260811-001,PASS
EVT-000000000653,SIM-0001,2026081233538000101,PULSE-EXP-0001-0023-01538,EXP-0001-0023,SNSPD-03,X,+,31.676117,8.195355,SIGNAL,0x0000,CAL-20260811-001,CLOCK-20260811-001,PASS
EVT-000000000654,SIM-0001,2026081233617000145,PULSE-EXP-0001-0023-01617,EXP-0001-0023,SNSPD-05,Y,+,31.933581,8.072094,SIGNAL,0x0000,CAL-20260811-001,CLOCK-20260811-001,PASS
EVT-000000000655,SIM-0001,2026081233787000070,PULSE-EXP-0001-0023-01787,EXP-0001-0023,SNSPD-02,Z,-,35.205600,8.175218,SIGNAL,0x0000,CAL-20260811-001,CLOCK-20260811-001,PASS
EVT-000000000656,SIM-0001,2026081234032000058,PULSE-EXP-0001-0023-02032,EXP-0001-0023,SNSPD-03,X,+,35.325391,6.704608,SIGNAL,0x0000,CAL-20260811-001,CLOCK-20260811-001,PASS
EVT-000000000657,SIM-0001,2026081234283000057,PULSE-EXP-0001-0023-02283,EXP-0001-0023,SNSPD-04,X,-,33.245031,7.351909,SIGNAL,0x0000,CAL-20260811-001,CLOCK-20260811-001,PASS
EVT-000000000658,SIM-0001,2026081234307000124,PULSE-EXP-0001-0023-02307,EXP-0001-0023,SNSPD-05,Y,+,29.721091,8.711898,SIGNAL,0x0000,CAL-20260811-001,CLOCK-20260811-001,PASS
EVT-000000000659,SIM-0001,2026081234352000127,PULSE-EXP-0001-0023-02352,EXP-0001-0023,SNSPD-01,Z,+,28.919941,7.340120,SIGNAL,0x0000,CAL-20260811-001,CLOCK-20260811-001,PASS
EVT-000000000660,SIM-0001,2026081234421000131,PULSE-EXP-0001-0023-02421,EXP-0001-0023,SNSPD-05,Y,+,32.084453,7.913815,SIGNAL,0x0000,CAL-20260811-001,CLOCK-20260811-001,PASS
EVT-000000000661,SIM-0001,2026081234424000071,PULSE-EXP-0001-0023-02424,EXP-0001-0023,SNSPD-04,X,-,29.948618,8.833415,SIGNAL,0x0000,CAL-20260811-001,CLOCK-20260811-001,PASS
EVT-000000000662,SIM-0001,2026081234442000063,PULSE-EXP-0001-0023-02442,EXP-0001-0023,SNSPD-05,Y,+,29.676917,8.063044,SIGNAL,0x0000,CAL-20260811-001,CLOCK-20260811-001,PASS
EVT-000000000663,SIM-0001,2026081234629000083,PULSE-EXP-0001-0023-02629,EXP-0001-0023,SNSPD-04,X,-,28.948648,7.065414,SIGNAL,0x0000,CAL-20260811-001,CLOCK-20260811-001,PASS
EVT-000000000664,SIM-0001,2026081234784000067,PULSE-EXP-0001-0023-02784,EXP-0001-0023,SNSPD-03,X,+,34.087554,7.388815,SIGNAL,0x0000,CAL-20260811-001,CLOCK-20260811-001,PASS
EVT-000000000665,SIM-0001,2026081234845000168,PULSE-EXP-0001-0023-02845,EXP-0001-0023,SNSPD-01,Z,+,29.253438,8.408335,SIGNAL,0x0000,CAL-20260811-001,CLOCK-20260811-001,PASS
EVT-000000000666,SIM-0001,2026081234913000137,PULSE-EXP-0001-0023-02913,EXP-0001-0023,SNSPD-03,X,+,29.895993,7.304070,SIGNAL,0x0000,CAL-20260811-001,CLOCK-20260811-001,PASS
EVT-000000000667,SIM-0001,2026081234965000148,PULSE-EXP-0001-0023-02965,EXP-0001-0023,SNSPD-03,X,+,32.026448,9.226973,SIGNAL,0x0000,CAL-20260811-001,CLOCK-20260811-001,PASS
EVT-000000000668,SIM-0001,2026081235007000139,PULSE-EXP-0001-0023-03007,EXP-0001-0023,SNSPD-05,Y,+,28.547643,8.127455,SIGNAL,0x0000,CAL-20260811-001,CLOCK-20260811-001,PASS
EVT-000000000669,SIM-0001,2026081235040000133,PULSE-EXP-0001-0023-03040,EXP-0001-0023,SNSPD-03,X,+,32.186735,7.395126,SIGNAL,0x0000,CAL-20260811-001,CLOCK-20260811-001,PASS
EVT-000000000670,SIM-0001,2026081235243000008,PULSE-EXP-0001-0023-03243,EXP-0001-0023,SNSPD-03,X,+,27.673705,7.962406,SIGNAL,0x0000,CAL-20260811-001,CLOCK-20260811-001,PASS
EVT-000000000671,SIM-0001,2026081235425000065,PULSE-EXP-0001-0023-03425,EXP-0001-0023,SNSPD-05,Y,+,33.265896,8.315497,SIGNAL,0x0000,CAL-20260811-001,CLOCK-20260811-001,PASS
EVT-000000000672,SIM-0001,2026081235455000159,PULSE-EXP-0001-0023-03455,EXP-0001-0023,SNSPD-05,Y,+,29.931965,7.850050,SIGNAL,0x0000,CAL-20260811-001,CLOCK-20260811-001,PASS
EVT-000000000673,SIM-0001,2026081235481000194,PULSE-EXP-0001-0023-03481,EXP-0001-0023,SNSPD-01,Z,+,33.354302,7.080782,SIGNAL,0x0000,CAL-20260811-001,CLOCK-20260811-001,PASS
EVT-000000000674,SIM-0001,2026081235511000171,PULSE-EXP-0001-0023-03511,EXP-0001-0023,SNSPD-01,Z,+,32.091394,7.123119,SIGNAL,0x0000,CAL-20260811-001,CLOCK-20260811-001,PASS
EVT-000000000675,SIM-0001,2026081235514000082,PULSE-EXP-0001-0023-03514,EXP-0001-0023,SNSPD-02,Z,-,33.207142,7.843930,SIGNAL,0x0000,CAL-20260811-001,CLOCK-20260811-001,PASS
EVT-000000000676,SIM-0001,2026081235562000095,PULSE-EXP-0001-0023-03562,EXP-0001-0023,SNSPD-05,Y,+,29.154149,7.901001,SIGNAL,0x0000,CAL-20260811-001,CLOCK-20260811-001,PASS
EVT-000000000677,SIM-0001,2026081235854000054,PULSE-EXP-0001-0023-03854,EXP-0001-0023,SNSPD-01,Z,+,30.788695,8.465423,SIGNAL,0x0000,CAL-20260811-001,CLOCK-20260811-001,PASS
EVT-000000000678,SIM-0001,2026081235871000110,PULSE-EXP-0001-0023-03871,EXP-0001-0023,SNSPD-02,Z,-,28.891497,8.190584,SIGNAL,0x0000,CAL-20260811-001,CLOCK-20260811-001,PASS
EVT-000000000679,SIM-0001,2026081235987000161,PULSE-EXP-0001-0023-03987,EXP-0001-0023,SNSPD-02,Z,-,30.245545,7.865035,SIGNAL,0x0000,CAL-20260811-001,CLOCK-20260811-001,PASS
EVT-000000000680,SIM-0001,2026081235993000028,PULSE-EXP-0001-0023-03993,EXP-0001-0023,SNSPD-01,Z,+,30.684439,6.739150,SIGNAL,0x0000,CAL-20260811-001,CLOCK-20260811-001,PASS
EVT-000000000681,SIM-0001,2026081236137000054,PULSE-EXP-0001-0023-04137,EXP-0001-0023,SNSPD-03,X,+,32.752963,8.721567,SIGNAL,0x0000,CAL-20260811-001,CLOCK-20260811-001,PASS
EVT-000000000682,SIM-0001,2026081236159000170,PULSE-EXP-0001-0023-04159,EXP-0001-0023,SNSPD-03,X,+,36.345310,8.068294,SIGNAL,0x0000,CAL-20260811-001,CLOCK-20260811-001,PASS
EVT-000000000683,SIM-0001,2026081236365000060,PULSE-EXP-0001-0023-04365,EXP-0001-0023,SNSPD-01,Z,+,35.009876,6.809277,SIGNAL,0x0000,CAL-20260811-001,CLOCK-20260811-001,PASS
EVT-000000000684,SIM-0001,2026081236456000080,PULSE-EXP-0001-0023-04456,EXP-0001-0023,SNSPD-04,X,-,31.659829,6.337828,SIGNAL,0x0000,CAL-20260811-001,CLOCK-20260811-001,PASS
EVT-000000000685,SIM-0001,2026081236485000198,PULSE-EXP-0001-0023-04485,EXP-0001-0023,SNSPD-03,X,+,29.796756,8.211370,SIGNAL,0x0000,CAL-20260811-001,CLOCK-20260811-001,PASS
EVT-000000000686,SIM-0001,2026081236780000091,PULSE-EXP-0001-0023-04780,EXP-0001-0023,SNSPD-05,Y,+,32.339780,8.331528,SIGNAL,0x0000,CAL-20260811-001,CLOCK-20260811-001,PASS
EVT-000000000687,SIM-0001,2026081236786000094,PULSE-EXP-0001-0023-04786,EXP-0001-0023,SNSPD-04,X,-,30.856249,7.774535,SIGNAL,0x0000,CAL-20260811-001,CLOCK-20260811-001,PASS
EVT-000000000688,SIM-0001,2026081236822000116,PULSE-EXP-0001-0023-04822,EXP-0001-0023,SNSPD-05,Y,+,32.284988,7.269208,SIGNAL,0x0000,CAL-20260811-001,CLOCK-20260811-001,PASS
EVT-000000000689,SIM-0001,2026081236902000156,PULSE-EXP-0001-0023-04902,EXP-0001-0023,SNSPD-05,Y,+,32.783561,7.420727,SIGNAL,0x0000,CAL-20260811-001,CLOCK-20260811-001,PASS
EVT-000000000690,SIM-0001,2026081236988000169,PULSE-EXP-0001-0023-04988,EXP-0001-0023,SNSPD-03,X,+,33.400199,8.084406,SIGNAL,0x0000,CAL-20260811-001,CLOCK-20260811-001,PASS
EVT-000000000691,SIM-0001,2026081237318000062,PULSE-EXP-0001-0023-05318,EXP-0001-0023,SNSPD-02,Z,-,34.252981,7.613233,SIGNAL,0x0000,CAL-20260811-001,CLOCK-20260811-001,PASS
EVT-000000000692,SIM-0001,2026081237360000043,PULSE-EXP-0001-0023-05360,EXP-0001-0023,SNSPD-05,Y,+,34.409151,7.936361,SIGNAL,0x0000,CAL-20260811-001,CLOCK-20260811-001,PASS
EVT-000000000693,SIM-0001,2026081237368000042,PULSE-EXP-0001-0023-05368,EXP-0001-0023,SNSPD-04,X,-,31.099401,8.311849,SIGNAL,0x0000,CAL-20260811-001,CLOCK-20260811-001,PASS
EVT-000000000694,SIM-0001,2026081237679000090,PULSE-EXP-0001-0023-05679,EXP-0001-0023,SNSPD-03,X,+,36.659381,8.429361,SIGNAL,0x0000,CAL-20260811-001,CLOCK-20260811-001,PASS
EVT-000000000695,SIM-0001,2026081237938000067,PULSE-EXP-0001-0023-05938,EXP-0001-0023,SNSPD-03,X,+,29.052821,7.596824,SIGNAL,0x0000,CAL-20260811-001,CLOCK-20260811-001,PASS
EVT-000000000696,SIM-0001,2026081238046000116,PULSE-EXP-0001-0023-06046,EXP-0001-0023,SNSPD-06,Y,-,33.628870,8.219917,SIGNAL,0x0000,CAL-20260811-001,CLOCK-20260811-001,PASS
EVT-000000000697,SIM-0001,2026081238064000007,PULSE-EXP-0001-0023-06064,EXP-0001-0023,SNSPD-04,X,-,34.591885,7.177822,SIGNAL,0x0000,CAL-20260811-001,CLOCK-20260811-001,PASS
EVT-000000000698,SIM-0001,2026081238254000167,PULSE-EXP-0001-0023-06254,EXP-0001-0023,SNSPD-03,X,+,31.770783,7.993417,SIGNAL,0x0000,CAL-20260811-001,CLOCK-20260811-001,PASS
EVT-000000000699,SIM-0001,2026081238263000026,PULSE-EXP-0001-0023-06263,EXP-0001-0023,SNSPD-02,Z,-,32.325357,7.369390,SIGNAL,0x0000,CAL-20260811-001,CLOCK-20260811-001,PASS
EVT-000000000700,SIM-0001,2026081238617000074,PULSE-EXP-0001-0023-06617,EXP-0001-0023,SNSPD-04,X,-,31.750215,7.632061,SIGNAL,0x0000,CAL-20260811-001,CLOCK-20260811-001,PASS
EVT-000000000701,SIM-0001,2026081238642000058,PULSE-EXP-0001-0023-06642,EXP-0001-0023,SNSPD-02,Z,-,29.151556,7.775543,SIGNAL,0x0000,CAL-20260811-001,CLOCK-20260811-001,PASS
EVT-000000000702,SIM-0001,2026081238667000015,PULSE-EXP-0001-0023-06667,EXP-0001-0023,SNSPD-01,Z,+,32.919093,7.723035,SIGNAL,0x0000,CAL-20260811-001,CLOCK-20260811-001,PASS
EVT-000000000703,SIM-0001,2026081238673000168,PULSE-EXP-0001-0023-06673,EXP-0001-0023,SNSPD-02,Z,-,32.867653,8.178686,SIGNAL,0x0000,CAL-20260811-001,CLOCK-20260811-001,PASS
EVT-000000000704,SIM-0001,2026081238812000057,PULSE-EXP-0001-0023-06812,EXP-0001-0023,SNSPD-05,Y,+,30.393254,8.996704,SIGNAL,0x0000,CAL-20260811-001,CLOCK-20260811-001,PASS
EVT-000000000705,SIM-0001,2026081238957000021,PULSE-EXP-0001-0023-06957,EXP-0001-0023,SNSPD-03,X,+,33.834459,7.921775,SIGNAL,0x0000,CAL-20260811-001,CLOCK-20260811-001,PASS
EVT-000000000706,SIM-0001,2026081239190000087,PULSE-EXP-0001-0023-07190,EXP-0001-0023,SNSPD-04,X,-,30.098272,8.308972,SIGNAL,0x0000,CAL-20260811-001,CLOCK-20260811-001,PASS
EVT-000000000707,SIM-0001,2026081239215000190,PULSE-EXP-0001-0023-07215,EXP-0001-0023,SNSPD-06,Y,-,34.498455,8.507538,SIGNAL,0x0000,CAL-20260811-001,CLOCK-20260811-001,PASS
EVT-000000000708,SIM-0001,2026081239249000133,PULSE-EXP-0001-0023-07249,EXP-0001-0023,SNSPD-01,Z,+,30.507077,7.749826,SIGNAL,0x0000,CAL-20260811-001,CLOCK-20260811-001,PASS
EVT-000000000709,SIM-0001,2026081239361000198,PULSE-EXP-0001-0023-07361,EXP-0001-0023,SNSPD-01,Z,+,33.678037,8.619712,SIGNAL,0x0000,CAL-20260811-001,CLOCK-20260811-001,PASS
EVT-000000000710,SIM-0001,2026081239639000076,PULSE-EXP-0001-0023-07639,EXP-0001-0023,SNSPD-02,Z,-,33.594637,8.210319,SIGNAL,0x0000,CAL-20260811-001,CLOCK-20260811-001,PASS
EVT-000000000711,SIM-0001,2026081239708000102,PULSE-EXP-0001-0023-07708,EXP-0001-0023,SNSPD-06,Y,-,28.733800,8.209897,SIGNAL,0x0000,CAL-20260811-001,CLOCK-20260811-001,PASS
EVT-000000000712,SIM-0001,2026081239770000032,PULSE-EXP-0001-0023-07770,EXP-0001-0023,SNSPD-01,Z,+,32.581698,7.245674,SIGNAL,0x0000,CAL-20260811-001,CLOCK-20260811-001,PASS
EVT-000000000713,SIM-0001,2026081239836000020,PULSE-EXP-0001-0023-07836,EXP-0001-0023,SNSPD-02,Z,-,34.445808,7.711052,SIGNAL,0x0000,CAL-20260811-001,CLOCK-20260811-001,PASS
EVT-000000000714,SIM-0001,2026081239933000148,PULSE-EXP-0001-0023-07933,EXP-0001-0023,SNSPD-02,Z,-,33.738872,9.053798,SIGNAL,0x0000,CAL-20260811-001,CLOCK-20260811-001,PASS
EVT-000000000715,SIM-0001,2026081240160000081,PULSE-EXP-0001-0023-08160,EXP-0001-0023,SNSPD-05,Y,+,34.971041,7.979365,SIGNAL,0x0000,CAL-20260811-001,CLOCK-20260811-001,PASS
EVT-000000000716,SIM-0001,2026081240351000160,PULSE-EXP-0001-0023-08351,EXP-0001-0023,SNSPD-06,Y,-,31.677317,6.458298,SIGNAL,0x0000,CAL-20260811-001,CLOCK-20260811-001,PASS
EVT-000000000717,SIM-0001,2026081240428000108,PULSE-EXP-0001-0023-08428,EXP-0001-0023,SNSPD-03,X,+,30.659910,7.651347,SIGNAL,0x0000,CAL-20260811-001,CLOCK-20260811-001,PASS
EVT-000000000718,SIM-0001,2026081240547000174,PULSE-EXP-0001-0023-08547,EXP-0001-0023,SNSPD-01,Z,+,31.886221,8.315277,SIGNAL,0x0000,CAL-20260811-001,CLOCK-20260811-001,PASS
EVT-000000000719,SIM-0001,2026081240620000028,PULSE-EXP-0001-0023-08620,EXP-0001-0023,SNSPD-05,Y,+,28.586530,7.633022,SIGNAL,0x0000,CAL-20260811-001,CLOCK-20260811-001,PASS
EVT-000000000720,SIM-0001,2026081240829000129,PULSE-EXP-0001-0023-08829,EXP-0001-0023,SNSPD-01,Z,+,34.294251,7.739511,SIGNAL,0x0000,CAL-20260811-001,CLOCK-20260811-001,PASS
EVT-000000000721,SIM-0001,2026081240881000120,PULSE-EXP-0001-0023-08881,EXP-0001-0023,SNSPD-06,Y,-,33.404468,7.706059,SIGNAL,0x0000,CAL-20260811-001,CLOCK-20260811-001,PASS
EVT-000000000722,SIM-0001,2026081241104000138,PULSE-EXP-0001-0023-09104,EXP-0001-0023,SNSPD-01,Z,+,33.985647,8.206119,SIGNAL,0x0000,CAL-20260811-001,CLOCK-20260811-001,PASS
EVT-000000000723,SIM-0001,2026081241131000080,PULSE-EXP-0001-0023-09131,EXP-0001-0023,SNSPD-04,X,-,32.857201,8.575110,SIGNAL,0x0000,CAL-20260811-001,CLOCK-20260811-001,PASS
EVT-000000000724,SIM-0001,2026081241212000189,PULSE-EXP-0001-0023-09212,EXP-0001-0023,SNSPD-02,Z,-,31.095556,7.969818,SIGNAL,0x0000,CAL-20260811-001,CLOCK-20260811-001,PASS
EVT-000000000725,SIM-0001,2026081241411000064,PULSE-EXP-0001-0023-09411,EXP-0001-0023,SNSPD-01,Z,+,33.727012,8.396572,SIGNAL,0x0000,CAL-20260811-001,CLOCK-20260811-001,PASS
EVT-000000000726,SIM-0001,2026081241436000010,PULSE-EXP-0001-0023-09436,EXP-0001-0023,SNSPD-03,X,+,28.108116,7.416550,SIGNAL,0x0000,CAL-20260811-001,CLOCK-20260811-001,PASS
EVT-000000000727,SIM-0001,2026081241696000138,PULSE-EXP-0001-0023-09696,EXP-0001-0023,SNSPD-01,Z,+,31.021286,7.897272,SIGNAL,0x0000,CAL-20260811-001,CLOCK-20260811-001,PASS
EVT-000000000728,SIM-0001,2026081241757000165,PULSE-EXP-0001-0023-09757,EXP-0001-0023,SNSPD-02,Z,-,31.705462,8.118589,SIGNAL,0x0000,CAL-20260811-001,CLOCK-20260811-001,PASS
EVT-000000000729,SIM-0001,2026081241797000018,PULSE-EXP-0001-0023-09797,EXP-0001-0023,SNSPD-01,Z,+,33.342016,8.591655,SIGNAL,0x0000,CAL-20260811-001,CLOCK-20260811-001,PASS
EVT-000000000730,SIM-0001,2026081241833000179,PULSE-EXP-0001-0023-09833,EXP-0001-0023,SNSPD-06,Y,-,33.302834,7.904602,SIGNAL,0x0000,CAL-20260811-001,CLOCK-20260811-001,PASS
EVT-000000000731,SIM-0001,2026081241933000059,PULSE-EXP-0001-0023-09933,EXP-0001-0023,SNSPD-03,X,+,31.892761,8.219983,SIGNAL,0x0000,CAL-20260811-001,CLOCK-20260811-001,PASS
EVT-000000000732,SIM-0001,2026081241948000097,PULSE-EXP-0001-0023-09948,EXP-0001-0023,SNSPD-05,Y,+,28.905034,7.447561,SIGNAL,0x0000,CAL-20260811-001,CLOCK-20260811-001,PASS
EVT-000000000733,SIM-0001,2026081243207000011,PULSE-EXP-0001-0022-00207,EXP-0001-0022,SNSPD-01,Z,+,31.903333,8.244247,SIGNAL,0x0000,CAL-20260811-001,CLOCK-20260811-001,PASS
EVT-000000000734,SIM-0001,2026081243385000081,PULSE-EXP-0001-0022-00385,EXP-0001-0022,SNSPD-04,X,-,33.543858,8.388451,SIGNAL,0x0000,CAL-20260811-001,CLOCK-20260811-001,PASS
EVT-000000000735,SIM-0001,2026081243535000197,PULSE-EXP-0001-0022-00535,EXP-0001-0022,SNSPD-05,Y,+,31.882835,8.506200,SIGNAL,0x0000,CAL-20260811-001,CLOCK-20260811-001,PASS
EVT-000000000736,SIM-0001,2026081243637000125,PULSE-EXP-0001-0022-00637,EXP-0001-0022,SNSPD-03,X,+,29.529737,7.850706,SIGNAL,0x0000,CAL-20260811-001,CLOCK-20260811-001,PASS
EVT-000000000737,SIM-0001,2026081243668000032,PULSE-EXP-0001-0022-00668,EXP-0001-0022,SNSPD-02,Z,-,33.103027,8.454696,SIGNAL,0x0000,CAL-20260811-001,CLOCK-20260811-001,PASS
EVT-000000000738,SIM-0001,2026081244050000179,PULSE-EXP-0001-0022-01050,EXP-0001-0022,SNSPD-05,Y,+,29.374713,9.752745,SIGNAL,0x0000,CAL-20260811-001,CLOCK-20260811-001,PASS
EVT-000000000739,SIM-0001,2026081244339000009,PULSE-EXP-0001-0022-01339,EXP-0001-0022,SNSPD-05,Y,+,32.732093,8.099725,SIGNAL,0x0000,CAL-20260811-001,CLOCK-20260811-001,PASS
EVT-000000000740,SIM-0001,2026081244516000186,PULSE-EXP-0001-0022-01516,EXP-0001-0022,SNSPD-01,Z,+,32.192483,8.101904,SIGNAL,0x0000,CAL-20260811-001,CLOCK-20260811-001,PASS
EVT-000000000741,SIM-0001,2026081244567000122,PULSE-EXP-0001-0022-01567,EXP-0001-0022,SNSPD-02,Z,-,31.091458,8.217110,SIGNAL,0x0000,CAL-20260811-001,CLOCK-20260811-001,PASS
EVT-000000000742,SIM-0001,2026081244600000076,PULSE-EXP-0001-0022-01600,EXP-0001-0022,SNSPD-04,X,-,30.927435,7.750622,SIGNAL,0x0000,CAL-20260811-001,CLOCK-20260811-001,PASS
EVT-000000000743,SIM-0001,2026081244692000197,PULSE-EXP-0001-0022-01692,EXP-0001-0022,SNSPD-05,Y,+,34.820953,7.887740,SIGNAL,0x0000,CAL-20260811-001,CLOCK-20260811-001,PASS
EVT-000000000744,SIM-0001,2026081244705000137,PULSE-EXP-0001-0022-01705,EXP-0001-0022,SNSPD-06,Y,-,29.276533,8.051029,SIGNAL,0x0000,CAL-20260811-001,CLOCK-20260811-001,PASS
EVT-000000000745,SIM-0001,2026081244995000004,PULSE-EXP-0001-0022-01995,EXP-0001-0022,SNSPD-04,X,-,33.125691,8.898657,SIGNAL,0x0000,CAL-20260811-001,CLOCK-20260811-001,PASS
EVT-000000000746,SIM-0001,2026081245082000173,PULSE-EXP-0001-0022-02082,EXP-0001-0022,SNSPD-05,Y,+,30.822856,7.746854,SIGNAL,0x0000,CAL-20260811-001,CLOCK-20260811-001,PASS
EVT-000000000747,SIM-0001,2026081245191000097,PULSE-EXP-0001-0022-02191,EXP-0001-0022,SNSPD-05,Y,+,30.261826,7.998585,SIGNAL,0x0000,CAL-20260811-001,CLOCK-20260811-001,PASS
EVT-000000000748,SIM-0001,2026081245261000150,PULSE-EXP-0001-0022-02261,EXP-0001-0022,SNSPD-02,Z,-,34.066453,9.647029,SIGNAL,0x0000,CAL-20260811-001,CLOCK-20260811-001,PASS
EVT-000000000749,SIM-0001,2026081245332000158,PULSE-EXP-0001-0022-02332,EXP-0001-0022,SNSPD-06,Y,-,31.721895,7.446061,SIGNAL,0x0000,CAL-20260811-001,CLOCK-20260811-001,PASS
EVT-000000000750,SIM-0001,2026081245587000179,PULSE-EXP-0001-0022-02587,EXP-0001-0022,SNSPD-04,X,-,31.626573,7.701606,SIGNAL,0x0000,CAL-20260811-001,CLOCK-20260811-001,PASS
EVT-000000000751,SIM-0001,2026081245655000076,PULSE-EXP-0001-0022-02655,EXP-0001-0022,SNSPD-05,Y,+,32.880456,7.231470,SIGNAL,0x0000,CAL-20260811-001,CLOCK-20260811-001,PASS
EVT-000000000752,SIM-0001,2026081245698000155,PULSE-EXP-0001-0022-02698,EXP-0001-0022,SNSPD-02,Z,-,30.017288,8.609264,SIGNAL,0x0000,CAL-20260811-001,CLOCK-20260811-001,PASS
EVT-000000000753,SIM-0001,2026081245854000029,PULSE-EXP-0001-0022-02854,EXP-0001-0022,SNSPD-03,X,+,31.215459,8.474690,SIGNAL,0x0000,CAL-20260811-001,CLOCK-20260811-001,PASS
EVT-000000000754,SIM-0001,2026081245935000112,PULSE-EXP-0001-0022-02935,EXP-0001-0022,SNSPD-04,X,-,33.867229,7.937166,SIGNAL,0x0000,CAL-20260811-001,CLOCK-20260811-001,PASS
EVT-000000000755,SIM-0001,2026081246063000108,PULSE-EXP-0001-0022-03063,EXP-0001-0022,SNSPD-01,Z,+,29.556743,8.595553,SIGNAL,0x0000,CAL-20260811-001,CLOCK-20260811-001,PASS
EVT-000000000756,SIM-0001,2026081246119000030,PULSE-EXP-0001-0022-03119,EXP-0001-0022,SNSPD-04,X,-,31.383824,7.314508,SIGNAL,0x0000,CAL-20260811-001,CLOCK-20260811-001,PASS
EVT-000000000757,SIM-0001,2026081246437000197,PULSE-EXP-0001-0022-03437,EXP-0001-0022,SNSPD-01,Z,+,30.540976,8.087372,SIGNAL,0x0000,CAL-20260811-001,CLOCK-20260811-001,PASS
EVT-000000000758,SIM-0001,2026081246564000087,PULSE-EXP-0001-0022-03564,EXP-0001-0022,SNSPD-02,Z,-,31.011094,8.626055,SIGNAL,0x0000,CAL-20260811-001,CLOCK-20260811-001,PASS
EVT-000000000759,SIM-0001,2026081246614000080,PULSE-EXP-0001-0022-03614,EXP-0001-0022,SNSPD-01,Z,+,31.406884,7.108971,SIGNAL,0x0000,CAL-20260811-001,CLOCK-20260811-001,PASS
EVT-000000000760,SIM-0001,2026081246771000187,PULSE-EXP-0001-0022-03771,EXP-0001-0022,SNSPD-02,Z,-,33.361128,8.955664,SIGNAL,0x0000,CAL-20260811-001,CLOCK-20260811-001,PASS
EVT-000000000761,SIM-0001,2026081246773000143,PULSE-EXP-0001-0022-03773,EXP-0001-0022,SNSPD-04,X,-,28.724264,8.129984,SIGNAL,0x0000,CAL-20260811-001,CLOCK-20260811-001,PASS
EVT-000000000762,SIM-0001,2026081246814000023,PULSE-EXP-0001-0022-03814,EXP-0001-0022,SNSPD-01,Z,+,32.066320,8.042210,SIGNAL,0x0000,CAL-20260811-001,CLOCK-20260811-001,PASS
EVT-000000000763,SIM-0001,2026081246937000120,PULSE-EXP-0001-0022-03937,EXP-0001-0022,SNSPD-04,X,-,31.236240,8.031022,SIGNAL,0x0000,CAL-20260811-001,CLOCK-20260811-001,PASS
EVT-000000000764,SIM-0001,2026081247071000160,PULSE-EXP-0001-0022-04071,EXP-0001-0022,SNSPD-04,X,-,33.032784,7.870037,SIGNAL,0x0000,CAL-20260811-001,CLOCK-20260811-001,PASS
EVT-000000000765,SIM-0001,2026081247147000022,PULSE-EXP-0001-0022-04147,EXP-0001-0022,SNSPD-02,Z,-,34.005995,7.814173,SIGNAL,0x0000,CAL-20260811-001,CLOCK-20260811-001,PASS
EVT-000000000766,SIM-0001,2026081247163000056,PULSE-EXP-0001-0022-04163,EXP-0001-0022,SNSPD-05,Y,+,35.604456,7.643628,SIGNAL,0x0000,CAL-20260811-001,CLOCK-20260811-001,PASS
EVT-000000000767,SIM-0001,2026081247529000109,PULSE-EXP-0001-0022-04529,EXP-0001-0022,SNSPD-06,Y,-,35.434522,8.404422,SIGNAL,0x0000,CAL-20260811-001,CLOCK-20260811-001,PASS
EVT-000000000768,SIM-0001,2026081247577000136,PULSE-EXP-0001-0022-04577,EXP-0001-0022,SNSPD-04,X,-,33.475518,8.193006,SIGNAL,0x0000,CAL-20260811-001,CLOCK-20260811-001,PASS
EVT-000000000769,SIM-0001,2026081247597000003,PULSE-EXP-0001-0022-04597,EXP-0001-0022,SNSPD-01,Z,+,32.894894,7.142926,SIGNAL,0x0000,CAL-20260811-001,CLOCK-20260811-001,PASS
EVT-000000000770,SIM-0001,2026081247711000072,PULSE-EXP-0001-0022-04711,EXP-0001-0022,SNSPD-03,X,+,32.822726,8.103234,SIGNAL,0x0000,CAL-20260811-001,CLOCK-20260811-001,PASS
EVT-000000000771,SIM-0001,2026081247767000097,PULSE-EXP-0001-0022-04767,EXP-0001-0022,SNSPD-05,Y,+,32.850328,8.398055,SIGNAL,0x0000,CAL-20260811-001,CLOCK-20260811-001,PASS
EVT-000000000772,SIM-0001,2026081247830000160,PULSE-EXP-0001-0022-04830,EXP-0001-0022,SNSPD-04,X,-,28.870759,8.169948,SIGNAL,0x0000,CAL-20260811-001,CLOCK-20260811-001,PASS
EVT-000000000773,SIM-0001,2026081247875000137,PULSE-EXP-0001-0022-04875,EXP-0001-0022,SNSPD-06,Y,-,35.400398,8.057177,SIGNAL,0x0000,CAL-20260811-001,CLOCK-20260811-001,PASS
EVT-000000000774,SIM-0001,2026081248065000031,PULSE-EXP-0001-0022-05065,EXP-0001-0022,SNSPD-03,X,+,31.855481,7.608883,SIGNAL,0x0000,CAL-20260811-001,CLOCK-20260811-001,PASS
EVT-000000000775,SIM-0001,2026081248173000175,PULSE-EXP-0001-0022-05173,EXP-0001-0022,SNSPD-03,X,+,32.742444,8.344703,SIGNAL,0x0000,CAL-20260811-001,CLOCK-20260811-001,PASS
EVT-000000000776,SIM-0001,2026081248184000156,PULSE-EXP-0001-0022-05184,EXP-0001-0022,SNSPD-04,X,-,30.528356,8.162149,SIGNAL,0x0000,CAL-20260811-001,CLOCK-20260811-001,PASS
EVT-000000000777,SIM-0001,2026081248292000095,PULSE-EXP-0001-0022-05292,EXP-0001-0022,SNSPD-03,X,+,30.177382,7.858582,SIGNAL,0x0000,CAL-20260811-001,CLOCK-20260811-001,PASS
EVT-000000000778,SIM-0001,2026081248531000040,PULSE-EXP-0001-0022-05531,EXP-0001-0022,SNSPD-01,Z,+,36.180870,7.450381,SIGNAL,0x0000,CAL-20260811-001,CLOCK-20260811-001,PASS
EVT-000000000779,SIM-0001,2026081248577000198,PULSE-EXP-0001-0022-05577,EXP-0001-0022,SNSPD-04,X,-,30.181524,7.832258,SIGNAL,0x0000,CAL-20260811-001,CLOCK-20260811-001,PASS
EVT-000000000780,SIM-0001,2026081248635000115,PULSE-EXP-0001-0022-05635,EXP-0001-0022,SNSPD-04,X,-,33.309753,7.691232,SIGNAL,0x0000,CAL-20260811-001,CLOCK-20260811-001,PASS
EVT-000000000781,SIM-0001,2026081248692000096,PULSE-EXP-0001-0022-05692,EXP-0001-0022,SNSPD-01,Z,+,30.617855,8.519127,SIGNAL,0x0000,CAL-20260811-001,CLOCK-20260811-001,PASS
EVT-000000000782,SIM-0001,2026081248749000150,PULSE-EXP-0001-0022-05749,EXP-0001-0022,SNSPD-03,X,+,32.589115,7.325105,SIGNAL,0x0000,CAL-20260811-001,CLOCK-20260811-001,PASS
EVT-000000000783,SIM-0001,2026081248806000171,PULSE-EXP-0001-0022-05806,EXP-0001-0022,SNSPD-03,X,+,31.783755,7.758491,SIGNAL,0x0000,CAL-20260811-001,CLOCK-20260811-001,PASS
EVT-000000000784,SIM-0001,2026081248965000007,PULSE-EXP-0001-0022-05965,EXP-0001-0022,SNSPD-01,Z,+,32.432119,8.541376,SIGNAL,0x0000,CAL-20260811-001,CLOCK-20260811-001,PASS
EVT-000000000785,SIM-0001,2026081249034000153,PULSE-EXP-0001-0022-06034,EXP-0001-0022,SNSPD-05,Y,+,29.957651,6.941384,SIGNAL,0x0000,CAL-20260811-001,CLOCK-20260811-001,PASS
EVT-000000000786,SIM-0001,2026081249067000014,PULSE-EXP-0001-0022-06067,EXP-0001-0022,SNSPD-03,X,+,29.896513,8.044934,SIGNAL,0x0000,CAL-20260811-001,CLOCK-20260811-001,PASS
EVT-000000000787,SIM-0001,2026081249162000038,PULSE-EXP-0001-0022-06162,EXP-0001-0022,SNSPD-05,Y,+,31.328654,8.892994,SIGNAL,0x0000,CAL-20260811-001,CLOCK-20260811-001,PASS
EVT-000000000788,SIM-0001,2026081249278000106,PULSE-EXP-0001-0022-06278,EXP-0001-0022,SNSPD-03,X,+,28.989008,8.368561,SIGNAL,0x0000,CAL-20260811-001,CLOCK-20260811-001,PASS
EVT-000000000789,SIM-0001,2026081249341000145,PULSE-EXP-0001-0022-06341,EXP-0001-0022,SNSPD-06,Y,-,30.595681,8.727141,SIGNAL,0x0000,CAL-20260811-001,CLOCK-20260811-001,PASS
EVT-000000000790,SIM-0001,2026081249474000134,PULSE-EXP-0001-0022-06474,EXP-0001-0022,SNSPD-02,Z,-,32.388325,9.455634,SIGNAL,0x0000,CAL-20260811-001,CLOCK-20260811-001,PASS
EVT-000000000791,SIM-0001,2026081249548000028,PULSE-EXP-0001-0022-06548,EXP-0001-0022,SNSPD-05,Y,+,33.609088,7.742756,SIGNAL,0x0000,CAL-20260811-001,CLOCK-20260811-001,PASS
EVT-000000000792,SIM-0001,2026081249729000176,PULSE-EXP-0001-0022-06729,EXP-0001-0022,SNSPD-05,Y,+,30.664222,8.663270,SIGNAL,0x0000,CAL-20260811-001,CLOCK-20260811-001,PASS
EVT-000000000793,SIM-0001,2026081250057000112,PULSE-EXP-0001-0022-07057,EXP-0001-0022,SNSPD-06,Y,-,31.285462,7.852222,SIGNAL,0x0000,CAL-20260811-001,CLOCK-20260811-001,PASS
EVT-000000000794,SIM-0001,2026081250102000183,PULSE-EXP-0001-0022-07102,EXP-0001-0022,SNSPD-03,X,+,30.572730,8.952210,SIGNAL,0x0000,CAL-20260811-001,CLOCK-20260811-001,PASS
EVT-000000000795,SIM-0001,2026081250125000097,PULSE-EXP-0001-0022-07125,EXP-0001-0022,SNSPD-05,Y,+,34.290282,8.212762,SIGNAL,0x0000,CAL-20260811-001,CLOCK-20260811-001,PASS
EVT-000000000796,SIM-0001,2026081250175000116,PULSE-EXP-0001-0022-07175,EXP-0001-0022,SNSPD-04,X,-,30.612503,8.113086,SIGNAL,0x0000,CAL-20260811-001,CLOCK-20260811-001,PASS
EVT-000000000797,SIM-0001,2026081250394000036,PULSE-EXP-0001-0022-07394,EXP-0001-0022,SNSPD-02,Z,-,30.542916,8.284821,SIGNAL,0x0000,CAL-20260811-001,CLOCK-20260811-001,PASS
EVT-000000000798,SIM-0001,2026081250506000162,PULSE-EXP-0001-0022-07506,EXP-0001-0022,SNSPD-03,X,+,31.425990,8.165888,SIGNAL,0x0000,CAL-20260811-001,CLOCK-20260811-001,PASS
EVT-000000000799,SIM-0001,2026081250513000111,PULSE-EXP-0001-0022-07513,EXP-0001-0022,SNSPD-05,Y,+,32.638225,8.005441,SIGNAL,0x0000,CAL-20260811-001,CLOCK-20260811-001,PASS
EVT-000000000800,SIM-0001,2026081250642000103,PULSE-EXP-0001-0022-07642,EXP-0001-0022,SNSPD-04,X,-,31.967830,8.740212,SIGNAL,0x0000,CAL-20260811-001,CLOCK-20260811-001,PASS
EVT-000000000801,SIM-0001,2026081250660000008,PULSE-EXP-0001-0022-07660,EXP-0001-0022,SNSPD-01,Z,+,30.921286,8.467148,SIGNAL,0x0000,CAL-20260811-001,CLOCK-20260811-001,PASS
EVT-000000000802,SIM-0001,2026081250825000009,PULSE-EXP-0001-0022-07825,EXP-0001-0022,SNSPD-03,X,+,31.158176,8.105487,SIGNAL,0x0000,CAL-20260811-001,CLOCK-20260811-001,PASS
EVT-000000000803,SIM-0001,2026081250992000099,PULSE-EXP-0001-0022-07992,EXP-0001-0022,SNSPD-03,X,+,33.465677,8.455411,SIGNAL,0x0000,CAL-20260811-001,CLOCK-20260811-001,PASS
EVT-000000000804,SIM-0001,2026081251109000068,PULSE-EXP-0001-0022-08109,EXP-0001-0022,SNSPD-02,Z,-,33.400476,7.336596,SIGNAL,0x0000,CAL-20260811-001,CLOCK-20260811-001,PASS
EVT-000000000805,SIM-0001,2026081251152000042,PULSE-EXP-0001-0022-08152,EXP-0001-0022,SNSPD-06,Y,-,31.850193,7.386701,SIGNAL,0x0000,CAL-20260811-001,CLOCK-20260811-001,PASS
EVT-000000000806,SIM-0001,2026081251188000118,PULSE-EXP-0001-0022-08188,EXP-0001-0022,SNSPD-01,Z,+,34.957756,7.561336,SIGNAL,0x0000,CAL-20260811-001,CLOCK-20260811-001,PASS
EVT-000000000807,SIM-0001,2026081251217000134,PULSE-EXP-0001-0022-08217,EXP-0001-0022,SNSPD-01,Z,+,31.335101,8.044430,SIGNAL,0x0000,CAL-20260811-001,CLOCK-20260811-001,PASS
EVT-000000000808,SIM-0001,2026081251245000122,PULSE-EXP-0001-0022-08245,EXP-0001-0022,SNSPD-04,X,-,32.813985,7.766896,SIGNAL,0x0000,CAL-20260811-001,CLOCK-20260811-001,PASS
EVT-000000000809,SIM-0001,2026081251368000119,PULSE-EXP-0001-0022-08368,EXP-0001-0022,SNSPD-03,X,+,34.206586,8.015377,SIGNAL,0x0000,CAL-20260811-001,CLOCK-20260811-001,PASS
EVT-000000000810,SIM-0001,2026081251461000055,PULSE-EXP-0001-0022-08461,EXP-0001-0022,SNSPD-05,Y,+,27.204550,7.983703,SIGNAL,0x0000,CAL-20260811-001,CLOCK-20260811-001,PASS
EVT-000000000811,SIM-0001,2026081251483000021,PULSE-EXP-0001-0022-08483,EXP-0001-0022,SNSPD-04,X,-,30.188502,6.187740,SIGNAL,0x0000,CAL-20260811-001,CLOCK-20260811-001,PASS
EVT-000000000812,SIM-0001,2026081251554000197,PULSE-EXP-0001-0022-08554,EXP-0001-0022,SNSPD-02,Z,-,31.647127,8.682269,SIGNAL,0x0000,CAL-20260811-001,CLOCK-20260811-001,PASS
EVT-000000000813,SIM-0001,2026081252213000154,PULSE-EXP-0001-0022-09213,EXP-0001-0022,SNSPD-02,Z,-,31.369134,7.951973,SIGNAL,0x0000,CAL-20260811-001,CLOCK-20260811-001,PASS
EVT-000000000814,SIM-0001,2026081252252000023,PULSE-EXP-0001-0022-09252,EXP-0001-0022,SNSPD-06,Y,-,29.151473,7.803738,SIGNAL,0x0000,CAL-20260811-001,CLOCK-20260811-001,PASS
EVT-000000000815,SIM-0001,2026081252732000165,PULSE-EXP-0001-0022-09732,EXP-0001-0022,SNSPD-03,X,+,31.078079,8.504147,SIGNAL,0x0000,CAL-20260811-001,CLOCK-20260811-001,PASS
EVT-000000000816,SIM-0001,2026081252735000129,PULSE-EXP-0001-0022-09735,EXP-0001-0022,SNSPD-04,X,-,30.627295,8.225315,SIGNAL,0x0000,CAL-20260811-001,CLOCK-20260811-001,PASS
EVT-000000000817,SIM-0001,2026081252748000002,PULSE-EXP-0001-0022-09748,EXP-0001-0022,SNSPD-05,Y,+,30.568518,7.613384,SIGNAL,0x0000,CAL-20260811-001,CLOCK-20260811-001,PASS
EVT-000000000818,SIM-0001,2026081252763000011,PULSE-EXP-0001-0022-09763,EXP-0001-0022,SNSPD-05,Y,+,35.671350,7.220803,SIGNAL,0x0000,CAL-20260811-001,CLOCK-20260811-001,PASS
EVT-000000000819,SIM-0001,2026081252773000148,PULSE-EXP-0001-0022-09773,EXP-0001-0022,SNSPD-04,X,-,32.517269,8.192208,SIGNAL,0x0000,CAL-20260811-001,CLOCK-20260811-001,PASS
EVT-000000000820,SIM-0001,2026081252874000087,PULSE-EXP-0001-0022-09874,EXP-0001-0022,SNSPD-05,Y,+,32.697814,8.203210,SIGNAL,0x0000,CAL-20260811-001,CLOCK-20260811-001,PASS
EVT-000000000821,SIM-0001,2026081252962000170,PULSE-EXP-0001-0022-09962,EXP-0001-0022,SNSPD-05,Y,+,32.956435,8.133425,SIGNAL,0x0000,CAL-20260811-001,CLOCK-20260811-001,PASS
EVT-000000000822,SIM-0001,2026081255469000153,PULSE-EXP-0001-0017-01469,EXP-0001-0017,SNSPD-05,Y,+,30.849965,8.440585,SIGNAL,0x0000,CAL-20260811-001,CLOCK-20260811-001,PASS
EVT-000000000823,SIM-0001,2026081255625000072,PULSE-EXP-0001-0017-01625,EXP-0001-0017,SNSPD-05,Y,+,32.178950,8.549365,SIGNAL,0x0000,CAL-20260811-001,CLOCK-20260811-001,PASS
EVT-000000000824,SIM-0001,2026081255840000084,PULSE-EXP-0001-0017-01840,EXP-0001-0017,SNSPD-06,Y,-,33.867148,7.562725,SIGNAL,0x0000,CAL-20260811-001,CLOCK-20260811-001,PASS
EVT-000000000825,SIM-0001,2026081255880000126,PULSE-EXP-0001-0017-01880,EXP-0001-0017,SNSPD-05,Y,+,33.906643,7.945769,SIGNAL,0x0000,CAL-20260811-001,CLOCK-20260811-001,PASS
EVT-000000000826,SIM-0001,2026081255882000028,PULSE-EXP-0001-0017-01882,EXP-0001-0017,SNSPD-03,X,+,31.523835,7.576703,SIGNAL,0x0000,CAL-20260811-001,CLOCK-20260811-001,PASS
EVT-000000000827,SIM-0001,2026081256091000080,PULSE-EXP-0001-0017-02091,EXP-0001-0017,SNSPD-03,X,+,34.471538,8.137887,SIGNAL,0x0000,CAL-20260811-001,CLOCK-20260811-001,PASS
EVT-000000000828,SIM-0001,2026081256335000063,PULSE-EXP-0001-0017-02335,EXP-0001-0017,SNSPD-03,X,+,31.184359,7.426234,SIGNAL,0x0000,CAL-20260811-001,CLOCK-20260811-001,PASS
EVT-000000000829,SIM-0001,2026081256448000049,PULSE-EXP-0001-0017-02448,EXP-0001-0017,SNSPD-02,Z,-,32.954399,7.982209,SIGNAL,0x0000,CAL-20260811-001,CLOCK-20260811-001,PASS
EVT-000000000830,SIM-0001,2026081256676000084,PULSE-EXP-0001-0017-02676,EXP-0001-0017,SNSPD-03,X,+,32.709002,7.580368,SIGNAL,0x0000,CAL-20260811-001,CLOCK-20260811-001,PASS
EVT-000000000831,SIM-0001,2026081257202000073,PULSE-EXP-0001-0017-03202,EXP-0001-0017,SNSPD-02,Z,-,31.672193,7.235470,SIGNAL,0x0000,CAL-20260811-001,CLOCK-20260811-001,PASS
EVT-000000000832,SIM-0001,2026081257664000067,PULSE-EXP-0001-0017-03664,EXP-0001-0017,SNSPD-01,Z,+,36.513454,7.512109,SIGNAL,0x0000,CAL-20260811-001,CLOCK-20260811-001,PASS
EVT-000000000833,SIM-0001,2026081257769000077,PULSE-EXP-0001-0017-03769,EXP-0001-0017,SNSPD-02,Z,-,32.916697,7.569726,SIGNAL,0x0000,CAL-20260811-001,CLOCK-20260811-001,PASS
EVT-000000000834,SIM-0001,2026081258032000169,PULSE-EXP-0001-0017-04032,EXP-0001-0017,SNSPD-02,Z,-,31.755419,7.063790,SIGNAL,0x0000,CAL-20260811-001,CLOCK-20260811-001,PASS
EVT-000000000835,SIM-0001,2026081258338000148,PULSE-EXP-0001-0017-04338,EXP-0001-0017,SNSPD-02,Z,-,29.252434,7.809843,SIGNAL,0x0000,CAL-20260811-001,CLOCK-20260811-001,PASS
EVT-000000000836,SIM-0001,2026081258707000110,PULSE-EXP-0001-0017-04707,EXP-0001-0017,SNSPD-02,Z,-,28.527935,7.178749,SIGNAL,0x0000,CAL-20260811-001,CLOCK-20260811-001,PASS
EVT-000000000837,SIM-0001,2026081258846000154,PULSE-EXP-0001-0017-04846,EXP-0001-0017,SNSPD-03,X,+,32.578122,7.366779,SIGNAL,0x0000,CAL-20260811-001,CLOCK-20260811-001,PASS
EVT-000000000838,SIM-0001,2026081259258000131,PULSE-EXP-0001-0017-05258,EXP-0001-0017,SNSPD-02,Z,-,31.927947,7.512258,SIGNAL,0x0000,CAL-20260811-001,CLOCK-20260811-001,PASS
EVT-000000000839,SIM-0001,2026081259852000083,PULSE-EXP-0001-0017-05852,EXP-0001-0017,SNSPD-02,Z,-,30.665658,7.890526,SIGNAL,0x0000,CAL-20260811-001,CLOCK-20260811-001,PASS
EVT-000000000840,SIM-0001,2026081259993000085,PULSE-EXP-0001-0017-05993,EXP-0001-0017,SNSPD-03,X,+,33.378275,6.724059,SIGNAL,0x0000,CAL-20260811-001,CLOCK-20260811-001,PASS
EVT-000000000841,SIM-0001,2026081260068000161,PULSE-EXP-0001-0017-06068,EXP-0001-0017,SNSPD-03,X,+,29.141105,7.001719,SIGNAL,0x0000,CAL-20260811-001,CLOCK-20260811-001,PASS
EVT-000000000842,SIM-0001,2026081260312000141,PULSE-EXP-0001-0017-06312,EXP-0001-0017,SNSPD-05,Y,+,31.013341,7.942737,SIGNAL,0x0000,CAL-20260811-001,CLOCK-20260811-001,PASS
EVT-000000000843,SIM-0001,2026081260458000002,PULSE-EXP-0001-0017-06458,EXP-0001-0017,SNSPD-01,Z,+,29.775040,8.707621,SIGNAL,0x0000,CAL-20260811-001,CLOCK-20260811-001,PASS
EVT-000000000844,SIM-0001,2026081260522000121,PULSE-EXP-0001-0017-06522,EXP-0001-0017,SNSPD-03,X,+,32.569124,8.251909,SIGNAL,0x0000,CAL-20260811-001,CLOCK-20260811-001,PASS
EVT-000000000845,SIM-0001,2026081260524000011,PULSE-EXP-0001-0017-06524,EXP-0001-0017,SNSPD-01,Z,+,34.547016,7.638655,SIGNAL,0x0000,CAL-20260811-001,CLOCK-20260811-001,PASS
EVT-000000000846,SIM-0001,2026081260729000021,PULSE-EXP-0001-0017-06729,EXP-0001-0017,SNSPD-04,X,-,33.874309,8.049171,SIGNAL,0x0000,CAL-20260811-001,CLOCK-20260811-001,PASS
EVT-000000000847,SIM-0001,2026081260916000129,PULSE-EXP-0001-0017-06916,EXP-0001-0017,SNSPD-01,Z,+,33.031967,8.048267,SIGNAL,0x0000,CAL-20260811-001,CLOCK-20260811-001,PASS
EVT-000000000848,SIM-0001,2026081261247000092,PULSE-EXP-0001-0017-07247,EXP-0001-0017,SNSPD-02,Z,-,31.649707,7.504582,SIGNAL,0x0000,CAL-20260811-001,CLOCK-20260811-001,PASS
EVT-000000000849,SIM-0001,2026081261706000197,PULSE-EXP-0001-0017-07706,EXP-0001-0017,SNSPD-05,Y,+,31.266800,7.806146,SIGNAL,0x0000,CAL-20260811-001,CLOCK-20260811-001,PASS
EVT-000000000850,SIM-0001,2026081262186000131,PULSE-EXP-0001-0017-08186,EXP-0001-0017,SNSPD-03,X,+,27.968196,8.432560,SIGNAL,0x0000,CAL-20260811-001,CLOCK-20260811-001,PASS
EVT-000000000851,SIM-0001,2026081262249000015,PULSE-EXP-0001-0017-08249,EXP-0001-0017,SNSPD-05,Y,+,32.115754,7.487299,SIGNAL,0x0000,CAL-20260811-001,CLOCK-20260811-001,PASS
EVT-000000000852,SIM-0001,2026081262568000114,PULSE-EXP-0001-0017-08568,EXP-0001-0017,SNSPD-03,X,+,29.930058,7.998751,SIGNAL,0x0000,CAL-20260811-001,CLOCK-20260811-001,PASS
EVT-000000000853,SIM-0001,2026081262592000087,PULSE-EXP-0001-0017-08592,EXP-0001-0017,SNSPD-03,X,+,30.575261,8.139817,SIGNAL,0x0000,CAL-20260811-001,CLOCK-20260811-001,PASS
EVT-000000000854,SIM-0001,2026081262671000163,PULSE-EXP-0001-0017-08671,EXP-0001-0017,SNSPD-01,Z,+,32.927563,8.260557,SIGNAL,0x0000,CAL-20260811-001,CLOCK-20260811-001,PASS
EVT-000000000855,SIM-0001,2026081262839000091,PULSE-EXP-0001-0017-08839,EXP-0001-0017,SNSPD-01,Z,+,30.915383,8.048258,SIGNAL,0x0000,CAL-20260811-001,CLOCK-20260811-001,PASS
EVT-000000000856,SIM-0001,2026081262937000146,PULSE-EXP-0001-0017-08937,EXP-0001-0017,SNSPD-01,Z,+,31.774634,7.022757,SIGNAL,0x0000,CAL-20260811-001,CLOCK-20260811-001,PASS
EVT-000000000857,SIM-0001,2026081263178000100,PULSE-EXP-0001-0017-09178,EXP-0001-0017,SNSPD-02,Z,-,29.651117,8.178682,SIGNAL,0x0000,CAL-20260811-001,CLOCK-20260811-001,PASS
EVT-000000000858,SIM-0001,2026081263340000175,PULSE-EXP-0001-0017-09340,EXP-0001-0017,SNSPD-04,X,-,29.193045,6.766785,SIGNAL,0x0000,CAL-20260811-001,CLOCK-20260811-001,PASS
EVT-000000000859,SIM-0001,2026081263761000029,PULSE-EXP-0001-0017-09761,EXP-0001-0017,SNSPD-06,Y,-,33.775527,7.505899,SIGNAL,0x0000,CAL-20260811-001,CLOCK-20260811-001,PASS
EVT-000000000860,SIM-0001,2026081263959000061,PULSE-EXP-0001-0017-09959,EXP-0001-0017,SNSPD-03,X,+,33.965976,7.682806,SIGNAL,0x0000,CAL-20260811-001,CLOCK-20260811-001,PASS
EVT-000000000861,SIM-0001,2026081266278000103,PULSE-EXP-0001-0004-01278,EXP-0001-0004,SNSPD-06,Y,-,33.927694,8.534616,SIGNAL,0x0000,CAL-20260811-001,CLOCK-20260811-001,PASS
EVT-000000000862,SIM-0001,2026081267282000015,PULSE-EXP-0001-0004-02282,EXP-0001-0004,SNSPD-03,X,+,34.287256,8.017380,SIGNAL,0x0000,CAL-20260811-001,CLOCK-20260811-001,PASS
EVT-000000000863,SIM-0001,2026081271900000186,PULSE-EXP-0001-0004-06900,EXP-0001-0004,SNSPD-02,Z,-,35.799490,8.208651,SIGNAL,0x0000,CAL-20260811-001,CLOCK-20260811-001,PASS
EVT-000000000864,SIM-0001,2026081273800000090,PULSE-EXP-0001-0004-08800,EXP-0001-0004,SNSPD-02,Z,-,31.426969,8.565467,SIGNAL,0x0000,CAL-20260811-001,CLOCK-20260811-001,PASS
EVT-000000000865,SIM-0001,2026081276094000045,PULSE-EXP-0001-0003-00094,EXP-0001-0003,SNSPD-05,Y,+,30.285218,7.769833,SIGNAL,0x0000,CAL-20260811-001,CLOCK-20260811-001,PASS
EVT-000000000866,SIM-0001,2026081277121000071,PULSE-EXP-0001-0003-01121,EXP-0001-0003,SNSPD-04,X,-,30.874621,7.988739,SIGNAL,0x0000,CAL-20260811-001,CLOCK-20260811-001,PASS
EVT-000000000867,SIM-0001,2026081284047000061,PULSE-EXP-0001-0003-08047,EXP-0001-0003,SNSPD-03,X,+,32.457894,7.992991,SIGNAL,0x0000,CAL-20260811-001,CLOCK-20260811-001,PASS
EVT-000000000868,SIM-0001,2026081284115000173,PULSE-EXP-0001-0003-08115,EXP-0001-0003,SNSPD-03,X,+,29.628829,7.876394,SIGNAL,0x0000,CAL-20260811-001,CLOCK-20260811-001,PASS
EVT-000000000869,SIM-0001,2026081285570000128,PULSE-EXP-0001-0003-09570,EXP-0001-0003,SNSPD-05,Y,+,33.313071,8.649690,SIGNAL,0x0000,CAL-20260811-001,CLOCK-20260811-001,PASS
EVT-000000000870,SIM-0001,2026081287084000098,PULSE-EXP-0001-0015-00084,EXP-0001-0015,SNSPD-06,Y,-,30.678896,7.708184,SIGNAL,0x0000,CAL-20260811-001,CLOCK-20260811-001,PASS
EVT-000000000871,SIM-0001,2026081287094000075,PULSE-EXP-0001-0015-00094,EXP-0001-0015,SNSPD-05,Y,+,30.522109,8.109289,SIGNAL,0x0000,CAL-20260811-001,CLOCK-20260811-001,PASS
EVT-000000000872,SIM-0001,2026081287430000170,PULSE-EXP-0001-0015-00430,EXP-0001-0015,SNSPD-01,Z,+,36.229572,8.945808,SIGNAL,0x0000,CAL-20260811-001,CLOCK-20260811-001,PASS
EVT-000000000873,SIM-0001,2026081287780000079,PULSE-EXP-0001-0015-00780,EXP-0001-0015,SNSPD-04,X,-,34.082665,7.132227,SIGNAL,0x0000,CAL-20260811-001,CLOCK-20260811-001,PASS
EVT-000000000874,SIM-0001,2026081287866000196,PULSE-EXP-0001-0015-00866,EXP-0001-0015,SNSPD-06,Y,-,35.037223,8.755562,SIGNAL,0x0000,CAL-20260811-001,CLOCK-20260811-001,PASS
EVT-000000000875,SIM-0001,2026081287867000190,PULSE-EXP-0001-0015-00867,EXP-0001-0015,SNSPD-04,X,-,31.757151,7.693768,SIGNAL,0x0000,CAL-20260811-001,CLOCK-20260811-001,PASS
EVT-000000000876,SIM-0001,2026081287895000181,PULSE-EXP-0001-0015-00895,EXP-0001-0015,SNSPD-06,Y,-,34.051982,7.567738,SIGNAL,0x0000,CAL-20260811-001,CLOCK-20260811-001,PASS
EVT-000000000877,SIM-0001,2026081288194000160,PULSE-EXP-0001-0015-01194,EXP-0001-0015,SNSPD-01,Z,+,31.862708,6.821562,SIGNAL,0x0000,CAL-20260811-001,CLOCK-20260811-001,PASS
EVT-000000000878,SIM-0001,2026081288415000136,PULSE-EXP-0001-0015-01415,EXP-0001-0015,SNSPD-01,Z,+,31.386558,8.424994,SIGNAL,0x0000,CAL-20260811-001,CLOCK-20260811-001,PASS
EVT-000000000879,SIM-0001,2026081288921000006,PULSE-EXP-0001-0015-01921,EXP-0001-0015,SNSPD-02,Z,-,32.036229,8.637024,SIGNAL,0x0000,CAL-20260811-001,CLOCK-20260811-001,PASS
EVT-000000000880,SIM-0001,2026081289171000109,PULSE-EXP-0001-0015-02171,EXP-0001-0015,SNSPD-02,Z,-,29.632448,8.693967,SIGNAL,0x0000,CAL-20260811-001,CLOCK-20260811-001,PASS
EVT-000000000881,SIM-0001,2026081289208000133,PULSE-EXP-0001-0015-02208,EXP-0001-0015,SNSPD-05,Y,+,34.181747,7.310697,SIGNAL,0x0000,CAL-20260811-001,CLOCK-20260811-001,PASS
EVT-000000000882,SIM-0001,2026081289532000007,PULSE-EXP-0001-0015-02532,EXP-0001-0015,SNSPD-02,Z,-,33.330983,9.062430,SIGNAL,0x0000,CAL-20260811-001,CLOCK-20260811-001,PASS
EVT-000000000883,SIM-0001,2026081289720000093,PULSE-EXP-0001-0015-02720,EXP-0001-0015,SNSPD-01,Z,+,31.879215,8.244697,SIGNAL,0x0000,CAL-20260811-001,CLOCK-20260811-001,PASS
EVT-000000000884,SIM-0001,2026081290370000092,PULSE-EXP-0001-0015-03370,EXP-0001-0015,SNSPD-01,Z,+,32.772674,8.113752,SIGNAL,0x0000,CAL-20260811-001,CLOCK-20260811-001,PASS
EVT-000000000885,SIM-0001,2026081290482000122,PULSE-EXP-0001-0015-03482,EXP-0001-0015,SNSPD-04,X,-,30.688547,7.593052,SIGNAL,0x0000,CAL-20260811-001,CLOCK-20260811-001,PASS
EVT-000000000886,SIM-0001,2026081290730000046,PULSE-EXP-0001-0015-03730,EXP-0001-0015,SNSPD-04,X,-,32.118922,7.711515,SIGNAL,0x0000,CAL-20260811-001,CLOCK-20260811-001,PASS
EVT-000000000887,SIM-0001,2026081290949000120,PULSE-EXP-0001-0015-03949,EXP-0001-0015,SNSPD-03,X,+,34.657164,7.884095,SIGNAL,0x0000,CAL-20260811-001,CLOCK-20260811-001,PASS
EVT-000000000888,SIM-0001,2026081291408000028,PULSE-EXP-0001-0015-04408,EXP-0001-0015,SNSPD-02,Z,-,31.812537,7.474239,SIGNAL,0x0000,CAL-20260811-001,CLOCK-20260811-001,PASS
EVT-000000000889,SIM-0001,2026081291759000078,PULSE-EXP-0001-0015-04759,EXP-0001-0015,SNSPD-03,X,+,33.319601,7.408427,SIGNAL,0x0000,CAL-20260811-001,CLOCK-20260811-001,PASS
EVT-000000000890,SIM-0001,2026081291805000082,PULSE-EXP-0001-0015-04805,EXP-0001-0015,SNSPD-02,Z,-,31.293812,8.827748,SIGNAL,0x0000,CAL-20260811-001,CLOCK-20260811-001,PASS
EVT-000000000891,SIM-0001,2026081291890000108,PULSE-EXP-0001-0015-04890,EXP-0001-0015,SNSPD-04,X,-,33.881959,8.904039,SIGNAL,0x0000,CAL-20260811-001,CLOCK-20260811-001,PASS
EVT-000000000892,SIM-0001,2026081291912000040,PULSE-EXP-0001-0015-04912,EXP-0001-0015,SNSPD-01,Z,+,30.568033,8.277591,SIGNAL,0x0000,CAL-20260811-001,CLOCK-20260811-001,PASS
EVT-000000000893,SIM-0001,2026081291916000103,PULSE-EXP-0001-0015-04916,EXP-0001-0015,SNSPD-06,Y,-,32.697246,8.171731,SIGNAL,0x0000,CAL-20260811-001,CLOCK-20260811-001,PASS
EVT-000000000894,SIM-0001,2026081292191000000,PULSE-EXP-0001-0015-05191,EXP-0001-0015,SNSPD-04,X,-,31.015296,7.430101,SIGNAL,0x0000,CAL-20260811-001,CLOCK-20260811-001,PASS
EVT-000000000895,SIM-0001,2026081292557000166,PULSE-EXP-0001-0015-05557,EXP-0001-0015,SNSPD-03,X,+,31.109234,7.071103,SIGNAL,0x0000,CAL-20260811-001,CLOCK-20260811-001,PASS
EVT-000000000896,SIM-0001,2026081292580000119,PULSE-EXP-0001-0015-05580,EXP-0001-0015,SNSPD-01,Z,+,35.307641,8.075359,SIGNAL,0x0000,CAL-20260811-001,CLOCK-20260811-001,PASS
EVT-000000000897,SIM-0001,2026081293301000199,PULSE-EXP-0001-0015-06301,EXP-0001-0015,SNSPD-04,X,-,30.566945,8.929250,SIGNAL,0x0000,CAL-20260811-001,CLOCK-20260811-001,PASS
EVT-000000000898,SIM-0001,2026081293450000006,PULSE-EXP-0001-0015-06450,EXP-0001-0015,SNSPD-05,Y,+,33.354267,9.571789,SIGNAL,0x0000,CAL-20260811-001,CLOCK-20260811-001,PASS
EVT-000000000899,SIM-0001,2026081294205000111,PULSE-EXP-0001-0015-07205,EXP-0001-0015,SNSPD-03,X,+,32.129946,8.587637,SIGNAL,0x0000,CAL-20260811-001,CLOCK-20260811-001,PASS
EVT-000000000900,SIM-0001,2026081294481000051,PULSE-EXP-0001-0015-07481,EXP-0001-0015,SNSPD-04,X,-,32.898641,7.885022,SIGNAL,0x0000,CAL-20260811-001,CLOCK-20260811-001,PASS
EVT-000000000901,SIM-0001,2026081295151000122,PULSE-EXP-0001-0015-08151,EXP-0001-0015,SNSPD-04,X,-,27.576008,7.516191,SIGNAL,0x0000,CAL-20260811-001,CLOCK-20260811-001,PASS
EVT-000000000902,SIM-0001,2026081295385000044,PULSE-EXP-0001-0015-08385,EXP-0001-0015,SNSPD-03,X,+,34.484125,7.466243,SIGNAL,0x0000,CAL-20260811-001,CLOCK-20260811-001,PASS
EVT-000000000903,SIM-0001,2026081295541000126,PULSE-EXP-0001-0015-08541,EXP-0001-0015,SNSPD-02,Z,-,32.254937,8.164686,SIGNAL,0x0000,CAL-20260811-001,CLOCK-20260811-001,PASS
EVT-000000000904,SIM-0001,2026081295669000079,PULSE-EXP-0001-0015-08669,EXP-0001-0015,SNSPD-05,Y,+,29.838550,7.259420,SIGNAL,0x0000,CAL-20260811-001,CLOCK-20260811-001,PASS
EVT-000000000905,SIM-0001,2026081295742000169,PULSE-EXP-0001-0015-08742,EXP-0001-0015,SNSPD-04,X,-,29.565096,8.284987,SIGNAL,0x0000,CAL-20260811-001,CLOCK-20260811-001,PASS
EVT-000000000906,SIM-0001,2026081296110000014,PULSE-EXP-0001-0015-09110,EXP-0001-0015,SNSPD-06,Y,-,35.249095,8.139713,SIGNAL,0x0000,CAL-20260811-001,CLOCK-20260811-001,PASS
EVT-000000000907,SIM-0001,2026081296736000076,PULSE-EXP-0001-0015-09736,EXP-0001-0015,SNSPD-02,Z,-,28.124405,7.388056,SIGNAL,0x0000,CAL-20260811-001,CLOCK-20260811-001,PASS
EVT-000000000908,SIM-0001,2026081296761000189,PULSE-EXP-0001-0015-09761,EXP-0001-0015,SNSPD-06,Y,-,33.428096,7.062648,SIGNAL,0x0000,CAL-20260811-001,CLOCK-20260811-001,PASS
EVT-000000000909,SIM-0001,2026081298168000085,PULSE-EXP-0001-0021-00168,EXP-0001-0021,SNSPD-01,Z,+,32.135474,9.084635,SIGNAL,0x0000,CAL-20260811-001,CLOCK-20260811-001,PASS
EVT-000000000910,SIM-0001,2026081298261000060,PULSE-EXP-0001-0021-00261,EXP-0001-0021,SNSPD-06,Y,-,33.188277,7.648061,SIGNAL,0x0000,CAL-20260811-001,CLOCK-20260811-001,PASS
EVT-000000000911,SIM-0001,2026081298416000059,PULSE-EXP-0001-0021-00416,EXP-0001-0021,SNSPD-01,Z,+,31.967783,8.284697,SIGNAL,0x0000,CAL-20260811-001,CLOCK-20260811-001,PASS
EVT-000000000912,SIM-0001,2026081298514000096,PULSE-EXP-0001-0021-00514,EXP-0001-0021,SNSPD-05,Y,+,33.525106,8.288174,SIGNAL,0x0000,CAL-20260811-001,CLOCK-20260811-001,PASS
EVT-000000000913,SIM-0001,2026081298587000045,PULSE-EXP-0001-0021-00587,EXP-0001-0021,SNSPD-06,Y,-,27.695952,8.275660,SIGNAL,0x0000,CAL-20260811-001,CLOCK-20260811-001,PASS
EVT-000000000914,SIM-0001,2026081298666000083,PULSE-EXP-0001-0021-00666,EXP-0001-0021,SNSPD-03,X,+,33.285263,7.977391,SIGNAL,0x0000,CAL-20260811-001,CLOCK-20260811-001,PASS
EVT-000000000915,SIM-0001,2026081299475000048,PULSE-EXP-0001-0021-01475,EXP-0001-0021,SNSPD-06,Y,-,32.351404,8.495957,SIGNAL,0x0000,CAL-20260811-001,CLOCK-20260811-001,PASS
EVT-000000000916,SIM-0001,2026081299505000045,PULSE-EXP-0001-0021-01505,EXP-0001-0021,SNSPD-02,Z,-,31.557879,7.869045,SIGNAL,0x0000,CAL-20260811-001,CLOCK-20260811-001,PASS
EVT-000000000917,SIM-0001,2026081299650000176,PULSE-EXP-0001-0021-01650,EXP-0001-0021,SNSPD-01,Z,+,31.383103,7.053952,SIGNAL,0x0000,CAL-20260811-001,CLOCK-20260811-001,PASS
EVT-000000000918,SIM-0001,2026081299693000127,PULSE-EXP-0001-0021-01693,EXP-0001-0021,SNSPD-06,Y,-,33.504541,7.164202,SIGNAL,0x0000,CAL-20260811-001,CLOCK-20260811-001,PASS
EVT-000000000919,SIM-0001,2026081299811000094,PULSE-EXP-0001-0021-01811,EXP-0001-0021,SNSPD-06,Y,-,32.893747,8.178739,SIGNAL,0x0000,CAL-20260811-001,CLOCK-20260811-001,PASS
EVT-000000000920,SIM-0001,2026081299982000199,PULSE-EXP-0001-0021-01982,EXP-0001-0021,SNSPD-05,Y,+,33.574968,8.570587,SIGNAL,0x0000,CAL-20260811-001,CLOCK-20260811-001,PASS
EVT-000000000921,SIM-0001,2026081300577000080,PULSE-EXP-0001-0021-02577,EXP-0001-0021,SNSPD-04,X,-,30.074236,7.680863,SIGNAL,0x0000,CAL-20260811-001,CLOCK-20260811-001,PASS
EVT-000000000922,SIM-0001,2026081300611000187,PULSE-EXP-0001-0021-02611,EXP-0001-0021,SNSPD-06,Y,-,31.527258,8.482414,SIGNAL,0x0000,CAL-20260811-001,CLOCK-20260811-001,PASS
EVT-000000000923,SIM-0001,2026081300658000198,PULSE-EXP-0001-0021-02658,EXP-0001-0021,SNSPD-06,Y,-,33.707937,8.020768,SIGNAL,0x0000,CAL-20260811-001,CLOCK-20260811-001,PASS
EVT-000000000924,SIM-0001,2026081300907000154,PULSE-EXP-0001-0021-02907,EXP-0001-0021,SNSPD-04,X,-,30.853574,8.059968,SIGNAL,0x0000,CAL-20260811-001,CLOCK-20260811-001,PASS
EVT-000000000925,SIM-0001,2026081301232000186,PULSE-EXP-0001-0021-03232,EXP-0001-0021,SNSPD-01,Z,+,29.461886,7.519457,SIGNAL,0x0000,CAL-20260811-001,CLOCK-20260811-001,PASS
EVT-000000000926,SIM-0001,2026081301348000104,PULSE-EXP-0001-0021-03348,EXP-0001-0021,SNSPD-05,Y,+,33.248752,7.918671,SIGNAL,0x0000,CAL-20260811-001,CLOCK-20260811-001,PASS
EVT-000000000927,SIM-0001,2026081301486000147,PULSE-EXP-0001-0021-03486,EXP-0001-0021,SNSPD-02,Z,-,30.808510,8.811375,SIGNAL,0x0000,CAL-20260811-001,CLOCK-20260811-001,PASS
EVT-000000000928,SIM-0001,2026081301773000123,PULSE-EXP-0001-0021-03773,EXP-0001-0021,SNSPD-04,X,-,35.295976,7.480525,SIGNAL,0x0000,CAL-20260811-001,CLOCK-20260811-001,PASS
EVT-000000000929,SIM-0001,2026081302003000147,PULSE-EXP-0001-0021-04003,EXP-0001-0021,SNSPD-03,X,+,29.743450,8.191183,SIGNAL,0x0000,CAL-20260811-001,CLOCK-20260811-001,PASS
EVT-000000000930,SIM-0001,2026081302227000049,PULSE-EXP-0001-0021-04227,EXP-0001-0021,SNSPD-06,Y,-,33.042261,8.738985,SIGNAL,0x0000,CAL-20260811-001,CLOCK-20260811-001,PASS
EVT-000000000931,SIM-0001,2026081302354000039,PULSE-EXP-0001-0021-04354,EXP-0001-0021,SNSPD-05,Y,+,35.416143,6.923391,SIGNAL,0x0000,CAL-20260811-001,CLOCK-20260811-001,PASS
EVT-000000000932,SIM-0001,2026081302390000191,PULSE-EXP-0001-0021-04390,EXP-0001-0021,SNSPD-04,X,-,28.812648,7.926281,SIGNAL,0x0000,CAL-20260811-001,CLOCK-20260811-001,PASS
EVT-000000000933,SIM-0001,2026081303475000137,PULSE-EXP-0001-0021-05475,EXP-0001-0021,SNSPD-04,X,-,27.884494,9.091243,SIGNAL,0x0000,CAL-20260811-001,CLOCK-20260811-001,PASS
EVT-000000000934,SIM-0001,2026081303492000031,PULSE-EXP-0001-0021-05492,EXP-0001-0021,SNSPD-03,X,+,30.257822,8.533439,SIGNAL,0x0000,CAL-20260811-001,CLOCK-20260811-001,PASS
EVT-000000000935,SIM-0001,2026081303627000152,PULSE-EXP-0001-0021-05627,EXP-0001-0021,SNSPD-03,X,+,30.585583,7.997768,SIGNAL,0x0000,CAL-20260811-001,CLOCK-20260811-001,PASS
EVT-000000000936,SIM-0001,2026081303800000153,PULSE-EXP-0001-0021-05800,EXP-0001-0021,SNSPD-04,X,-,31.619864,7.974092,SIGNAL,0x0000,CAL-20260811-001,CLOCK-20260811-001,PASS
EVT-000000000937,SIM-0001,2026081304001000176,PULSE-EXP-0001-0021-06001,EXP-0001-0021,SNSPD-01,Z,+,26.619048,8.490412,SIGNAL,0x0000,CAL-20260811-001,CLOCK-20260811-001,PASS
EVT-000000000938,SIM-0001,2026081304005000052,PULSE-EXP-0001-0021-06005,EXP-0001-0021,SNSPD-06,Y,-,33.835158,8.341008,SIGNAL,0x0000,CAL-20260811-001,CLOCK-20260811-001,PASS
EVT-000000000939,SIM-0001,2026081304244000067,PULSE-EXP-0001-0021-06244,EXP-0001-0021,SNSPD-01,Z,+,31.072409,8.326519,SIGNAL,0x0000,CAL-20260811-001,CLOCK-20260811-001,PASS
EVT-000000000940,SIM-0001,2026081304298000176,PULSE-EXP-0001-0021-06298,EXP-0001-0021,SNSPD-04,X,-,35.156607,7.876882,SIGNAL,0x0000,CAL-20260811-001,CLOCK-20260811-001,PASS
EVT-000000000941,SIM-0001,2026081304404000053,PULSE-EXP-0001-0021-06404,EXP-0001-0021,SNSPD-03,X,+,32.580590,8.022652,SIGNAL,0x0000,CAL-20260811-001,CLOCK-20260811-001,PASS
EVT-000000000942,SIM-0001,2026081304408000164,PULSE-EXP-0001-0021-06408,EXP-0001-0021,SNSPD-02,Z,-,35.323097,6.763344,SIGNAL,0x0000,CAL-20260811-001,CLOCK-20260811-001,PASS
EVT-000000000943,SIM-0001,2026081304451000107,PULSE-EXP-0001-0021-06451,EXP-0001-0021,SNSPD-04,X,-,28.633053,8.966706,SIGNAL,0x0000,CAL-20260811-001,CLOCK-20260811-001,PASS
EVT-000000000944,SIM-0001,2026081304648000094,PULSE-EXP-0001-0021-06648,EXP-0001-0021,SNSPD-01,Z,+,29.218599,7.308252,SIGNAL,0x0000,CAL-20260811-001,CLOCK-20260811-001,PASS
EVT-000000000945,SIM-0001,2026081304839000131,PULSE-EXP-0001-0021-06839,EXP-0001-0021,SNSPD-02,Z,-,33.645587,8.279439,SIGNAL,0x0000,CAL-20260811-001,CLOCK-20260811-001,PASS
EVT-000000000946,SIM-0001,2026081304866000060,PULSE-EXP-0001-0021-06866,EXP-0001-0021,SNSPD-04,X,-,32.576074,8.298241,SIGNAL,0x0000,CAL-20260811-001,CLOCK-20260811-001,PASS
EVT-000000000947,SIM-0001,2026081305515000099,PULSE-EXP-0001-0021-07515,EXP-0001-0021,SNSPD-05,Y,+,28.006787,7.900716,SIGNAL,0x0000,CAL-20260811-001,CLOCK-20260811-001,PASS
EVT-000000000948,SIM-0001,2026081305643000160,PULSE-EXP-0001-0021-07643,EXP-0001-0021,SNSPD-04,X,-,34.781062,7.708292,SIGNAL,0x0000,CAL-20260811-001,CLOCK-20260811-001,PASS
EVT-000000000949,SIM-0001,2026081305909000079,PULSE-EXP-0001-0021-07909,EXP-0001-0021,SNSPD-05,Y,+,31.856126,7.975740,SIGNAL,0x0000,CAL-20260811-001,CLOCK-20260811-001,PASS
EVT-000000000950,SIM-0001,2026081305921000117,PULSE-EXP-0001-0021-07921,EXP-0001-0021,SNSPD-03,X,+,31.543447,7.967248,SIGNAL,0x0000,CAL-20260811-001,CLOCK-20260811-001,PASS
EVT-000000000951,SIM-0001,2026081305953000068,PULSE-EXP-0001-0021-07953,EXP-0001-0021,SNSPD-05,Y,+,31.129081,8.530923,SIGNAL,0x0000,CAL-20260811-001,CLOCK-20260811-001,PASS
EVT-000000000952,SIM-0001,2026081305994000182,PULSE-EXP-0001-0021-07994,EXP-0001-0021,SNSPD-05,Y,+,31.557919,9.296083,SIGNAL,0x0000,CAL-20260811-001,CLOCK-20260811-001,PASS
EVT-000000000953,SIM-0001,2026081306063000193,PULSE-EXP-0001-0021-08063,EXP-0001-0021,SNSPD-03,X,+,30.851469,8.177677,SIGNAL,0x0000,CAL-20260811-001,CLOCK-20260811-001,PASS
EVT-000000000954,SIM-0001,2026081306422000132,PULSE-EXP-0001-0021-08422,EXP-0001-0021,SNSPD-05,Y,+,36.376613,7.595735,SIGNAL,0x0000,CAL-20260811-001,CLOCK-20260811-001,PASS
EVT-000000000955,SIM-0001,2026081306441000019,PULSE-EXP-0001-0021-08441,EXP-0001-0021,SNSPD-01,Z,+,35.035723,8.614793,SIGNAL,0x0000,CAL-20260811-001,CLOCK-20260811-001,PASS
EVT-000000000956,SIM-0001,2026081306445000126,PULSE-EXP-0001-0021-08445,EXP-0001-0021,SNSPD-05,Y,+,33.131525,7.965027,SIGNAL,0x0000,CAL-20260811-001,CLOCK-20260811-001,PASS
EVT-000000000957,SIM-0001,2026081306469000193,PULSE-EXP-0001-0021-08469,EXP-0001-0021,SNSPD-06,Y,-,32.253071,8.297908,SIGNAL,0x0000,CAL-20260811-001,CLOCK-20260811-001,PASS
EVT-000000000958,SIM-0001,2026081306849000071,PULSE-EXP-0001-0021-08849,EXP-0001-0021,SNSPD-04,X,-,28.703729,8.044033,SIGNAL,0x0000,CAL-20260811-001,CLOCK-20260811-001,PASS
EVT-000000000959,SIM-0001,2026081306932000032,PULSE-EXP-0001-0021-08932,EXP-0001-0021,SNSPD-03,X,+,36.789285,8.432221,SIGNAL,0x0000,CAL-20260811-001,CLOCK-20260811-001,PASS
EVT-000000000960,SIM-0001,2026081306998000120,PULSE-EXP-0001-0021-08998,EXP-0001-0021,SNSPD-02,Z,-,31.702017,7.337195,SIGNAL,0x0000,CAL-20260811-001,CLOCK-20260811-001,PASS
EVT-000000000961,SIM-0001,2026081307048000008,PULSE-EXP-0001-0021-09048,EXP-0001-0021,SNSPD-01,Z,+,34.079165,8.571109,SIGNAL,0x0000,CAL-20260811-001,CLOCK-20260811-001,PASS
EVT-000000000962,SIM-0001,2026081307097000172,PULSE-EXP-0001-0021-09097,EXP-0001-0021,SNSPD-02,Z,-,34.606917,8.118083,SIGNAL,0x0000,CAL-20260811-001,CLOCK-20260811-001,PASS
EVT-000000000963,SIM-0001,2026081307161000133,PULSE-EXP-0001-0021-09161,EXP-0001-0021,SNSPD-06,Y,-,31.292409,8.356289,SIGNAL,0x0000,CAL-20260811-001,CLOCK-20260811-001,PASS
EVT-000000000964,SIM-0001,2026081307299000185,PULSE-EXP-0001-0021-09299,EXP-0001-0021,SNSPD-06,Y,-,30.374985,8.124762,SIGNAL,0x0000,CAL-20260811-001,CLOCK-20260811-001,PASS
EVT-000000000965,SIM-0001,2026081307353000172,PULSE-EXP-0001-0021-09353,EXP-0001-0021,SNSPD-02,Z,-,33.489683,8.558870,SIGNAL,0x0000,CAL-20260811-001,CLOCK-20260811-001,PASS
EVT-000000000966,SIM-0001,2026081307461000041,PULSE-EXP-0001-0021-09461,EXP-0001-0021,SNSPD-06,Y,-,32.263674,8.576958,SIGNAL,0x0000,CAL-20260811-001,CLOCK-20260811-001,PASS
EVT-000000000967,SIM-0001,2026081307508000144,PULSE-EXP-0001-0021-09508,EXP-0001-0021,SNSPD-05,Y,+,31.560687,8.566478,SIGNAL,0x0000,CAL-20260811-001,CLOCK-20260811-001,PASS
EVT-000000000968,SIM-0001,2026081307959000042,PULSE-EXP-0001-0021-09959,EXP-0001-0021,SNSPD-06,Y,-,32.569566,8.099506,SIGNAL,0x0000,CAL-20260811-001,CLOCK-20260811-001,PASS
EVT-000000000969,SIM-0001,2026081310095000130,PULSE-EXP-0001-0010-01095,EXP-0001-0010,SNSPD-05,Y,+,32.395023,8.442704,SIGNAL,0x0000,CAL-20260811-001,CLOCK-20260811-001,PASS
EVT-000000000970,SIM-0001,2026081310530000039,PULSE-EXP-0001-0010-01530,EXP-0001-0010,SNSPD-01,Z,+,34.517318,8.157106,SIGNAL,0x0000,CAL-20260811-001,CLOCK-20260811-001,PASS
EVT-000000000971,SIM-0001,2026081313452000185,PULSE-EXP-0001-0010-04452,EXP-0001-0010,SNSPD-06,Y,-,32.638282,8.000200,SIGNAL,0x0000,CAL-20260811-001,CLOCK-20260811-001,PASS
EVT-000000000972,SIM-0001,2026081314712000112,PULSE-EXP-0001-0010-05712,EXP-0001-0010,SNSPD-05,Y,+,34.130992,8.612726,SIGNAL,0x0000,CAL-20260811-001,CLOCK-20260811-001,PASS
EVT-000000000973,SIM-0001,2026081314843000102,PULSE-EXP-0001-0010-05843,EXP-0001-0010,SNSPD-01,Z,+,31.457964,8.231333,SIGNAL,0x0000,CAL-20260811-001,CLOCK-20260811-001,PASS
EVT-000000000974,SIM-0001,2026081315009000128,PULSE-EXP-0001-0010-06009,EXP-0001-0010,SNSPD-02,Z,-,32.471067,8.237399,SIGNAL,0x0000,CAL-20260811-001,CLOCK-20260811-001,PASS
EVT-000000000975,SIM-0001,2026081315043000097,PULSE-EXP-0001-0010-06043,EXP-0001-0010,SNSPD-06,Y,-,30.351915,7.818782,SIGNAL,0x0000,CAL-20260811-001,CLOCK-20260811-001,PASS
EVT-000000000976,SIM-0001,2026081315209000046,PULSE-EXP-0001-0010-06209,EXP-0001-0010,SNSPD-01,Z,+,29.672873,7.891112,SIGNAL,0x0000,CAL-20260811-001,CLOCK-20260811-001,PASS
EVT-000000000977,SIM-0001,2026081315317000018,PULSE-EXP-0001-0010-06317,EXP-0001-0010,SNSPD-02,Z,-,31.216073,8.791922,SIGNAL,0x0000,CAL-20260811-001,CLOCK-20260811-001,PASS
EVT-000000000978,SIM-0001,2026081315565000191,PULSE-EXP-0001-0010-06565,EXP-0001-0010,SNSPD-01,Z,+,31.738519,7.270156,SIGNAL,0x0000,CAL-20260811-001,CLOCK-20260811-001,PASS
EVT-000000000979,SIM-0001,2026081315656000173,PULSE-EXP-0001-0010-06656,EXP-0001-0010,SNSPD-06,Y,-,31.097618,8.365803,SIGNAL,0x0000,CAL-20260811-001,CLOCK-20260811-001,PASS
EVT-000000000980,SIM-0001,2026081316253000171,PULSE-EXP-0001-0010-07253,EXP-0001-0010,SNSPD-06,Y,-,31.530464,8.541972,SIGNAL,0x0000,CAL-20260811-001,CLOCK-20260811-001,PASS
EVT-000000000981,SIM-0001,2026081316479000123,PULSE-EXP-0001-0010-07479,EXP-0001-0010,SNSPD-01,Z,+,29.758240,8.093378,SIGNAL,0x0000,CAL-20260811-001,CLOCK-20260811-001,PASS
EVT-000000000982,SIM-0001,2026081317178000007,PULSE-EXP-0001-0010-08178,EXP-0001-0010,SNSPD-05,Y,+,30.784153,7.684021,SIGNAL,0x0000,CAL-20260811-001,CLOCK-20260811-001,PASS
EVT-000000000983,SIM-0001,2026081320799000102,PULSE-EXP-0001-0013-00799,EXP-0001-0013,SNSPD-05,Y,+,27.026002,8.630880,SIGNAL,0x0000,CAL-20260811-001,CLOCK-20260811-001,PASS
EVT-000000000984,SIM-0001,2026081320987000015,PULSE-EXP-0001-0013-00987,EXP-0001-0013,SNSPD-02,Z,-,30.477346,7.312626,SIGNAL,0x0000,CAL-20260811-001,CLOCK-20260811-001,PASS
EVT-000000000985,SIM-0001,2026081321000000093,PULSE-EXP-0001-0013-01000,EXP-0001-0013,SNSPD-01,Z,+,29.844817,7.338694,SIGNAL,0x0000,CAL-20260811-001,CLOCK-20260811-001,PASS
EVT-000000000986,SIM-0001,2026081321102000012,PULSE-EXP-0001-0013-01102,EXP-0001-0013,SNSPD-02,Z,-,34.419140,8.617944,SIGNAL,0x0000,CAL-20260811-001,CLOCK-20260811-001,PASS
EVT-000000000987,SIM-0001,2026081321719000188,PULSE-EXP-0001-0013-01719,EXP-0001-0013,SNSPD-05,Y,+,29.061654,8.036728,SIGNAL,0x0000,CAL-20260811-001,CLOCK-20260811-001,PASS
EVT-000000000988,SIM-0001,2026081321820000110,PULSE-EXP-0001-0013-01820,EXP-0001-0013,SNSPD-05,Y,+,30.811645,8.464595,SIGNAL,0x0000,CAL-20260811-001,CLOCK-20260811-001,PASS
EVT-000000000989,SIM-0001,2026081321874000113,PULSE-EXP-0001-0013-01874,EXP-0001-0013,SNSPD-05,Y,+,33.955574,9.096686,SIGNAL,0x0000,CAL-20260811-001,CLOCK-20260811-001,PASS
EVT-000000000990,SIM-0001,2026081321985000091,PULSE-EXP-0001-0013-01985,EXP-0001-0013,SNSPD-06,Y,-,29.275732,7.643143,SIGNAL,0x0000,CAL-20260811-001,CLOCK-20260811-001,PASS
EVT-000000000991,SIM-0001,2026081322036000139,PULSE-EXP-0001-0013-02036,EXP-0001-0013,SNSPD-02,Z,-,31.533520,8.234883,SIGNAL,0x0000,CAL-20260811-001,CLOCK-20260811-001,PASS
EVT-000000000992,SIM-0001,2026081322179000064,PULSE-EXP-0001-0013-02179,EXP-0001-0013,SNSPD-02,Z,-,34.139640,7.715525,SIGNAL,0x0000,CAL-20260811-001,CLOCK-20260811-001,PASS
EVT-000000000993,SIM-0001,2026081322351000109,PULSE-EXP-0001-0013-02351,EXP-0001-0013,SNSPD-03,X,+,29.680452,6.415612,SIGNAL,0x0000,CAL-20260811-001,CLOCK-20260811-001,PASS
EVT-000000000994,SIM-0001,2026081322939000048,PULSE-EXP-0001-0013-02939,EXP-0001-0013,SNSPD-02,Z,-,34.664644,8.600362,SIGNAL,0x0000,CAL-20260811-001,CLOCK-20260811-001,PASS
EVT-000000000995,SIM-0001,2026081323058000186,PULSE-EXP-0001-0013-03058,EXP-0001-0013,SNSPD-05,Y,+,31.768454,7.518785,SIGNAL,0x0000,CAL-20260811-001,CLOCK-20260811-001,PASS
EVT-000000000996,SIM-0001,2026081323548000058,PULSE-EXP-0001-0013-03548,EXP-0001-0013,SNSPD-05,Y,+,32.876877,7.481879,SIGNAL,0x0000,CAL-20260811-001,CLOCK-20260811-001,PASS
EVT-000000000997,SIM-0001,2026081325609000111,PULSE-EXP-0001-0013-05609,EXP-0001-0013,SNSPD-04,X,-,34.765065,8.671865,SIGNAL,0x0000,CAL-20260811-001,CLOCK-20260811-001,PASS
EVT-000000000998,SIM-0001,2026081325888000140,PULSE-EXP-0001-0013-05888,EXP-0001-0013,SNSPD-04,X,-,33.443191,7.740563,SIGNAL,0x0000,CAL-20260811-001,CLOCK-20260811-001,PASS
EVT-000000000999,SIM-0001,2026081326121000085,PULSE-EXP-0001-0013-06121,EXP-0001-0013,SNSPD-02,Z,-,29.924235,7.564035,SIGNAL,0x0000,CAL-20260811-001,CLOCK-20260811-001,PASS
EVT-000000001000,SIM-0001,2026081326306000137,PULSE-EXP-0001-0013-06306,EXP-0001-0013,SNSPD-01,Z,+,34.793623,8.042259,SIGNAL,0x0000,CAL-20260811-001,CLOCK-20260811-001,PASS
EVT-000000001001,SIM-0001,2026081326421000042,PULSE-EXP-0001-0013-06421,EXP-0001-0013,SNSPD-03,X,+,33.250178,8.832775,SIGNAL,0x0000,CAL-20260811-001,CLOCK-20260811-001,PASS
EVT-000000001002,SIM-0001,2026081327101000157,PULSE-EXP-0001-0013-07101,EXP-0001-0013,SNSPD-04,X,-,31.098212,8.298082,SIGNAL,0x0000,CAL-20260811-001,CLOCK-20260811-001,PASS
EVT-000000001003,SIM-0001,2026081327303000110,PULSE-EXP-0001-0013-07303,EXP-0001-0013,SNSPD-03,X,+,32.463067,7.809671,SIGNAL,0x0000,CAL-20260811-001,CLOCK-20260811-001,PASS
EVT-000000001004,SIM-0001,2026081327563000190,PULSE-EXP-0001-0013-07563,EXP-0001-0013,SNSPD-01,Z,+,31.476015,7.922458,SIGNAL,0x0000,CAL-20260811-001,CLOCK-20260811-001,PASS
EVT-000000001005,SIM-0001,2026081327798000013,PULSE-EXP-0001-0013-07798,EXP-0001-0013,SNSPD-06,Y,-,35.724516,7.540239,SIGNAL,0x0000,CAL-20260811-001,CLOCK-20260811-001,PASS
EVT-000000001006,SIM-0001,2026081327990000174,PULSE-EXP-0001-0013-07990,EXP-0001-0013,SNSPD-01,Z,+,30.902106,8.736254,SIGNAL,0x0000,CAL-20260811-001,CLOCK-20260811-001,PASS
EVT-000000001007,SIM-0001,2026081328143000003,PULSE-EXP-0001-0013-08143,EXP-0001-0013,SNSPD-02,Z,-,33.511439,8.178359,SIGNAL,0x0000,CAL-20260811-001,CLOCK-20260811-001,PASS
EVT-000000001008,SIM-0001,2026081328438000032,PULSE-EXP-0001-0013-08438,EXP-0001-0013,SNSPD-01,Z,+,32.570260,8.542049,SIGNAL,0x0000,CAL-20260811-001,CLOCK-20260811-001,PASS
EVT-000000001009,SIM-0001,2026081328649000102,PULSE-EXP-0001-0013-08649,EXP-0001-0013,SNSPD-03,X,+,30.057882,8.690554,SIGNAL,0x0000,CAL-20260811-001,CLOCK-20260811-001,PASS
EVT-000000001010,SIM-0001,2026081328802000146,PULSE-EXP-0001-0013-08802,EXP-0001-0013,SNSPD-03,X,+,33.693394,7.996892,SIGNAL,0x0000,CAL-20260811-001,CLOCK-20260811-001,PASS
EVT-000000001011,SIM-0001,2026081328836000181,PULSE-EXP-0001-0013-08836,EXP-0001-0013,SNSPD-05,Y,+,35.859273,8.302751,SIGNAL,0x0000,CAL-20260811-001,CLOCK-20260811-001,PASS
EVT-000000001012,SIM-0001,2026081329248000001,PULSE-EXP-0001-0013-09248,EXP-0001-0013,SNSPD-06,Y,-,29.989654,7.801780,SIGNAL,0x0000,CAL-20260811-001,CLOCK-20260811-001,PASS
EVT-000000001013,SIM-0001,2026081329287000094,PULSE-EXP-0001-0013-09287,EXP-0001-0013,SNSPD-05,Y,+,31.191047,8.663451,SIGNAL,0x0000,CAL-20260811-001,CLOCK-20260811-001,PASS
EVT-000000001014,SIM-0001,2026081329354000196,PULSE-EXP-0001-0013-09354,EXP-0001-0013,SNSPD-04,X,-,34.429927,7.135441,SIGNAL,0x0000,CAL-20260811-001,CLOCK-20260811-001,PASS
EVT-000000001015,SIM-0001,2026081329490000010,PULSE-EXP-0001-0013-09490,EXP-0001-0013,SNSPD-01,Z,+,29.791816,7.821123,SIGNAL,0x0000,CAL-20260811-001,CLOCK-20260811-001,PASS
EVT-000000001016,SIM-0001,2026081329493000080,PULSE-EXP-0001-0013-09493,EXP-0001-0013,SNSPD-05,Y,+,32.657888,7.637028,SIGNAL,0x0000,CAL-20260811-001,CLOCK-20260811-001,PASS
EVT-000000001017,SIM-0001,2026081331223000195,PULSE-EXP-0001-0014-00223,EXP-0001-0014,SNSPD-01,Z,+,31.392570,7.264943,SIGNAL,0x0000,CAL-20260811-001,CLOCK-20260811-001,PASS
EVT-000000001018,SIM-0001,2026081331408000160,PULSE-EXP-0001-0014-00408,EXP-0001-0014,SNSPD-06,Y,-,32.040969,6.378631,SIGNAL,0x0000,CAL-20260811-001,CLOCK-20260811-001,PASS
EVT-000000001019,SIM-0001,2026081331431000034,PULSE-EXP-0001-0014-00431,EXP-0001-0014,SNSPD-06,Y,-,27.062413,7.100214,SIGNAL,0x0000,CAL-20260811-001,CLOCK-20260811-001,PASS
EVT-000000001020,SIM-0001,2026081331697000146,PULSE-EXP-0001-0014-00697,EXP-0001-0014,SNSPD-03,X,+,31.228000,8.260813,SIGNAL,0x0000,CAL-20260811-001,CLOCK-20260811-001,PASS
EVT-000000001021,SIM-0001,2026081332477000076,PULSE-EXP-0001-0014-01477,EXP-0001-0014,SNSPD-06,Y,-,31.248656,8.037369,SIGNAL,0x0000,CAL-20260811-001,CLOCK-20260811-001,PASS
EVT-000000001022,SIM-0001,2026081332742000000,PULSE-EXP-0001-0014-01742,EXP-0001-0014,SNSPD-04,X,-,35.124250,7.925007,SIGNAL,0x0000,CAL-20260811-001,CLOCK-20260811-001,PASS
EVT-000000001023,SIM-0001,2026081332792000080,PULSE-EXP-0001-0014-01792,EXP-0001-0014,SNSPD-03,X,+,34.725545,7.521923,SIGNAL,0x0000,CAL-20260811-001,CLOCK-20260811-001,PASS
EVT-000000001024,SIM-0001,2026081333813000102,PULSE-EXP-0001-0014-02813,EXP-0001-0014,SNSPD-01,Z,+,27.384054,7.689735,SIGNAL,0x0000,CAL-20260811-001,CLOCK-20260811-001,PASS
EVT-000000001025,SIM-0001,2026081334312000052,PULSE-EXP-0001-0014-03312,EXP-0001-0014,SNSPD-01,Z,+,34.237899,7.090428,SIGNAL,0x0000,CAL-20260811-001,CLOCK-20260811-001,PASS
EVT-000000001026,SIM-0001,2026081334695000039,PULSE-EXP-0001-0014-03695,EXP-0001-0014,SNSPD-04,X,-,31.684327,7.321840,SIGNAL,0x0000,CAL-20260811-001,CLOCK-20260811-001,PASS
EVT-000000001027,SIM-0001,2026081335602000076,PULSE-EXP-0001-0014-04602,EXP-0001-0014,SNSPD-03,X,+,31.978100,8.403599,SIGNAL,0x0000,CAL-20260811-001,CLOCK-20260811-001,PASS
EVT-000000001028,SIM-0001,2026081336194000114,PULSE-EXP-0001-0014-05194,EXP-0001-0014,SNSPD-03,X,+,30.608290,9.055033,SIGNAL,0x0000,CAL-20260811-001,CLOCK-20260811-001,PASS
EVT-000000001029,SIM-0001,2026081336331000137,PULSE-EXP-0001-0014-05331,EXP-0001-0014,SNSPD-05,Y,+,29.891824,8.481288,SIGNAL,0x0000,CAL-20260811-001,CLOCK-20260811-001,PASS
EVT-000000001030,SIM-0001,2026081336359000018,PULSE-EXP-0001-0014-05359,EXP-0001-0014,SNSPD-01,Z,+,31.636192,7.260064,SIGNAL,0x0000,CAL-20260811-001,CLOCK-20260811-001,PASS
EVT-000000001031,SIM-0001,2026081336468000091,PULSE-EXP-0001-0014-05468,EXP-0001-0014,SNSPD-01,Z,+,29.216779,7.896581,SIGNAL,0x0000,CAL-20260811-001,CLOCK-20260811-001,PASS
EVT-000000001032,SIM-0001,2026081337295000036,PULSE-EXP-0001-0014-06295,EXP-0001-0014,SNSPD-01,Z,+,34.176316,8.248292,SIGNAL,0x0000,CAL-20260811-001,CLOCK-20260811-001,PASS
EVT-000000001033,SIM-0001,2026081337418000035,PULSE-EXP-0001-0014-06418,EXP-0001-0014,SNSPD-04,X,-,32.947951,8.342990,SIGNAL,0x0000,CAL-20260811-001,CLOCK-20260811-001,PASS
EVT-000000001034,SIM-0001,2026081338074000073,PULSE-EXP-0001-0014-07074,EXP-0001-0014,SNSPD-03,X,+,29.953646,7.190444,SIGNAL,0x0000,CAL-20260811-001,CLOCK-20260811-001,PASS
EVT-000000001035,SIM-0001,2026081338568000098,PULSE-EXP-0001-0014-07568,EXP-0001-0014,SNSPD-05,Y,+,33.197729,9.320276,SIGNAL,0x0000,CAL-20260811-001,CLOCK-20260811-001,PASS
EVT-000000001036,SIM-0001,2026081338588000073,PULSE-EXP-0001-0014-07588,EXP-0001-0014,SNSPD-05,Y,+,30.662271,7.685400,SIGNAL,0x0000,CAL-20260811-001,CLOCK-20260811-001,PASS
EVT-000000001037,SIM-0001,2026081339307000100,PULSE-EXP-0001-0014-08307,EXP-0001-0014,SNSPD-03,X,+,29.843088,7.553383,SIGNAL,0x0000,CAL-20260811-001,CLOCK-20260811-001,PASS
EVT-000000001038,SIM-0001,2026081339440000045,PULSE-EXP-0001-0014-08440,EXP-0001-0014,SNSPD-02,Z,-,29.677859,8.595322,SIGNAL,0x0000,CAL-20260811-001,CLOCK-20260811-001,PASS
EVT-000000001039,SIM-0001,2026081340214000178,PULSE-EXP-0001-0014-09214,EXP-0001-0014,SNSPD-06,Y,-,31.841105,8.105533,SIGNAL,0x0000,CAL-20260811-001,CLOCK-20260811-001,PASS
EVT-000000001040,SIM-0001,2026081340385000176,PULSE-EXP-0001-0014-09385,EXP-0001-0014,SNSPD-03,X,+,30.736305,7.588192,SIGNAL,0x0000,CAL-20260811-001,CLOCK-20260811-001,PASS
EVT-000000001041,SIM-0001,2026081340691000027,PULSE-EXP-0001-0014-09691,EXP-0001-0014,SNSPD-04,X,-,34.131820,7.571281,SIGNAL,0x0000,CAL-20260811-001,CLOCK-20260811-001,PASS
EVT-000000001042,SIM-0001,2026081342152000195,PULSE-EXP-0001-0011-00152,EXP-0001-0011,SNSPD-05,Y,+,30.818372,6.974692,SIGNAL,0x0000,CAL-20260811-001,CLOCK-20260811-001,PASS
EVT-000000001043,SIM-0001,2026081342327000101,PULSE-EXP-0001-0011-00327,EXP-0001-0011,SNSPD-01,Z,+,32.277245,7.262125,SIGNAL,0x0000,CAL-20260811-001,CLOCK-20260811-001,PASS
EVT-000000001044,SIM-0001,2026081343568000144,PULSE-EXP-0001-0011-01568,EXP-0001-0011,SNSPD-06,Y,-,32.151992,8.229785,SIGNAL,0x0000,CAL-20260811-001,CLOCK-20260811-001,PASS
EVT-000000001045,SIM-0001,2026081343694000041,PULSE-EXP-0001-0011-01694,EXP-0001-0011,SNSPD-01,Z,+,34.017615,7.462677,SIGNAL,0x0000,CAL-20260811-001,CLOCK-20260811-001,PASS
EVT-000000001046,SIM-0001,2026081344601000141,PULSE-EXP-0001-0011-02601,EXP-0001-0011,SNSPD-05,Y,+,31.094105,7.761368,SIGNAL,0x0000,CAL-20260811-001,CLOCK-20260811-001,PASS
EVT-000000001047,SIM-0001,2026081345158000104,PULSE-EXP-0001-0011-03158,EXP-0001-0011,SNSPD-04,X,-,31.848688,8.545471,SIGNAL,0x0000,CAL-20260811-001,CLOCK-20260811-001,PASS
EVT-000000001048,SIM-0001,2026081345782000026,PULSE-EXP-0001-0011-03782,EXP-0001-0011,SNSPD-03,X,+,32.524188,8.446615,SIGNAL,0x0000,CAL-20260811-001,CLOCK-20260811-001,PASS
EVT-000000001049,SIM-0001,2026081346157000044,PULSE-EXP-0001-0011-04157,EXP-0001-0011,SNSPD-02,Z,-,29.308330,7.281912,SIGNAL,0x0000,CAL-20260811-001,CLOCK-20260811-001,PASS
EVT-000000001050,SIM-0001,2026081346561000095,PULSE-EXP-0001-0011-04561,EXP-0001-0011,SNSPD-01,Z,+,31.499114,7.563946,SIGNAL,0x0000,CAL-20260811-001,CLOCK-20260811-001,PASS
EVT-000000001051,SIM-0001,2026081347236000164,PULSE-EXP-0001-0011-05236,EXP-0001-0011,SNSPD-01,Z,+,32.374887,7.133000,SIGNAL,0x0000,CAL-20260811-001,CLOCK-20260811-001,PASS
EVT-000000001052,SIM-0001,2026081347252000028,PULSE-EXP-0001-0011-05252,EXP-0001-0011,SNSPD-01,Z,+,31.102830,8.570951,SIGNAL,0x0000,CAL-20260811-001,CLOCK-20260811-001,PASS
EVT-000000001053,SIM-0001,2026081347437000154,PULSE-EXP-0001-0011-05437,EXP-0001-0011,SNSPD-01,Z,+,29.637922,6.848669,SIGNAL,0x0000,CAL-20260811-001,CLOCK-20260811-001,PASS
EVT-000000001054,SIM-0001,2026081347622000132,PULSE-EXP-0001-0011-05622,EXP-0001-0011,SNSPD-01,Z,+,33.950898,7.926055,SIGNAL,0x0000,CAL-20260811-001,CLOCK-20260811-001,PASS
EVT-000000001055,SIM-0001,2026081347958000170,PULSE-EXP-0001-0011-05958,EXP-0001-0011,SNSPD-04,X,-,33.808192,8.198085,SIGNAL,0x0000,CAL-20260811-001,CLOCK-20260811-001,PASS
EVT-000000001056,SIM-0001,2026081349145000188,PULSE-EXP-0001-0011-07145,EXP-0001-0011,SNSPD-06,Y,-,31.584622,8.235863,SIGNAL,0x0000,CAL-20260811-001,CLOCK-20260811-001,PASS
EVT-000000001057,SIM-0001,2026081349609000058,PULSE-EXP-0001-0011-07609,EXP-0001-0011,SNSPD-01,Z,+,31.410231,8.677037,SIGNAL,0x0000,CAL-20260811-001,CLOCK-20260811-001,PASS
EVT-000000001058,SIM-0001,2026081349785000134,PULSE-EXP-0001-0011-07785,EXP-0001-0011,SNSPD-02,Z,-,31.543880,8.283124,SIGNAL,0x0000,CAL-20260811-001,CLOCK-20260811-001,PASS
EVT-000000001059,SIM-0001,2026081351075000012,PULSE-EXP-0001-0011-09075,EXP-0001-0011,SNSPD-06,Y,-,30.281463,8.349834,SIGNAL,0x0000,CAL-20260811-001,CLOCK-20260811-001,PASS
EVT-000000001060,SIM-0001,2026081351902000046,PULSE-EXP-0001-0011-09902,EXP-0001-0011,SNSPD-02,Z,-,37.873138,7.721364,SIGNAL,0x0000,CAL-20260811-001,CLOCK-20260811-001,PASS
EVT-000000001061,SIM-0001,2026081353164000047,PULSE-EXP-0001-0016-00164,EXP-0001-0016,SNSPD-05,Y,+,35.139626,8.276620,SIGNAL,0x0000,CAL-20260811-001,CLOCK-20260811-001,PASS
EVT-000000001062,SIM-0001,2026081353373000197,PULSE-EXP-0001-0016-00373,EXP-0001-0016,SNSPD-03,X,+,29.381108,8.119675,SIGNAL,0x0000,CAL-20260811-001,CLOCK-20260811-001,PASS
EVT-000000001063,SIM-0001,2026081353556000127,PULSE-EXP-0001-0016-00556,EXP-0001-0016,SNSPD-03,X,+,31.459143,7.753073,SIGNAL,0x0000,CAL-20260811-001,CLOCK-20260811-001,PASS
EVT-000000001064,SIM-0001,2026081353591000064,PULSE-EXP-0001-0016-00591,EXP-0001-0016,SNSPD-04,X,-,33.211709,7.886244,SIGNAL,0x0000,CAL-20260811-001,CLOCK-20260811-001,PASS
EVT-000000001065,SIM-0001,2026081353866000136,PULSE-EXP-0001-0016-00866,EXP-0001-0016,SNSPD-01,Z,+,30.940849,7.144562,SIGNAL,0x0000,CAL-20260811-001,CLOCK-20260811-001,PASS
EVT-000000001066,SIM-0001,2026081355157000012,PULSE-EXP-0001-0016-02157,EXP-0001-0016,SNSPD-01,Z,+,34.902708,8.835590,SIGNAL,0x0000,CAL-20260811-001,CLOCK-20260811-001,PASS
EVT-000000001067,SIM-0001,2026081355503000189,PULSE-EXP-0001-0016-02503,EXP-0001-0016,SNSPD-05,Y,+,30.317878,7.284384,SIGNAL,0x0000,CAL-20260811-001,CLOCK-20260811-001,PASS
EVT-000000001068,SIM-0001,2026081355615000016,PULSE-EXP-0001-0016-02615,EXP-0001-0016,SNSPD-06,Y,-,34.505549,8.927191,SIGNAL,0x0000,CAL-20260811-001,CLOCK-20260811-001,PASS
EVT-000000001069,SIM-0001,2026081355807000087,PULSE-EXP-0001-0016-02807,EXP-0001-0016,SNSPD-03,X,+,32.388208,7.059356,SIGNAL,0x0000,CAL-20260811-001,CLOCK-20260811-001,PASS
EVT-000000001070,SIM-0001,2026081355872000085,PULSE-EXP-0001-0016-02872,EXP-0001-0016,SNSPD-03,X,+,35.745529,8.324011,SIGNAL,0x0000,CAL-20260811-001,CLOCK-20260811-001,PASS
EVT-000000001071,SIM-0001,2026081356275000194,PULSE-EXP-0001-0016-03275,EXP-0001-0016,SNSPD-01,Z,+,31.247041,7.725413,SIGNAL,0x0000,CAL-20260811-001,CLOCK-20260811-001,PASS
EVT-000000001072,SIM-0001,2026081356445000071,PULSE-EXP-0001-0016-03445,EXP-0001-0016,SNSPD-02,Z,-,32.911700,7.600609,SIGNAL,0x0000,CAL-20260811-001,CLOCK-20260811-001,PASS
EVT-000000001073,SIM-0001,2026081356542000125,PULSE-EXP-0001-0016-03542,EXP-0001-0016,SNSPD-06,Y,-,30.965628,7.765612,SIGNAL,0x0000,CAL-20260811-001,CLOCK-20260811-001,PASS
EVT-000000001074,SIM-0001,2026081356658000144,PULSE-EXP-0001-0016-03658,EXP-0001-0016,SNSPD-04,X,-,32.310483,7.797016,SIGNAL,0x0000,CAL-20260811-001,CLOCK-20260811-001,PASS
EVT-000000001075,SIM-0001,2026081356860000187,PULSE-EXP-0001-0016-03860,EXP-0001-0016,SNSPD-04,X,-,31.762526,7.141900,SIGNAL,0x0000,CAL-20260811-001,CLOCK-20260811-001,PASS
EVT-000000001076,SIM-0001,2026081356885000128,PULSE-EXP-0001-0016-03885,EXP-0001-0016,SNSPD-06,Y,-,35.166275,8.212197,SIGNAL,0x0000,CAL-20260811-001,CLOCK-20260811-001,PASS
EVT-000000001077,SIM-0001,2026081356994000066,PULSE-EXP-0001-0016-03994,EXP-0001-0016,SNSPD-03,X,+,34.567710,8.490591,SIGNAL,0x0000,CAL-20260811-001,CLOCK-20260811-001,PASS
EVT-000000001078,SIM-0001,2026081357075000033,PULSE-EXP-0001-0016-04075,EXP-0001-0016,SNSPD-05,Y,+,28.513606,8.699149,SIGNAL,0x0000,CAL-20260811-001,CLOCK-20260811-001,PASS
EVT-000000001079,SIM-0001,2026081357075000122,PULSE-EXP-0001-0016-04075,EXP-0001-0016,SNSPD-04,X,-,31.912979,7.385410,SIGNAL,0x0000,CAL-20260811-001,CLOCK-20260811-001,PASS
EVT-000000001080,SIM-0001,2026081357104000114,PULSE-EXP-0001-0016-04104,EXP-0001-0016,SNSPD-05,Y,+,32.745806,8.376510,SIGNAL,0x0000,CAL-20260811-001,CLOCK-20260811-001,PASS
EVT-000000001081,SIM-0001,2026081357239000117,PULSE-EXP-0001-0016-04239,EXP-0001-0016,SNSPD-05,Y,+,31.983247,9.062486,SIGNAL,0x0000,CAL-20260811-001,CLOCK-20260811-001,PASS
EVT-000000001082,SIM-0001,2026081357265000172,PULSE-EXP-0001-0016-04265,EXP-0001-0016,SNSPD-04,X,-,30.182162,8.023415,SIGNAL,0x0000,CAL-20260811-001,CLOCK-20260811-001,PASS
EVT-000000001083,SIM-0001,2026081357379000080,PULSE-EXP-0001-0016-04379,EXP-0001-0016,SNSPD-06,Y,-,30.666390,7.940734,SIGNAL,0x0000,CAL-20260811-001,CLOCK-20260811-001,PASS
EVT-000000001084,SIM-0001,2026081357545000137,PULSE-EXP-0001-0016-04545,EXP-0001-0016,SNSPD-05,Y,+,31.169045,8.074209,SIGNAL,0x0000,CAL-20260811-001,CLOCK-20260811-001,PASS
EVT-000000001085,SIM-0001,2026081357730000008,PULSE-EXP-0001-0016-04730,EXP-0001-0016,SNSPD-04,X,-,28.461256,8.660299,SIGNAL,0x0000,CAL-20260811-001,CLOCK-20260811-001,PASS
EVT-000000001086,SIM-0001,2026081357914000010,PULSE-EXP-0001-0016-04914,EXP-0001-0016,SNSPD-01,Z,+,30.730043,7.936901,SIGNAL,0x0000,CAL-20260811-001,CLOCK-20260811-001,PASS
EVT-000000001087,SIM-0001,2026081358409000010,PULSE-EXP-0001-0016-05409,EXP-0001-0016,SNSPD-05,Y,+,33.195652,7.245902,SIGNAL,0x0000,CAL-20260811-001,CLOCK-20260811-001,PASS
EVT-000000001088,SIM-0001,2026081358713000020,PULSE-EXP-0001-0016-05713,EXP-0001-0016,SNSPD-04,X,-,32.756063,7.297381,SIGNAL,0x0000,CAL-20260811-001,CLOCK-20260811-001,PASS
EVT-000000001089,SIM-0001,2026081359052000164,PULSE-EXP-0001-0016-06052,EXP-0001-0016,SNSPD-03,X,+,32.077120,8.504217,SIGNAL,0x0000,CAL-20260811-001,CLOCK-20260811-001,PASS
EVT-000000001090,SIM-0001,2026081359091000071,PULSE-EXP-0001-0016-06091,EXP-0001-0016,SNSPD-03,X,+,32.869091,7.849502,SIGNAL,0x0000,CAL-20260811-001,CLOCK-20260811-001,PASS
EVT-000000001091,SIM-0001,2026081359163000055,PULSE-EXP-0001-0016-06163,EXP-0001-0016,SNSPD-04,X,-,28.368993,7.410511,SIGNAL,0x0000,CAL-20260811-001,CLOCK-20260811-001,PASS
EVT-000000001092,SIM-0001,2026081359213000041,PULSE-EXP-0001-0016-06213,EXP-0001-0016,SNSPD-04,X,-,31.055245,8.308908,SIGNAL,0x0000,CAL-20260811-001,CLOCK-20260811-001,PASS
EVT-000000001093,SIM-0001,2026081359235000137,PULSE-EXP-0001-0016-06235,EXP-0001-0016,SNSPD-04,X,-,34.541745,7.694257,SIGNAL,0x0000,CAL-20260811-001,CLOCK-20260811-001,PASS
EVT-000000001094,SIM-0001,2026081359244000058,PULSE-EXP-0001-0016-06244,EXP-0001-0016,SNSPD-05,Y,+,35.416471,8.311549,SIGNAL,0x0000,CAL-20260811-001,CLOCK-20260811-001,PASS
EVT-000000001095,SIM-0001,2026081359510000069,PULSE-EXP-0001-0016-06510,EXP-0001-0016,SNSPD-03,X,+,32.319345,7.225361,SIGNAL,0x0000,CAL-20260811-001,CLOCK-20260811-001,PASS
EVT-000000001096,SIM-0001,2026081359774000006,PULSE-EXP-0001-0016-06774,EXP-0001-0016,SNSPD-06,Y,-,30.052043,7.704695,SIGNAL,0x0000,CAL-20260811-001,CLOCK-20260811-001,PASS
EVT-000000001097,SIM-0001,2026081359796000024,PULSE-EXP-0001-0016-06796,EXP-0001-0016,SNSPD-05,Y,+,29.809164,7.934929,SIGNAL,0x0000,CAL-20260811-001,CLOCK-20260811-001,PASS
EVT-000000001098,SIM-0001,2026081360076000010,PULSE-EXP-0001-0016-07076,EXP-0001-0016,SNSPD-01,Z,+,32.297407,8.398044,SIGNAL,0x0000,CAL-20260811-001,CLOCK-20260811-001,PASS
EVT-000000001099,SIM-0001,2026081360221000021,PULSE-EXP-0001-0016-07221,EXP-0001-0016,SNSPD-01,Z,+,29.692586,8.588010,SIGNAL,0x0000,CAL-20260811-001,CLOCK-20260811-001,PASS
EVT-000000001100,SIM-0001,2026081360271000014,PULSE-EXP-0001-0016-07271,EXP-0001-0016,SNSPD-05,Y,+,34.214523,8.426613,SIGNAL,0x0000,CAL-20260811-001,CLOCK-20260811-001,PASS
EVT-000000001101,SIM-0001,2026081360689000141,PULSE-EXP-0001-0016-07689,EXP-0001-0016,SNSPD-04,X,-,35.635483,7.712301,SIGNAL,0x0000,CAL-20260811-001,CLOCK-20260811-001,PASS
EVT-000000001102,SIM-0001,2026081361351000145,PULSE-EXP-0001-0016-08351,EXP-0001-0016,SNSPD-02,Z,-,32.972127,7.832669,SIGNAL,0x0000,CAL-20260811-001,CLOCK-20260811-001,PASS
EVT-000000001103,SIM-0001,2026081361709000103,PULSE-EXP-0001-0016-08709,EXP-0001-0016,SNSPD-03,X,+,34.823652,9.340440,SIGNAL,0x0000,CAL-20260811-001,CLOCK-20260811-001,PASS
EVT-000000001104,SIM-0001,2026081361869000062,PULSE-EXP-0001-0016-08869,EXP-0001-0016,SNSPD-01,Z,+,32.909823,7.100164,SIGNAL,0x0000,CAL-20260811-001,CLOCK-20260811-001,PASS
EVT-000000001105,SIM-0001,2026081361961000192,PULSE-EXP-0001-0016-08961,EXP-0001-0016,SNSPD-05,Y,+,33.443022,8.621353,SIGNAL,0x0000,CAL-20260811-001,CLOCK-20260811-001,PASS
EVT-000000001106,SIM-0001,2026081362046000052,PULSE-EXP-0001-0016-09046,EXP-0001-0016,SNSPD-03,X,+,30.389132,8.685411,SIGNAL,0x0000,CAL-20260811-001,CLOCK-20260811-001,PASS
EVT-000000001107,SIM-0001,2026081362092000006,PULSE-EXP-0001-0016-09092,EXP-0001-0016,SNSPD-01,Z,+,34.406241,7.080422,SIGNAL,0x0000,CAL-20260811-001,CLOCK-20260811-001,PASS
EVT-000000001108,SIM-0001,2026081362287000152,PULSE-EXP-0001-0016-09287,EXP-0001-0016,SNSPD-06,Y,-,30.401816,8.338676,SIGNAL,0x0000,CAL-20260811-001,CLOCK-20260811-001,PASS
EVT-000000001109,SIM-0001,2026081362465000022,PULSE-EXP-0001-0016-09465,EXP-0001-0016,SNSPD-06,Y,-,31.904893,9.043444,SIGNAL,0x0000,CAL-20260811-001,CLOCK-20260811-001,PASS
EVT-000000001110,SIM-0001,2026081362607000146,PULSE-EXP-0001-0016-09607,EXP-0001-0016,SNSPD-06,Y,-,34.135888,8.425910,SIGNAL,0x0000,CAL-20260811-001,CLOCK-20260811-001,PASS
EVT-000000001111,SIM-0001,2026081362621000172,PULSE-EXP-0001-0016-09621,EXP-0001-0016,SNSPD-05,Y,+,30.776943,7.375901,SIGNAL,0x0000,CAL-20260811-001,CLOCK-20260811-001,PASS
EVT-000000001112,SIM-0001,2026081362637000127,PULSE-EXP-0001-0016-09637,EXP-0001-0016,SNSPD-05,Y,+,33.663429,7.526092,SIGNAL,0x0000,CAL-20260811-001,CLOCK-20260811-001,PASS
EVT-000000001113,SIM-0001,2026081362687000170,PULSE-EXP-0001-0016-09687,EXP-0001-0016,SNSPD-06,Y,-,32.117274,7.091222,SIGNAL,0x0000,CAL-20260811-001,CLOCK-20260811-001,PASS
EVT-000000001114,SIM-0001,2026081364127000009,PULSE-EXP-0001-0024-00127,EXP-0001-0024,SNSPD-01,Z,+,28.542046,7.708411,SIGNAL,0x0000,CAL-20260811-001,CLOCK-20260811-001,PASS
EVT-000000001115,SIM-0001,2026081364308000116,PULSE-EXP-0001-0024-00308,EXP-0001-0024,SNSPD-03,X,+,30.538133,8.215056,SIGNAL,0x0000,CAL-20260811-001,CLOCK-20260811-001,PASS
EVT-000000001116,SIM-0001,2026081364431000065,PULSE-EXP-0001-0024-00431,EXP-0001-0024,SNSPD-04,X,-,31.147836,8.057635,SIGNAL,0x0000,CAL-20260811-001,CLOCK-20260811-001,PASS
EVT-000000001117,SIM-0001,2026081364858000130,PULSE-EXP-0001-0024-00858,EXP-0001-0024,SNSPD-01,Z,+,31.462582,8.094814,SIGNAL,0x0000,CAL-20260811-001,CLOCK-20260811-001,PASS
EVT-000000001118,SIM-0001,2026081364877000166,PULSE-EXP-0001-0024-00877,EXP-0001-0024,SNSPD-05,Y,+,29.816410,7.855184,SIGNAL,0x0000,CAL-20260811-001,CLOCK-20260811-001,PASS
EVT-000000001119,SIM-0001,2026081364904000079,PULSE-EXP-0001-0024-00904,EXP-0001-0024,SNSPD-02,Z,-,31.247566,8.774423,SIGNAL,0x0000,CAL-20260811-001,CLOCK-20260811-001,PASS
EVT-000000001120,SIM-0001,2026081364950000022,PULSE-EXP-0001-0024-00950,EXP-0001-0024,SNSPD-01,Z,+,30.458498,7.614492,SIGNAL,0x0000,CAL-20260811-001,CLOCK-20260811-001,PASS
EVT-000000001121,SIM-0001,2026081365039000100,PULSE-EXP-0001-0024-01039,EXP-0001-0024,SNSPD-02,Z,-,29.588489,7.780803,SIGNAL,0x0000,CAL-20260811-001,CLOCK-20260811-001,PASS
EVT-000000001122,SIM-0001,2026081365111000120,PULSE-EXP-0001-0024-01111,EXP-0001-0024,SNSPD-03,X,+,35.433873,8.186141,SIGNAL,0x0000,CAL-20260811-001,CLOCK-20260811-001,PASS
EVT-000000001123,SIM-0001,2026081365174000126,PULSE-EXP-0001-0024-01174,EXP-0001-0024,SNSPD-04,X,-,29.967727,7.878038,SIGNAL,0x0000,CAL-20260811-001,CLOCK-20260811-001,PASS
EVT-000000001124,SIM-0001,2026081365358000090,PULSE-EXP-0001-0024-01358,EXP-0001-0024,SNSPD-03,X,+,29.294301,7.533195,SIGNAL,0x0000,CAL-20260811-001,CLOCK-20260811-001,PASS
EVT-000000001125,SIM-0001,2026081365441000157,PULSE-EXP-0001-0024-01441,EXP-0001-0024,SNSPD-05,Y,+,31.739313,7.469094,SIGNAL,0x0000,CAL-20260811-001,CLOCK-20260811-001,PASS
EVT-000000001126,SIM-0001,2026081365513000063,PULSE-EXP-0001-0024-01513,EXP-0001-0024,SNSPD-06,Y,-,34.483029,8.024225,SIGNAL,0x0000,CAL-20260811-001,CLOCK-20260811-001,PASS
EVT-000000001127,SIM-0001,2026081365570000113,PULSE-EXP-0001-0024-01570,EXP-0001-0024,SNSPD-04,X,-,32.721656,7.788133,SIGNAL,0x0000,CAL-20260811-001,CLOCK-20260811-001,PASS
EVT-000000001128,SIM-0001,2026081365653000073,PULSE-EXP-0001-0024-01653,EXP-0001-0024,SNSPD-05,Y,+,34.104414,7.668418,SIGNAL,0x0000,CAL-20260811-001,CLOCK-20260811-001,PASS
EVT-000000001129,SIM-0001,2026081365700000142,PULSE-EXP-0001-0024-01700,EXP-0001-0024,SNSPD-06,Y,-,33.502082,7.524529,SIGNAL,0x0000,CAL-20260811-001,CLOCK-20260811-001,PASS
EVT-000000001130,SIM-0001,2026081365778000174,PULSE-EXP-0001-0024-01778,EXP-0001-0024,SNSPD-01,Z,+,32.080179,7.923411,SIGNAL,0x0000,CAL-20260811-001,CLOCK-20260811-001,PASS
EVT-000000001131,SIM-0001,2026081365948000045,PULSE-EXP-0001-0024-01948,EXP-0001-0024,SNSPD-05,Y,+,32.505439,6.944404,SIGNAL,0x0000,CAL-20260811-001,CLOCK-20260811-001,PASS
EVT-000000001132,SIM-0001,2026081366022000142,PULSE-EXP-0001-0024-02022,EXP-0001-0024,SNSPD-06,Y,-,29.551308,8.811010,SIGNAL,0x0000,CAL-20260811-001,CLOCK-20260811-001,PASS
EVT-000000001133,SIM-0001,2026081366055000058,PULSE-EXP-0001-0024-02055,EXP-0001-0024,SNSPD-03,X,+,33.861478,7.786883,SIGNAL,0x0000,CAL-20260811-001,CLOCK-20260811-001,PASS
EVT-000000001134,SIM-0001,2026081366090000056,PULSE-EXP-0001-0024-02090,EXP-0001-0024,SNSPD-01,Z,+,31.296154,8.350153,SIGNAL,0x0000,CAL-20260811-001,CLOCK-20260811-001,PASS
EVT-000000001135,SIM-0001,2026081366263000111,PULSE-EXP-0001-0024-02263,EXP-0001-0024,SNSPD-03,X,+,31.622379,9.463979,SIGNAL,0x0000,CAL-20260811-001,CLOCK-20260811-001,PASS
EVT-000000001136,SIM-0001,2026081366635000120,PULSE-EXP-0001-0024-02635,EXP-0001-0024,SNSPD-01,Z,+,35.672625,7.493727,SIGNAL,0x0000,CAL-20260811-001,CLOCK-20260811-001,PASS
EVT-000000001137,SIM-0001,2026081366703000196,PULSE-EXP-0001-0024-02703,EXP-0001-0024,SNSPD-06,Y,-,30.352736,8.346960,SIGNAL,0x0000,CAL-20260811-001,CLOCK-20260811-001,PASS
EVT-000000001138,SIM-0001,2026081366819000007,PULSE-EXP-0001-0024-02819,EXP-0001-0024,SNSPD-03,X,+,28.583387,7.166600,SIGNAL,0x0000,CAL-20260811-001,CLOCK-20260811-001,PASS
EVT-000000001139,SIM-0001,2026081366830000078,PULSE-EXP-0001-0024-02830,EXP-0001-0024,SNSPD-06,Y,-,32.479029,8.589912,SIGNAL,0x0000,CAL-20260811-001,CLOCK-20260811-001,PASS
EVT-000000001140,SIM-0001,2026081366847000127,PULSE-EXP-0001-0024-02847,EXP-0001-0024,SNSPD-03,X,+,31.063602,8.101543,SIGNAL,0x0000,CAL-20260811-001,CLOCK-20260811-001,PASS
EVT-000000001141,SIM-0001,2026081367083000109,PULSE-EXP-0001-0024-03083,EXP-0001-0024,SNSPD-04,X,-,32.958243,9.125964,SIGNAL,0x0000,CAL-20260811-001,CLOCK-20260811-001,PASS
EVT-000000001142,SIM-0001,2026081367095000162,PULSE-EXP-0001-0024-03095,EXP-0001-0024,SNSPD-05,Y,+,32.673496,8.820049,SIGNAL,0x0000,CAL-20260811-001,CLOCK-20260811-001,PASS
EVT-000000001143,SIM-0001,2026081367155000158,PULSE-EXP-0001-0024-03155,EXP-0001-0024,SNSPD-01,Z,+,35.773743,8.615720,SIGNAL,0x0000,CAL-20260811-001,CLOCK-20260811-001,PASS
EVT-000000001144,SIM-0001,2026081367163000001,PULSE-EXP-0001-0024-03163,EXP-0001-0024,SNSPD-02,Z,-,34.776798,8.665145,SIGNAL,0x0000,CAL-20260811-001,CLOCK-20260811-001,PASS
EVT-000000001145,SIM-0001,2026081367297000039,PULSE-EXP-0001-0024-03297,EXP-0001-0024,SNSPD-02,Z,-,32.519286,8.238693,SIGNAL,0x0000,CAL-20260811-001,CLOCK-20260811-001,PASS
EVT-000000001146,SIM-0001,2026081367300000133,PULSE-EXP-0001-0024-03300,EXP-0001-0024,SNSPD-04,X,-,36.689784,8.487889,SIGNAL,0x0000,CAL-20260811-001,CLOCK-20260811-001,PASS
EVT-000000001147,SIM-0001,2026081367409000052,PULSE-EXP-0001-0024-03409,EXP-0001-0024,SNSPD-04,X,-,32.725931,8.193805,SIGNAL,0x0000,CAL-20260811-001,CLOCK-20260811-001,PASS
EVT-000000001148,SIM-0001,2026081367429000115,PULSE-EXP-0001-0024-03429,EXP-0001-0024,SNSPD-05,Y,+,29.970444,8.152353,SIGNAL,0x0000,CAL-20260811-001,CLOCK-20260811-001,PASS
EVT-000000001149,SIM-0001,2026081367468000191,PULSE-EXP-0001-0024-03468,EXP-0001-0024,SNSPD-06,Y,-,33.365379,7.504257,SIGNAL,0x0000,CAL-20260811-001,CLOCK-20260811-001,PASS
EVT-000000001150,SIM-0001,2026081367481000199,PULSE-EXP-0001-0024-03481,EXP-0001-0024,SNSPD-05,Y,+,30.016528,7.637224,SIGNAL,0x0000,CAL-20260811-001,CLOCK-20260811-001,PASS
EVT-000000001151,SIM-0001,2026081367505000021,PULSE-EXP-0001-0024-03505,EXP-0001-0024,SNSPD-05,Y,+,33.496355,7.556965,SIGNAL,0x0000,CAL-20260811-001,CLOCK-20260811-001,PASS
EVT-000000001152,SIM-0001,2026081367622000053,PULSE-EXP-0001-0024-03622,EXP-0001-0024,SNSPD-03,X,+,30.863484,8.058310,SIGNAL,0x0000,CAL-20260811-001,CLOCK-20260811-001,PASS
EVT-000000001153,SIM-0001,2026081367936000129,PULSE-EXP-0001-0024-03936,EXP-0001-0024,SNSPD-03,X,+,31.445662,8.381629,SIGNAL,0x0000,CAL-20260811-001,CLOCK-20260811-001,PASS
EVT-000000001154,SIM-0001,2026081368155000023,PULSE-EXP-0001-0024-04155,EXP-0001-0024,SNSPD-02,Z,-,31.175539,6.342228,SIGNAL,0x0000,CAL-20260811-001,CLOCK-20260811-001,PASS
EVT-000000001155,SIM-0001,2026081368161000080,PULSE-EXP-0001-0024-04161,EXP-0001-0024,SNSPD-06,Y,-,34.322731,8.116596,SIGNAL,0x0000,CAL-20260811-001,CLOCK-20260811-001,PASS
EVT-000000001156,SIM-0001,2026081368388000038,PULSE-EXP-0001-0024-04388,EXP-0001-0024,SNSPD-03,X,+,33.723013,8.045416,SIGNAL,0x0000,CAL-20260811-001,CLOCK-20260811-001,PASS
EVT-000000001157,SIM-0001,2026081368442000116,PULSE-EXP-0001-0024-04442,EXP-0001-0024,SNSPD-03,X,+,31.238070,7.892413,SIGNAL,0x0000,CAL-20260811-001,CLOCK-20260811-001,PASS
EVT-000000001158,SIM-0001,2026081368455000096,PULSE-EXP-0001-0024-04455,EXP-0001-0024,SNSPD-01,Z,+,32.477436,7.320672,SIGNAL,0x0000,CAL-20260811-001,CLOCK-20260811-001,PASS
EVT-000000001159,SIM-0001,2026081368467000096,PULSE-EXP-0001-0024-04467,EXP-0001-0024,SNSPD-01,Z,+,30.986819,8.010269,SIGNAL,0x0000,CAL-20260811-001,CLOCK-20260811-001,PASS
EVT-000000001160,SIM-0001,2026081368589000170,PULSE-EXP-0001-0024-04589,EXP-0001-0024,SNSPD-03,X,+,31.798221,7.694833,SIGNAL,0x0000,CAL-20260811-001,CLOCK-20260811-001,PASS
EVT-000000001161,SIM-0001,2026081368824000112,PULSE-EXP-0001-0024-04824,EXP-0001-0024,SNSPD-05,Y,+,31.574419,7.990245,SIGNAL,0x0000,CAL-20260811-001,CLOCK-20260811-001,PASS
EVT-000000001162,SIM-0001,2026081369004000045,PULSE-EXP-0001-0024-05004,EXP-0001-0024,SNSPD-04,X,-,30.898166,8.201005,SIGNAL,0x0000,CAL-20260811-001,CLOCK-20260811-001,PASS
EVT-000000001163,SIM-0001,2026081369284000189,PULSE-EXP-0001-0024-05284,EXP-0001-0024,SNSPD-02,Z,-,31.905997,7.373562,SIGNAL,0x0000,CAL-20260811-001,CLOCK-20260811-001,PASS
EVT-000000001164,SIM-0001,2026081369296000089,PULSE-EXP-0001-0024-05296,EXP-0001-0024,SNSPD-01,Z,+,33.153552,7.739268,SIGNAL,0x0000,CAL-20260811-001,CLOCK-20260811-001,PASS
EVT-000000001165,SIM-0001,2026081369351000145,PULSE-EXP-0001-0024-05351,EXP-0001-0024,SNSPD-03,X,+,31.228096,7.882694,SIGNAL,0x0000,CAL-20260811-001,CLOCK-20260811-001,PASS
EVT-000000001166,SIM-0001,2026081369370000132,PULSE-EXP-0001-0024-05370,EXP-0001-0024,SNSPD-05,Y,+,30.778683,7.359727,SIGNAL,0x0000,CAL-20260811-001,CLOCK-20260811-001,PASS
EVT-000000001167,SIM-0001,2026081369382000053,PULSE-EXP-0001-0024-05382,EXP-0001-0024,SNSPD-02,Z,-,33.653674,8.414179,SIGNAL,0x0000,CAL-20260811-001,CLOCK-20260811-001,PASS
EVT-000000001168,SIM-0001,2026081369475000189,PULSE-EXP-0001-0024-05475,EXP-0001-0024,SNSPD-03,X,+,31.922640,8.384766,SIGNAL,0x0000,CAL-20260811-001,CLOCK-20260811-001,PASS
EVT-000000001169,SIM-0001,2026081369534000153,PULSE-EXP-0001-0024-05534,EXP-0001-0024,SNSPD-02,Z,-,31.017651,8.193693,SIGNAL,0x0000,CAL-20260811-001,CLOCK-20260811-001,PASS
EVT-000000001170,SIM-0001,2026081369634000081,PULSE-EXP-0001-0024-05634,EXP-0001-0024,SNSPD-06,Y,-,31.495274,8.852625,SIGNAL,0x0000,CAL-20260811-001,CLOCK-20260811-001,PASS
EVT-000000001171,SIM-0001,2026081369646000060,PULSE-EXP-0001-0024-05646,EXP-0001-0024,SNSPD-03,X,+,32.293565,8.454863,SIGNAL,0x0000,CAL-20260811-001,CLOCK-20260811-001,PASS
EVT-000000001172,SIM-0001,2026081369670000146,PULSE-EXP-0001-0024-05670,EXP-0001-0024,SNSPD-05,Y,+,29.964930,8.091698,SIGNAL,0x0000,CAL-20260811-001,CLOCK-20260811-001,PASS
EVT-000000001173,SIM-0001,2026081369790000041,PULSE-EXP-0001-0024-05790,EXP-0001-0024,SNSPD-05,Y,+,34.479576,8.222872,SIGNAL,0x0000,CAL-20260811-001,CLOCK-20260811-001,PASS
EVT-000000001174,SIM-0001,2026081369881000079,PULSE-EXP-0001-0024-05881,EXP-0001-0024,SNSPD-04,X,-,31.100580,8.313935,SIGNAL,0x0000,CAL-20260811-001,CLOCK-20260811-001,PASS
EVT-000000001175,SIM-0001,2026081369891000120,PULSE-EXP-0001-0024-05891,EXP-0001-0024,SNSPD-05,Y,+,32.042830,7.292942,SIGNAL,0x0000,CAL-20260811-001,CLOCK-20260811-001,PASS
EVT-000000001176,SIM-0001,2026081369903000071,PULSE-EXP-0001-0024-05903,EXP-0001-0024,SNSPD-06,Y,-,31.189362,7.542262,SIGNAL,0x0000,CAL-20260811-001,CLOCK-20260811-001,PASS
EVT-000000001177,SIM-0001,2026081369959000085,PULSE-EXP-0001-0024-05959,EXP-0001-0024,SNSPD-04,X,-,30.254107,7.105296,SIGNAL,0x0000,CAL-20260811-001,CLOCK-20260811-001,PASS
EVT-000000001178,SIM-0001,2026081370115000179,PULSE-EXP-0001-0024-06115,EXP-0001-0024,SNSPD-05,Y,+,32.153192,7.927024,SIGNAL,0x0000,CAL-20260811-001,CLOCK-20260811-001,PASS
EVT-000000001179,SIM-0001,2026081370180000185,PULSE-EXP-0001-0024-06180,EXP-0001-0024,SNSPD-01,Z,+,32.812078,6.989152,SIGNAL,0x0000,CAL-20260811-001,CLOCK-20260811-001,PASS
EVT-000000001180,SIM-0001,2026081370562000007,PULSE-EXP-0001-0024-06562,EXP-0001-0024,SNSPD-04,X,-,32.192871,8.447675,SIGNAL,0x0000,CAL-20260811-001,CLOCK-20260811-001,PASS
EVT-000000001181,SIM-0001,2026081370645000146,PULSE-EXP-0001-0024-06645,EXP-0001-0024,SNSPD-01,Z,+,29.821755,7.306752,SIGNAL,0x0000,CAL-20260811-001,CLOCK-20260811-001,PASS
EVT-000000001182,SIM-0001,2026081370729000013,PULSE-EXP-0001-0024-06729,EXP-0001-0024,SNSPD-06,Y,-,29.949906,7.609331,SIGNAL,0x0000,CAL-20260811-001,CLOCK-20260811-001,PASS
EVT-000000001183,SIM-0001,2026081370741000089,PULSE-EXP-0001-0024-06741,EXP-0001-0024,SNSPD-03,X,+,32.436805,7.783586,SIGNAL,0x0000,CAL-20260811-001,CLOCK-20260811-001,PASS
EVT-000000001184,SIM-0001,2026081370805000102,PULSE-EXP-0001-0024-06805,EXP-0001-0024,SNSPD-04,X,-,32.265701,7.442574,SIGNAL,0x0000,CAL-20260811-001,CLOCK-20260811-001,PASS
EVT-000000001185,SIM-0001,2026081370806000172,PULSE-EXP-0001-0024-06806,EXP-0001-0024,SNSPD-04,X,-,29.666521,8.083345,SIGNAL,0x0000,CAL-20260811-001,CLOCK-20260811-001,PASS
EVT-000000001186,SIM-0001,2026081370952000052,PULSE-EXP-0001-0024-06952,EXP-0001-0024,SNSPD-05,Y,+,31.588505,7.236893,SIGNAL,0x0000,CAL-20260811-001,CLOCK-20260811-001,PASS
EVT-000000001187,SIM-0001,2026081370959000019,PULSE-EXP-0001-0024-06959,EXP-0001-0024,SNSPD-04,X,-,33.828186,8.012169,SIGNAL,0x0000,CAL-20260811-001,CLOCK-20260811-001,PASS
EVT-000000001188,SIM-0001,2026081371079000104,PULSE-EXP-0001-0024-07079,EXP-0001-0024,SNSPD-03,X,+,32.492826,8.868770,SIGNAL,0x0000,CAL-20260811-001,CLOCK-20260811-001,PASS
EVT-000000001189,SIM-0001,2026081371215000002,PULSE-EXP-0001-0024-07215,EXP-0001-0024,SNSPD-02,Z,-,34.206669,8.680351,SIGNAL,0x0000,CAL-20260811-001,CLOCK-20260811-001,PASS
EVT-000000001190,SIM-0001,2026081371264000076,PULSE-EXP-0001-0024-07264,EXP-0001-0024,SNSPD-01,Z,+,29.860400,7.741409,SIGNAL,0x0000,CAL-20260811-001,CLOCK-20260811-001,PASS
EVT-000000001191,SIM-0001,2026081371378000100,PULSE-EXP-0001-0024-07378,EXP-0001-0024,SNSPD-02,Z,-,35.309048,7.944065,SIGNAL,0x0000,CAL-20260811-001,CLOCK-20260811-001,PASS
EVT-000000001192,SIM-0001,2026081371383000059,PULSE-EXP-0001-0024-07383,EXP-0001-0024,SNSPD-03,X,+,32.934540,8.197938,SIGNAL,0x0000,CAL-20260811-001,CLOCK-20260811-001,PASS
EVT-000000001193,SIM-0001,2026081371444000164,PULSE-EXP-0001-0024-07444,EXP-0001-0024,SNSPD-02,Z,-,34.619419,8.060773,SIGNAL,0x0000,CAL-20260811-001,CLOCK-20260811-001,PASS
EVT-000000001194,SIM-0001,2026081371462000105,PULSE-EXP-0001-0024-07462,EXP-0001-0024,SNSPD-01,Z,+,33.903382,8.936581,SIGNAL,0x0000,CAL-20260811-001,CLOCK-20260811-001,PASS
EVT-000000001195,SIM-0001,2026081371469000012,PULSE-EXP-0001-0024-07469,EXP-0001-0024,SNSPD-05,Y,+,32.752514,8.068975,SIGNAL,0x0000,CAL-20260811-001,CLOCK-20260811-001,PASS
EVT-000000001196,SIM-0001,2026081371555000032,PULSE-EXP-0001-0024-07555,EXP-0001-0024,SNSPD-05,Y,+,33.623789,8.057971,SIGNAL,0x0000,CAL-20260811-001,CLOCK-20260811-001,PASS
EVT-000000001197,SIM-0001,2026081371651000006,PULSE-EXP-0001-0024-07651,EXP-0001-0024,SNSPD-05,Y,+,31.224065,7.631285,SIGNAL,0x0000,CAL-20260811-001,CLOCK-20260811-001,PASS
EVT-000000001198,SIM-0001,2026081371963000179,PULSE-EXP-0001-0024-07963,EXP-0001-0024,SNSPD-05,Y,+,33.948605,7.862604,SIGNAL,0x0000,CAL-20260811-001,CLOCK-20260811-001,PASS
EVT-000000001199,SIM-0001,2026081372062000166,PULSE-EXP-0001-0024-08062,EXP-0001-0024,SNSPD-02,Z,-,31.008929,8.726445,SIGNAL,0x0000,CAL-20260811-001,CLOCK-20260811-001,PASS
EVT-000000001200,SIM-0001,2026081372173000107,PULSE-EXP-0001-0024-08173,EXP-0001-0024,SNSPD-01,Z,+,33.947044,7.760806,SIGNAL,0x0000,CAL-20260811-001,CLOCK-20260811-001,PASS
EVT-000000001201,SIM-0001,2026081372381000022,PULSE-EXP-0001-0024-08381,EXP-0001-0024,SNSPD-05,Y,+,28.224212,7.955770,SIGNAL,0x0000,CAL-20260811-001,CLOCK-20260811-001,PASS
EVT-000000001202,SIM-0001,2026081372457000008,PULSE-EXP-0001-0024-08457,EXP-0001-0024,SNSPD-06,Y,-,34.068631,7.912127,SIGNAL,0x0000,CAL-20260811-001,CLOCK-20260811-001,PASS
EVT-000000001203,SIM-0001,2026081372597000042,PULSE-EXP-0001-0024-08597,EXP-0001-0024,SNSPD-01,Z,+,32.897868,8.383191,SIGNAL,0x0000,CAL-20260811-001,CLOCK-20260811-001,PASS
EVT-000000001204,SIM-0001,2026081372629000061,PULSE-EXP-0001-0024-08629,EXP-0001-0024,SNSPD-01,Z,+,34.300297,8.509314,SIGNAL,0x0000,CAL-20260811-001,CLOCK-20260811-001,PASS
EVT-000000001205,SIM-0001,2026081372730000185,PULSE-EXP-0001-0024-08730,EXP-0001-0024,SNSPD-02,Z,-,31.724577,7.635144,SIGNAL,0x0000,CAL-20260811-001,CLOCK-20260811-001,PASS
EVT-000000001206,SIM-0001,2026081372731000066,PULSE-EXP-0001-0024-08731,EXP-0001-0024,SNSPD-01,Z,+,31.337138,8.831411,SIGNAL,0x0000,CAL-20260811-001,CLOCK-20260811-001,PASS
EVT-000000001207,SIM-0001,2026081372942000107,PULSE-EXP-0001-0024-08942,EXP-0001-0024,SNSPD-05,Y,+,31.471201,7.751439,SIGNAL,0x0000,CAL-20260811-001,CLOCK-20260811-001,PASS
EVT-000000001208,SIM-0001,2026081372947000113,PULSE-EXP-0001-0024-08947,EXP-0001-0024,SNSPD-03,X,+,29.869588,8.221192,SIGNAL,0x0000,CAL-20260811-001,CLOCK-20260811-001,PASS
EVT-000000001209,SIM-0001,2026081372979000024,PULSE-EXP-0001-0024-08979,EXP-0001-0024,SNSPD-01,Z,+,30.998832,8.716759,SIGNAL,0x0000,CAL-20260811-001,CLOCK-20260811-001,PASS
EVT-000000001210,SIM-0001,2026081373053000056,PULSE-EXP-0001-0024-09053,EXP-0001-0024,SNSPD-01,Z,+,28.244570,8.061614,SIGNAL,0x0000,CAL-20260811-001,CLOCK-20260811-001,PASS
EVT-000000001211,SIM-0001,2026081373083000025,PULSE-EXP-0001-0024-09083,EXP-0001-0024,SNSPD-06,Y,-,27.426934,8.190011,SIGNAL,0x0000,CAL-20260811-001,CLOCK-20260811-001,PASS
EVT-000000001212,SIM-0001,2026081373352000076,PULSE-EXP-0001-0024-09352,EXP-0001-0024,SNSPD-01,Z,+,33.291898,8.123961,SIGNAL,0x0000,CAL-20260811-001,CLOCK-20260811-001,PASS
EVT-000000001213,SIM-0001,2026081373548000006,PULSE-EXP-0001-0024-09548,EXP-0001-0024,SNSPD-06,Y,-,32.709047,8.083565,SIGNAL,0x0000,CAL-20260811-001,CLOCK-20260811-001,PASS
EVT-000000001214,SIM-0001,2026081373630000073,PULSE-EXP-0001-0024-09630,EXP-0001-0024,SNSPD-03,X,+,28.988467,8.029753,SIGNAL,0x0000,CAL-20260811-001,CLOCK-20260811-001,PASS
EVT-000000001215,SIM-0001,2026081373792000115,PULSE-EXP-0001-0024-09792,EXP-0001-0024,SNSPD-02,Z,-,32.945412,8.369789,SIGNAL,0x0000,CAL-20260811-001,CLOCK-20260811-001,PASS
EVT-000000001216,SIM-0001,2026081373859000088,PULSE-EXP-0001-0024-09859,EXP-0001-0024,SNSPD-02,Z,-,31.075799,8.130302,SIGNAL,0x0000,CAL-20260811-001,CLOCK-20260811-001,PASS
EVT-000000001217,SIM-0001,2026081373909000167,PULSE-EXP-0001-0024-09909,EXP-0001-0024,SNSPD-04,X,-,33.977235,7.716883,SIGNAL,0x0000,CAL-20260811-001,CLOCK-20260811-001,PASS
EVT-000000001218,SIM-0001,2026081373914000179,PULSE-EXP-0001-0024-09914,EXP-0001-0024,SNSPD-02,Z,-,31.084178,7.441057,SIGNAL,0x0000,CAL-20260811-001,CLOCK-20260811-001,PASS
EVT-000000001219,SIM-0001,2026081373922000116,PULSE-EXP-0001-0024-09922,EXP-0001-0024,SNSPD-05,Y,+,32.397266,7.749896,SIGNAL,0x0000,CAL-20260811-001,CLOCK-20260811-001,PASS
EVT-000000001220,SIM-0001,2026081373964000015,PULSE-EXP-0001-0024-09964,EXP-0001-0024,SNSPD-05,Y,+,30.807147,7.985087,SIGNAL,0x0000,CAL-20260811-001,CLOCK-20260811-001,PASS
EVT-000000001221,SIM-0001,2026081373976000038,PULSE-EXP-0001-0024-09976,EXP-0001-0024,SNSPD-02,Z,-,31.901928,8.282573,SIGNAL,0x0000,CAL-20260811-001,CLOCK-20260811-001,PASS
EVT-000000001222,SIM-0001,2026081375842000131,PULSE-EXP-0001-0008-00842,EXP-0001-0008,SNSPD-04,X,-,35.456870,8.261173,SIGNAL,0x0000,CAL-20260811-001,CLOCK-20260811-001,PASS
EVT-000000001223,SIM-0001,2026081376070000103,PULSE-EXP-0001-0008-01070,EXP-0001-0008,SNSPD-04,X,-,30.455575,9.336165,SIGNAL,0x0000,CAL-20260811-001,CLOCK-20260811-001,PASS
EVT-000000001224,SIM-0001,2026081376203000089,PULSE-EXP-0001-0008-01203,EXP-0001-0008,SNSPD-05,Y,+,31.115192,7.339481,SIGNAL,0x0000,CAL-20260811-001,CLOCK-20260811-001,PASS
EVT-000000001225,SIM-0001,2026081377169000171,PULSE-EXP-0001-0008-02169,EXP-0001-0008,SNSPD-03,X,+,33.232150,8.256269,SIGNAL,0x0000,CAL-20260811-001,CLOCK-20260811-001,PASS
EVT-000000001226,SIM-0001,2026081377344000055,PULSE-EXP-0001-0008-02344,EXP-0001-0008,SNSPD-05,Y,+,31.966691,8.728310,SIGNAL,0x0000,CAL-20260811-001,CLOCK-20260811-001,PASS
EVT-000000001227,SIM-0001,2026081378385000185,PULSE-EXP-0001-0008-03385,EXP-0001-0008,SNSPD-06,Y,-,34.683083,8.172733,SIGNAL,0x0000,CAL-20260811-001,CLOCK-20260811-001,PASS
EVT-000000001228,SIM-0001,2026081378500000124,PULSE-EXP-0001-0008-03500,EXP-0001-0008,SNSPD-02,Z,-,30.432039,8.047495,SIGNAL,0x0000,CAL-20260811-001,CLOCK-20260811-001,PASS
EVT-000000001229,SIM-0001,2026081378508000116,PULSE-EXP-0001-0008-03508,EXP-0001-0008,SNSPD-05,Y,+,30.713589,6.800692,SIGNAL,0x0000,CAL-20260811-001,CLOCK-20260811-001,PASS
EVT-000000001230,SIM-0001,2026081379191000015,PULSE-EXP-0001-0008-04191,EXP-0001-0008,SNSPD-06,Y,-,29.251137,7.973592,SIGNAL,0x0000,CAL-20260811-001,CLOCK-20260811-001,PASS
EVT-000000001231,SIM-0001,2026081379522000029,PULSE-EXP-0001-0008-04522,EXP-0001-0008,SNSPD-01,Z,+,32.962611,7.779822,SIGNAL,0x0000,CAL-20260811-001,CLOCK-20260811-001,PASS
EVT-000000001232,SIM-0001,2026081380471000080,PULSE-EXP-0001-0008-05471,EXP-0001-0008,SNSPD-04,X,-,33.690061,7.283441,SIGNAL,0x0000,CAL-20260811-001,CLOCK-20260811-001,PASS
EVT-000000001233,SIM-0001,2026081380933000094,PULSE-EXP-0001-0008-05933,EXP-0001-0008,SNSPD-01,Z,+,33.529772,7.799949,SIGNAL,0x0000,CAL-20260811-001,CLOCK-20260811-001,PASS
EVT-000000001234,SIM-0001,2026081381071000179,PULSE-EXP-0001-0008-06071,EXP-0001-0008,SNSPD-02,Z,-,32.013105,7.903641,SIGNAL,0x0000,CAL-20260811-001,CLOCK-20260811-001,PASS
EVT-000000001235,SIM-0001,2026081382890000057,PULSE-EXP-0001-0008-07890,EXP-0001-0008,SNSPD-03,X,+,34.467662,7.114785,SIGNAL,0x0000,CAL-20260811-001,CLOCK-20260811-001,PASS
EVT-000000001236,SIM-0001,2026081383700000012,PULSE-EXP-0001-0008-08700,EXP-0001-0008,SNSPD-05,Y,+,33.227704,7.774454,SIGNAL,0x0000,CAL-20260811-001,CLOCK-20260811-001,PASS
EVT-000000001237,SIM-0001,2026081386663000068,PULSE-EXP-0001-0018-00663,EXP-0001-0018,SNSPD-02,Z,-,33.072202,8.045355,SIGNAL,0x0000,CAL-20260811-001,CLOCK-20260811-001,PASS
EVT-000000001238,SIM-0001,2026081386754000001,PULSE-EXP-0001-0018-00754,EXP-0001-0018,SNSPD-02,Z,-,28.727950,8.225673,SIGNAL,0x0000,CAL-20260811-001,CLOCK-20260811-001,PASS
EVT-000000001239,SIM-0001,2026081386932000076,PULSE-EXP-0001-0018-00932,EXP-0001-0018,SNSPD-05,Y,+,28.767233,6.993400,SIGNAL,0x0000,CAL-20260811-001,CLOCK-20260811-001,PASS
EVT-000000001240,SIM-0001,2026081387232000047,PULSE-EXP-0001-0018-01232,EXP-0001-0018,SNSPD-04,X,-,34.417701,7.551198,SIGNAL,0x0000,CAL-20260811-001,CLOCK-20260811-001,PASS
EVT-000000001241,SIM-0001,2026081387745000110,PULSE-EXP-0001-0018-01745,EXP-0001-0018,SNSPD-06,Y,-,34.491057,7.791217,SIGNAL,0x0000,CAL-20260811-001,CLOCK-20260811-001,PASS
EVT-000000001242,SIM-0001,2026081387755000195,PULSE-EXP-0001-0018-01755,EXP-0001-0018,SNSPD-04,X,-,30.138906,8.659570,SIGNAL,0x0000,CAL-20260811-001,CLOCK-20260811-001,PASS
EVT-000000001243,SIM-0001,2026081387849000099,PULSE-EXP-0001-0018-01849,EXP-0001-0018,SNSPD-02,Z,-,34.567178,7.480799,SIGNAL,0x0000,CAL-20260811-001,CLOCK-20260811-001,PASS
EVT-000000001244,SIM-0001,2026081388164000115,PULSE-EXP-0001-0018-02164,EXP-0001-0018,SNSPD-06,Y,-,29.634657,8.100154,SIGNAL,0x0000,CAL-20260811-001,CLOCK-20260811-001,PASS
EVT-000000001245,SIM-0001,2026081388218000084,PULSE-EXP-0001-0018-02218,EXP-0001-0018,SNSPD-06,Y,-,32.271839,7.759781,SIGNAL,0x0000,CAL-20260811-001,CLOCK-20260811-001,PASS
EVT-000000001246,SIM-0001,2026081388270000012,PULSE-EXP-0001-0018-02270,EXP-0001-0018,SNSPD-03,X,+,31.998830,8.481935,SIGNAL,0x0000,CAL-20260811-001,CLOCK-20260811-001,PASS
EVT-000000001247,SIM-0001,2026081388326000082,PULSE-EXP-0001-0018-02326,EXP-0001-0018,SNSPD-01,Z,+,27.545054,7.667496,SIGNAL,0x0000,CAL-20260811-001,CLOCK-20260811-001,PASS
EVT-000000001248,SIM-0001,2026081388493000139,PULSE-EXP-0001-0018-02493,EXP-0001-0018,SNSPD-05,Y,+,30.239901,8.048084,SIGNAL,0x0000,CAL-20260811-001,CLOCK-20260811-001,PASS
EVT-000000001249,SIM-0001,2026081388615000007,PULSE-EXP-0001-0018-02615,EXP-0001-0018,SNSPD-04,X,-,32.129853,8.363430,SIGNAL,0x0000,CAL-20260811-001,CLOCK-20260811-001,PASS
EVT-000000001250,SIM-0001,2026081388617000010,PULSE-EXP-0001-0018-02617,EXP-0001-0018,SNSPD-05,Y,+,30.908253,8.312880,SIGNAL,0x0000,CAL-20260811-001,CLOCK-20260811-001,PASS
EVT-000000001251,SIM-0001,2026081388856000023,PULSE-EXP-0001-0018-02856,EXP-0001-0018,SNSPD-04,X,-,27.676475,8.625237,SIGNAL,0x0000,CAL-20260811-001,CLOCK-20260811-001,PASS
EVT-000000001252,SIM-0001,2026081389029000002,PULSE-EXP-0001-0018-03029,EXP-0001-0018,SNSPD-06,Y,-,34.848672,8.077776,SIGNAL,0x0000,CAL-20260811-001,CLOCK-20260811-001,PASS
EVT-000000001253,SIM-0001,2026081389244000071,PULSE-EXP-0001-0018-03244,EXP-0001-0018,SNSPD-02,Z,-,33.835654,7.993776,SIGNAL,0x0000,CAL-20260811-001,CLOCK-20260811-001,PASS
EVT-000000001254,SIM-0001,2026081389525000138,PULSE-EXP-0001-0018-03525,EXP-0001-0018,SNSPD-02,Z,-,29.756272,8.293807,SIGNAL,0x0000,CAL-20260811-001,CLOCK-20260811-001,PASS
EVT-000000001255,SIM-0001,2026081389822000009,PULSE-EXP-0001-0018-03822,EXP-0001-0018,SNSPD-06,Y,-,34.697068,7.618005,SIGNAL,0x0000,CAL-20260811-001,CLOCK-20260811-001,PASS
EVT-000000001256,SIM-0001,2026081390318000001,PULSE-EXP-0001-0018-04318,EXP-0001-0018,SNSPD-05,Y,+,33.016533,7.763478,SIGNAL,0x0000,CAL-20260811-001,CLOCK-20260811-001,PASS
EVT-000000001257,SIM-0001,2026081390531000141,PULSE-EXP-0001-0018-04531,EXP-0001-0018,SNSPD-05,Y,+,31.846969,7.100703,SIGNAL,0x0000,CAL-20260811-001,CLOCK-20260811-001,PASS
EVT-000000001258,SIM-0001,2026081390674000159,PULSE-EXP-0001-0018-04674,EXP-0001-0018,SNSPD-01,Z,+,29.115695,7.667490,SIGNAL,0x0000,CAL-20260811-001,CLOCK-20260811-001,PASS
EVT-000000001259,SIM-0001,2026081390990000047,PULSE-EXP-0001-0018-04990,EXP-0001-0018,SNSPD-04,X,-,30.648566,8.319119,SIGNAL,0x0000,CAL-20260811-001,CLOCK-20260811-001,PASS
EVT-000000001260,SIM-0001,2026081391802000195,PULSE-EXP-0001-0018-05802,EXP-0001-0018,SNSPD-01,Z,+,31.809186,8.113926,SIGNAL,0x0000,CAL-20260811-001,CLOCK-20260811-001,PASS
EVT-000000001261,SIM-0001,2026081392224000050,PULSE-EXP-0001-0018-06224,EXP-0001-0018,SNSPD-03,X,+,32.193487,8.729352,SIGNAL,0x0000,CAL-20260811-001,CLOCK-20260811-001,PASS
EVT-000000001262,SIM-0001,2026081392254000071,PULSE-EXP-0001-0018-06254,EXP-0001-0018,SNSPD-06,Y,-,31.791812,8.480477,SIGNAL,0x0000,CAL-20260811-001,CLOCK-20260811-001,PASS
EVT-000000001263,SIM-0001,2026081392321000186,PULSE-EXP-0001-0018-06321,EXP-0001-0018,SNSPD-01,Z,+,29.959143,8.043284,SIGNAL,0x0000,CAL-20260811-001,CLOCK-20260811-001,PASS
EVT-000000001264,SIM-0001,2026081392413000059,PULSE-EXP-0001-0018-06413,EXP-0001-0018,SNSPD-02,Z,-,33.323456,8.449196,SIGNAL,0x0000,CAL-20260811-001,CLOCK-20260811-001,PASS
EVT-000000001265,SIM-0001,2026081392891000042,PULSE-EXP-0001-0018-06891,EXP-0001-0018,SNSPD-05,Y,+,33.477028,8.018580,SIGNAL,0x0000,CAL-20260811-001,CLOCK-20260811-001,PASS
EVT-000000001266,SIM-0001,2026081393241000124,PULSE-EXP-0001-0018-07241,EXP-0001-0018,SNSPD-05,Y,+,31.721745,8.920751,SIGNAL,0x0000,CAL-20260811-001,CLOCK-20260811-001,PASS
EVT-000000001267,SIM-0001,2026081393268000015,PULSE-EXP-0001-0018-07268,EXP-0001-0018,SNSPD-05,Y,+,31.985700,7.721699,SIGNAL,0x0000,CAL-20260811-001,CLOCK-20260811-001,PASS
EVT-000000001268,SIM-0001,2026081393281000150,PULSE-EXP-0001-0018-07281,EXP-0001-0018,SNSPD-05,Y,+,30.324013,7.558938,SIGNAL,0x0000,CAL-20260811-001,CLOCK-20260811-001,PASS
EVT-000000001269,SIM-0001,2026081393450000014,PULSE-EXP-0001-0018-07450,EXP-0001-0018,SNSPD-06,Y,-,28.755004,8.004610,SIGNAL,0x0000,CAL-20260811-001,CLOCK-20260811-001,PASS
EVT-000000001270,SIM-0001,2026081393464000123,PULSE-EXP-0001-0018-07464,EXP-0001-0018,SNSPD-06,Y,-,30.268257,8.456277,SIGNAL,0x0000,CAL-20260811-001,CLOCK-20260811-001,PASS
EVT-000000001271,SIM-0001,2026081393593000068,PULSE-EXP-0001-0018-07593,EXP-0001-0018,SNSPD-01,Z,+,33.264418,7.689521,SIGNAL,0x0000,CAL-20260811-001,CLOCK-20260811-001,PASS
EVT-000000001272,SIM-0001,2026081393741000060,PULSE-EXP-0001-0018-07741,EXP-0001-0018,SNSPD-06,Y,-,28.833723,8.769870,SIGNAL,0x0000,CAL-20260811-001,CLOCK-20260811-001,PASS
EVT-000000001273,SIM-0001,2026081394175000032,PULSE-EXP-0001-0018-08175,EXP-0001-0018,SNSPD-05,Y,+,30.112999,7.723121,SIGNAL,0x0000,CAL-20260811-001,CLOCK-20260811-001,PASS
EVT-000000001274,SIM-0001,2026081394475000059,PULSE-EXP-0001-0018-08475,EXP-0001-0018,SNSPD-05,Y,+,30.660899,8.362444,SIGNAL,0x0000,CAL-20260811-001,CLOCK-20260811-001,PASS
EVT-000000001275,SIM-0001,2026081394579000042,PULSE-EXP-0001-0018-08579,EXP-0001-0018,SNSPD-06,Y,-,32.507598,8.237340,SIGNAL,0x0000,CAL-20260811-001,CLOCK-20260811-001,PASS
EVT-000000001276,SIM-0001,2026081394767000165,PULSE-EXP-0001-0018-08767,EXP-0001-0018,SNSPD-05,Y,+,29.438734,8.007569,SIGNAL,0x0000,CAL-20260811-001,CLOCK-20260811-001,PASS
EVT-000000001277,SIM-0001,2026081394836000133,PULSE-EXP-0001-0018-08836,EXP-0001-0018,SNSPD-05,Y,+,31.800545,8.064883,SIGNAL,0x0000,CAL-20260811-001,CLOCK-20260811-001,PASS
EVT-000000001278,SIM-0001,2026081394920000131,PULSE-EXP-0001-0018-08920,EXP-0001-0018,SNSPD-04,X,-,34.266709,8.177698,SIGNAL,0x0000,CAL-20260811-001,CLOCK-20260811-001,PASS
EVT-000000001279,SIM-0001,2026081394941000166,PULSE-EXP-0001-0018-08941,EXP-0001-0018,SNSPD-03,X,+,32.276674,8.907416,SIGNAL,0x0000,CAL-20260811-001,CLOCK-20260811-001,PASS
EVT-000000001280,SIM-0001,2026081394949000078,PULSE-EXP-0001-0018-08949,EXP-0001-0018,SNSPD-06,Y,-,31.156424,7.018373,SIGNAL,0x0000,CAL-20260811-001,CLOCK-20260811-001,PASS
EVT-000000001281,SIM-0001,2026081395184000130,PULSE-EXP-0001-0018-09184,EXP-0001-0018,SNSPD-01,Z,+,33.117853,8.712913,SIGNAL,0x0000,CAL-20260811-001,CLOCK-20260811-001,PASS
EVT-000000001282,SIM-0001,2026081395253000196,PULSE-EXP-0001-0018-09253,EXP-0001-0018,SNSPD-02,Z,-,33.384989,7.619684,SIGNAL,0x0000,CAL-20260811-001,CLOCK-20260811-001,PASS
EVT-000000001283,SIM-0001,2026081395362000151,PULSE-EXP-0001-0018-09362,EXP-0001-0018,SNSPD-04,X,-,28.647288,7.963989,SIGNAL,0x0000,CAL-20260811-001,CLOCK-20260811-001,PASS
EVT-000000001284,SIM-0001,2026081395380000162,PULSE-EXP-0001-0018-09380,EXP-0001-0018,SNSPD-05,Y,+,31.118568,8.537242,SIGNAL,0x0000,CAL-20260811-001,CLOCK-20260811-001,PASS
EVT-000000001285,SIM-0001,2026081395464000103,PULSE-EXP-0001-0018-09464,EXP-0001-0018,SNSPD-01,Z,+,31.166049,6.911020,SIGNAL,0x0000,CAL-20260811-001,CLOCK-20260811-001,PASS
EVT-000000001286,SIM-0001,2026081395500000102,PULSE-EXP-0001-0018-09500,EXP-0001-0018,SNSPD-02,Z,-,32.081919,7.210483,SIGNAL,0x0000,CAL-20260811-001,CLOCK-20260811-001,PASS
EVT-000000001287,SIM-0002,2026082100162000174,PULSE-EXP-0002-0023-00162,EXP-0002-0023,SNSPD-03,X,+,30.759105,8.655025,SIGNAL,0x0000,CAL-20260811-001,CLOCK-20260811-001,PASS
EVT-000000001288,SIM-0002,2026082100193000187,PULSE-EXP-0002-0023-00193,EXP-0002-0023,SNSPD-05,Y,+,29.469659,7.351903,SIGNAL,0x0000,CAL-20260811-001,CLOCK-20260811-001,PASS
EVT-000000001289,SIM-0002,2026082100254000002,PULSE-EXP-0002-0023-00254,EXP-0002-0023,SNSPD-01,Z,+,33.516612,7.735010,SIGNAL,0x0000,CAL-20260811-001,CLOCK-20260811-001,PASS
EVT-000000001290,SIM-0002,2026082100318000156,PULSE-EXP-0002-0023-00318,EXP-0002-0023,SNSPD-01,Z,+,32.501373,7.407462,SIGNAL,0x0000,CAL-20260811-001,CLOCK-20260811-001,PASS
EVT-000000001291,SIM-0002,2026082100383000053,PULSE-EXP-0002-0023-00383,EXP-0002-0023,SNSPD-01,Z,+,30.761641,8.505584,SIGNAL,0x0000,CAL-20260811-001,CLOCK-20260811-001,PASS
EVT-000000001292,SIM-0002,2026082100453000125,PULSE-EXP-0002-0023-00453,EXP-0002-0023,SNSPD-06,Y,-,31.180762,8.421327,SIGNAL,0x0000,CAL-20260811-001,CLOCK-20260811-001,PASS
EVT-000000001293,SIM-0002,2026082100460000154,PULSE-EXP-0002-0023-00460,EXP-0002-0023,SNSPD-04,X,-,33.077134,7.950644,SIGNAL,0x0000,CAL-20260811-001,CLOCK-20260811-001,PASS
EVT-000000001294,SIM-0002,2026082100460000171,PULSE-EXP-0002-0023-00460,EXP-0002-0023,SNSPD-03,X,+,32.012784,9.207514,SIGNAL,0x0000,CAL-20260811-001,CLOCK-20260811-001,PASS
EVT-000000001295,SIM-0002,2026082100607000041,PULSE-EXP-0002-0023-00607,EXP-0002-0023,SNSPD-04,X,-,34.029076,8.022589,SIGNAL,0x0000,CAL-20260811-001,CLOCK-20260811-001,PASS
EVT-000000001296,SIM-0002,2026082100689000089,PULSE-EXP-0002-0023-00689,EXP-0002-0023,SNSPD-05,Y,+,33.759716,7.544212,SIGNAL,0x0000,CAL-20260811-001,CLOCK-20260811-001,PASS
EVT-000000001297,SIM-0002,2026082100788000014,PULSE-EXP-0002-0023-00788,EXP-0002-0023,SNSPD-05,Y,+,36.561190,8.636233,SIGNAL,0x0000,CAL-20260811-001,CLOCK-20260811-001,PASS
EVT-000000001298,SIM-0002,2026082100989000016,PULSE-EXP-0002-0023-00989,EXP-0002-0023,SNSPD-05,Y,+,28.666426,7.408463,SIGNAL,0x0000,CAL-20260811-001,CLOCK-20260811-001,PASS
EVT-000000001299,SIM-0002,2026082101000000146,PULSE-EXP-0002-0023-01000,EXP-0002-0023,SNSPD-05,Y,+,33.369374,8.478677,SIGNAL,0x0000,CAL-20260811-001,CLOCK-20260811-001,PASS
EVT-000000001300,SIM-0002,2026082101203000011,PULSE-EXP-0002-0023-01203,EXP-0002-0023,SNSPD-01,Z,+,36.454057,8.949705,SIGNAL,0x0000,CAL-20260811-001,CLOCK-20260811-001,PASS
EVT-000000001301,SIM-0002,2026082101478000161,PULSE-EXP-0002-0023-01478,EXP-0002-0023,SNSPD-02,Z,-,30.865770,8.600761,SIGNAL,0x0000,CAL-20260811-001,CLOCK-20260811-001,PASS
EVT-000000001302,SIM-0002,2026082101585000190,PULSE-EXP-0002-0023-01585,EXP-0002-0023,SNSPD-03,X,+,33.309499,7.176687,SIGNAL,0x0000,CAL-20260811-001,CLOCK-20260811-001,PASS
EVT-000000001303,SIM-0002,2026082101600000010,PULSE-EXP-0002-0023-01600,EXP-0002-0023,SNSPD-02,Z,-,33.134821,8.670558,SIGNAL,0x0000,CAL-20260811-001,CLOCK-20260811-001,PASS
EVT-000000001304,SIM-0002,2026082101681000156,PULSE-EXP-0002-0023-01681,EXP-0002-0023,SNSPD-05,Y,+,35.943508,8.155971,SIGNAL,0x0000,CAL-20260811-001,CLOCK-20260811-001,PASS
EVT-000000001305,SIM-0002,2026082101716000074,PULSE-EXP-0002-0023-01716,EXP-0002-0023,SNSPD-05,Y,+,31.732628,7.581661,SIGNAL,0x0000,CAL-20260811-001,CLOCK-20260811-001,PASS
EVT-000000001306,SIM-0002,2026082101929000075,PULSE-EXP-0002-0023-01929,EXP-0002-0023,SNSPD-03,X,+,32.405735,7.469975,SIGNAL,0x0000,CAL-20260811-001,CLOCK-20260811-001,PASS
EVT-000000001307,SIM-0002,2026082101979000027,PULSE-EXP-0002-0023-01979,EXP-0002-0023,SNSPD-01,Z,+,33.788842,7.928756,SIGNAL,0x0000,CAL-20260811-001,CLOCK-20260811-001,PASS
EVT-000000001308,SIM-0002,2026082102151000049,PULSE-EXP-0002-0023-02151,EXP-0002-0023,SNSPD-01,Z,+,29.426094,8.302260,SIGNAL,0x0000,CAL-20260811-001,CLOCK-20260811-001,PASS
EVT-000000001309,SIM-0002,2026082102197000198,PULSE-EXP-0002-0023-02197,EXP-0002-0023,SNSPD-06,Y,-,33.637042,7.902094,SIGNAL,0x0000,CAL-20260811-001,CLOCK-20260811-001,PASS
EVT-000000001310,SIM-0002,2026082102250000173,PULSE-EXP-0002-0023-02250,EXP-0002-0023,SNSPD-05,Y,+,28.471004,6.461621,SIGNAL,0x0000,CAL-20260811-001,CLOCK-20260811-001,PASS
EVT-000000001311,SIM-0002,2026082102410000037,PULSE-EXP-0002-0023-02410,EXP-0002-0023,SNSPD-01,Z,+,30.829492,8.490623,SIGNAL,0x0000,CAL-20260811-001,CLOCK-20260811-001,PASS
EVT-000000001312,SIM-0002,2026082102477000105,PULSE-EXP-0002-0023-02477,EXP-0002-0023,SNSPD-03,X,+,34.338920,8.638964,SIGNAL,0x0000,CAL-20260811-001,CLOCK-20260811-001,PASS
EVT-000000001313,SIM-0002,2026082102586000191,PULSE-EXP-0002-0023-02586,EXP-0002-0023,SNSPD-06,Y,-,32.350046,8.671452,SIGNAL,0x0000,CAL-20260811-001,CLOCK-20260811-001,PASS
EVT-000000001314,SIM-0002,2026082102719000042,PULSE-EXP-0002-0023-02719,EXP-0002-0023,SNSPD-06,Y,-,28.882366,8.331035,SIGNAL,0x0000,CAL-20260811-001,CLOCK-20260811-001,PASS
EVT-000000001315,SIM-0002,2026082102727000131,PULSE-EXP-0002-0023-02727,EXP-0002-0023,SNSPD-06,Y,-,31.983504,8.257227,SIGNAL,0x0000,CAL-20260811-001,CLOCK-20260811-001,PASS
EVT-000000001316,SIM-0002,2026082102803000027,PULSE-EXP-0002-0023-02803,EXP-0002-0023,SNSPD-06,Y,-,30.298795,7.274672,SIGNAL,0x0000,CAL-20260811-001,CLOCK-20260811-001,PASS
EVT-000000001317,SIM-0002,2026082102813000181,PULSE-EXP-0002-0023-02813,EXP-0002-0023,SNSPD-05,Y,+,32.905981,7.827351,SIGNAL,0x0000,CAL-20260811-001,CLOCK-20260811-001,PASS
EVT-000000001318,SIM-0002,2026082102905000000,PULSE-EXP-0002-0023-02905,EXP-0002-0023,SNSPD-01,Z,+,28.818097,8.054393,SIGNAL,0x0000,CAL-20260811-001,CLOCK-20260811-001,PASS
EVT-000000001319,SIM-0002,2026082103064000121,PULSE-EXP-0002-0023-03064,EXP-0002-0023,SNSPD-03,X,+,30.695283,8.465934,SIGNAL,0x0000,CAL-20260811-001,CLOCK-20260811-001,PASS
EVT-000000001320,SIM-0002,2026082103104000024,PULSE-EXP-0002-0023-03104,EXP-0002-0023,SNSPD-05,Y,+,30.653316,7.261447,SIGNAL,0x0000,CAL-20260811-001,CLOCK-20260811-001,PASS
EVT-000000001321,SIM-0002,2026082103171000152,PULSE-EXP-0002-0023-03171,EXP-0002-0023,SNSPD-01,Z,+,32.552942,8.790347,SIGNAL,0x0000,CAL-20260811-001,CLOCK-20260811-001,PASS
EVT-000000001322,SIM-0002,2026082103281000029,PULSE-EXP-0002-0023-03281,EXP-0002-0023,SNSPD-05,Y,+,30.382658,8.249040,SIGNAL,0x0000,CAL-20260811-001,CLOCK-20260811-001,PASS
EVT-000000001323,SIM-0002,2026082103646000178,PULSE-EXP-0002-0023-03646,EXP-0002-0023,SNSPD-06,Y,-,32.204109,8.218239,SIGNAL,0x0000,CAL-20260811-001,CLOCK-20260811-001,PASS
EVT-000000001324,SIM-0002,2026082103700000174,PULSE-EXP-0002-0023-03700,EXP-0002-0023,SNSPD-03,X,+,31.431083,7.689286,SIGNAL,0x0000,CAL-20260811-001,CLOCK-20260811-001,PASS
EVT-000000001325,SIM-0002,2026082103738000025,PULSE-EXP-0002-0023-03738,EXP-0002-0023,SNSPD-04,X,-,30.821202,7.781136,SIGNAL,0x0000,CAL-20260811-001,CLOCK-20260811-001,PASS
EVT-000000001326,SIM-0002,2026082103761000107,PULSE-EXP-0002-0023-03761,EXP-0002-0023,SNSPD-01,Z,+,36.336971,7.892709,SIGNAL,0x0000,CAL-20260811-001,CLOCK-20260811-001,PASS
EVT-000000001327,SIM-0002,2026082103904000160,PULSE-EXP-0002-0023-03904,EXP-0002-0023,SNSPD-06,Y,-,37.085055,8.130263,SIGNAL,0x0000,CAL-20260811-001,CLOCK-20260811-001,PASS
EVT-000000001328,SIM-0002,2026082103925000174,PULSE-EXP-0002-0023-03925,EXP-0002-0023,SNSPD-04,X,-,32.480824,7.221326,SIGNAL,0x0000,CAL-20260811-001,CLOCK-20260811-001,PASS
EVT-000000001329,SIM-0002,2026082103998000115,PULSE-EXP-0002-0023-03998,EXP-0002-0023,SNSPD-01,Z,+,29.258289,8.232537,SIGNAL,0x0000,CAL-20260811-001,CLOCK-20260811-001,PASS
EVT-000000001330,SIM-0002,2026082104166000060,PULSE-EXP-0002-0023-04166,EXP-0002-0023,SNSPD-06,Y,-,29.130513,6.738439,SIGNAL,0x0000,CAL-20260811-001,CLOCK-20260811-001,PASS
EVT-000000001331,SIM-0002,2026082104294000110,PULSE-EXP-0002-0023-04294,EXP-0002-0023,SNSPD-01,Z,+,32.178061,8.879929,SIGNAL,0x0000,CAL-20260811-001,CLOCK-20260811-001,PASS
EVT-000000001332,SIM-0002,2026082104330000021,PULSE-EXP-0002-0023-04330,EXP-0002-0023,SNSPD-06,Y,-,33.132514,8.387867,SIGNAL,0x0000,CAL-20260811-001,CLOCK-20260811-001,PASS
EVT-000000001333,SIM-0002,2026082104342000086,PULSE-EXP-0002-0023-04342,EXP-0002-0023,SNSPD-05,Y,+,33.652507,7.453880,SIGNAL,0x0000,CAL-20260811-001,CLOCK-20260811-001,PASS
EVT-000000001334,SIM-0002,2026082104583000177,PULSE-EXP-0002-0023-04583,EXP-0002-0023,SNSPD-04,X,-,30.737612,7.951178,SIGNAL,0x0000,CAL-20260811-001,CLOCK-20260811-001,PASS
EVT-000000001335,SIM-0002,2026082104619000071,PULSE-EXP-0002-0023-04619,EXP-0002-0023,SNSPD-03,X,+,32.569355,7.278760,SIGNAL,0x0000,CAL-20260811-001,CLOCK-20260811-001,PASS
EVT-000000001336,SIM-0002,2026082104680000142,PULSE-EXP-0002-0023-04680,EXP-0002-0023,SNSPD-01,Z,+,32.738324,7.939080,SIGNAL,0x0000,CAL-20260811-001,CLOCK-20260811-001,PASS
EVT-000000001337,SIM-0002,2026082104761000019,PULSE-EXP-0002-0023-04761,EXP-0002-0023,SNSPD-04,X,-,30.129038,7.942472,SIGNAL,0x0000,CAL-20260811-001,CLOCK-20260811-001,PASS
EVT-000000001338,SIM-0002,2026082104815000156,PULSE-EXP-0002-0023-04815,EXP-0002-0023,SNSPD-04,X,-,34.987524,7.705514,SIGNAL,0x0000,CAL-20260811-001,CLOCK-20260811-001,PASS
EVT-000000001339,SIM-0002,2026082105012000044,PULSE-EXP-0002-0023-05012,EXP-0002-0023,SNSPD-03,X,+,27.676839,8.378881,SIGNAL,0x0000,CAL-20260811-001,CLOCK-20260811-001,PASS
EVT-000000001340,SIM-0002,2026082105067000145,PULSE-EXP-0002-0023-05067,EXP-0002-0023,SNSPD-01,Z,+,32.486101,7.622199,SIGNAL,0x0000,CAL-20260811-001,CLOCK-20260811-001,PASS
EVT-000000001341,SIM-0002,2026082105117000089,PULSE-EXP-0002-0023-05117,EXP-0002-0023,SNSPD-01,Z,+,31.870077,8.380780,SIGNAL,0x0000,CAL-20260811-001,CLOCK-20260811-001,PASS
EVT-000000001342,SIM-0002,2026082105127000197,PULSE-EXP-0002-0023-05127,EXP-0002-0023,SNSPD-01,Z,+,25.013519,8.143606,SIGNAL,0x0000,CAL-20260811-001,CLOCK-20260811-001,PASS
EVT-000000001343,SIM-0002,2026082105273000036,PULSE-EXP-0002-0023-05273,EXP-0002-0023,SNSPD-01,Z,+,34.155072,9.129000,SIGNAL,0x0000,CAL-20260811-001,CLOCK-20260811-001,PASS
EVT-000000001344,SIM-0002,2026082105467000059,PULSE-EXP-0002-0023-05467,EXP-0002-0023,SNSPD-02,Z,-,31.002729,7.742825,SIGNAL,0x0000,CAL-20260811-001,CLOCK-20260811-001,PASS
EVT-000000001345,SIM-0002,2026082105564000142,PULSE-EXP-0002-0023-05564,EXP-0002-0023,SNSPD-06,Y,-,34.950748,7.822957,SIGNAL,0x0000,CAL-20260811-001,CLOCK-20260811-001,PASS
EVT-000000001346,SIM-0002,2026082105566000073,PULSE-EXP-0002-0023-05566,EXP-0002-0023,SNSPD-04,X,-,29.394936,8.058463,SIGNAL,0x0000,CAL-20260811-001,CLOCK-20260811-001,PASS
EVT-000000001347,SIM-0002,2026082105613000131,PULSE-EXP-0002-0023-05613,EXP-0002-0023,SNSPD-04,X,-,35.080704,7.340186,SIGNAL,0x0000,CAL-20260811-001,CLOCK-20260811-001,PASS
EVT-000000001348,SIM-0002,2026082105665000129,PULSE-EXP-0002-0023-05665,EXP-0002-0023,SNSPD-01,Z,+,31.826578,7.927356,SIGNAL,0x0000,CAL-20260811-001,CLOCK-20260811-001,PASS
EVT-000000001349,SIM-0002,2026082105763000195,PULSE-EXP-0002-0023-05763,EXP-0002-0023,SNSPD-03,X,+,29.311292,7.692625,SIGNAL,0x0000,CAL-20260811-001,CLOCK-20260811-001,PASS
EVT-000000001350,SIM-0002,2026082105850000089,PULSE-EXP-0002-0023-05850,EXP-0002-0023,SNSPD-06,Y,-,30.076558,8.867778,SIGNAL,0x0000,CAL-20260811-001,CLOCK-20260811-001,PASS
EVT-000000001351,SIM-0002,2026082106029000190,PULSE-EXP-0002-0023-06029,EXP-0002-0023,SNSPD-06,Y,-,33.357105,7.492359,SIGNAL,0x0000,CAL-20260811-001,CLOCK-20260811-001,PASS
EVT-000000001352,SIM-0002,2026082106120000112,PULSE-EXP-0002-0023-06120,EXP-0002-0023,SNSPD-05,Y,+,30.405203,9.235105,SIGNAL,0x0000,CAL-20260811-001,CLOCK-20260811-001,PASS
EVT-000000001353,SIM-0002,2026082106133000141,PULSE-EXP-0002-0023-06133,EXP-0002-0023,SNSPD-01,Z,+,29.197178,7.670407,SIGNAL,0x0000,CAL-20260811-001,CLOCK-20260811-001,PASS
EVT-000000001354,SIM-0002,2026082106249000014,PULSE-EXP-0002-0023-06249,EXP-0002-0023,SNSPD-03,X,+,31.902083,7.225726,SIGNAL,0x0000,CAL-20260811-001,CLOCK-20260811-001,PASS
EVT-000000001355,SIM-0002,2026082106264000166,PULSE-EXP-0002-0023-06264,EXP-0002-0023,SNSPD-01,Z,+,29.501051,8.101371,SIGNAL,0x0000,CAL-20260811-001,CLOCK-20260811-001,PASS
EVT-000000001356,SIM-0002,2026082106269000077,PULSE-EXP-0002-0023-06269,EXP-0002-0023,SNSPD-06,Y,-,32.412006,7.763704,SIGNAL,0x0000,CAL-20260811-001,CLOCK-20260811-001,PASS
EVT-000000001357,SIM-0002,2026082106417000043,PULSE-EXP-0002-0023-06417,EXP-0002-0023,SNSPD-02,Z,-,33.160402,8.184113,SIGNAL,0x0000,CAL-20260811-001,CLOCK-20260811-001,PASS
EVT-000000001358,SIM-0002,2026082106621000142,PULSE-EXP-0002-0023-06621,EXP-0002-0023,SNSPD-05,Y,+,30.785833,7.937838,SIGNAL,0x0000,CAL-20260811-001,CLOCK-20260811-001,PASS
EVT-000000001359,SIM-0002,2026082106718000059,PULSE-EXP-0002-0023-06718,EXP-0002-0023,SNSPD-03,X,+,36.943557,7.885823,SIGNAL,0x0000,CAL-20260811-001,CLOCK-20260811-001,PASS
EVT-000000001360,SIM-0002,2026082106869000030,PULSE-EXP-0002-0023-06869,EXP-0002-0023,SNSPD-03,X,+,32.023939,8.179851,SIGNAL,0x0000,CAL-20260811-001,CLOCK-20260811-001,PASS
EVT-000000001361,SIM-0002,2026082106921000118,PULSE-EXP-0002-0023-06921,EXP-0002-0023,SNSPD-03,X,+,28.002054,7.693510,SIGNAL,0x0000,CAL-20260811-001,CLOCK-20260811-001,PASS
EVT-000000001362,SIM-0002,2026082107007000096,PULSE-EXP-0002-0023-07007,EXP-0002-0023,SNSPD-04,X,-,36.983907,9.027601,SIGNAL,0x0000,CAL-20260811-001,CLOCK-20260811-001,PASS
EVT-000000001363,SIM-0002,2026082107078000153,PULSE-EXP-0002-0023-07078,EXP-0002-0023,SNSPD-06,Y,-,31.785106,8.007965,SIGNAL,0x0000,CAL-20260811-001,CLOCK-20260811-001,PASS
EVT-000000001364,SIM-0002,2026082107136000065,PULSE-EXP-0002-0023-07136,EXP-0002-0023,SNSPD-04,X,-,30.507145,7.809481,SIGNAL,0x0000,CAL-20260811-001,CLOCK-20260811-001,PASS
EVT-000000001365,SIM-0002,2026082107250000052,PULSE-EXP-0002-0023-07250,EXP-0002-0023,SNSPD-02,Z,-,27.434332,7.776013,SIGNAL,0x0000,CAL-20260811-001,CLOCK-20260811-001,PASS
EVT-000000001366,SIM-0002,2026082107483000188,PULSE-EXP-0002-0023-07483,EXP-0002-0023,SNSPD-01,Z,+,30.620201,8.379724,SIGNAL,0x0000,CAL-20260811-001,CLOCK-20260811-001,PASS
EVT-000000001367,SIM-0002,2026082107572000158,PULSE-EXP-0002-0023-07572,EXP-0002-0023,SNSPD-05,Y,+,30.667831,8.829126,SIGNAL,0x0000,CAL-20260811-001,CLOCK-20260811-001,PASS
EVT-000000001368,SIM-0002,2026082108038000060,PULSE-EXP-0002-0023-08038,EXP-0002-0023,SNSPD-04,X,-,29.164050,8.447675,SIGNAL,0x0000,CAL-20260811-001,CLOCK-20260811-001,PASS
EVT-000000001369,SIM-0002,2026082108123000193,PULSE-EXP-0002-0023-08123,EXP-0002-0023,SNSPD-04,X,-,33.188537,8.056943,SIGNAL,0x0000,CAL-20260811-001,CLOCK-20260811-001,PASS
EVT-000000001370,SIM-0002,2026082108170000008,PULSE-EXP-0002-0023-08170,EXP-0002-0023,SNSPD-06,Y,-,29.698045,7.214604,SIGNAL,0x0000,CAL-20260811-001,CLOCK-20260811-001,PASS
EVT-000000001371,SIM-0002,2026082108188000096,PULSE-EXP-0002-0023-08188,EXP-0002-0023,SNSPD-06,Y,-,31.978715,8.007714,SIGNAL,0x0000,CAL-20260811-001,CLOCK-20260811-001,PASS
EVT-000000001372,SIM-0002,2026082108241000120,PULSE-EXP-0002-0023-08241,EXP-0002-0023,SNSPD-04,X,-,29.998119,8.860265,SIGNAL,0x0000,CAL-20260811-001,CLOCK-20260811-001,PASS
EVT-000000001373,SIM-0002,2026082108289000051,PULSE-EXP-0002-0023-08289,EXP-0002-0023,SNSPD-01,Z,+,30.784624,7.884881,SIGNAL,0x0000,CAL-20260811-001,CLOCK-20260811-001,PASS
EVT-000000001374,SIM-0002,2026082108300000112,PULSE-EXP-0002-0023-08300,EXP-0002-0023,SNSPD-01,Z,+,31.054144,7.356110,SIGNAL,0x0000,CAL-20260811-001,CLOCK-20260811-001,PASS
EVT-000000001375,SIM-0002,2026082108524000051,PULSE-EXP-0002-0023-08524,EXP-0002-0023,SNSPD-06,Y,-,34.360008,7.880012,SIGNAL,0x0000,CAL-20260811-001,CLOCK-20260811-001,PASS
EVT-000000001376,SIM-0002,2026082108674000169,PULSE-EXP-0002-0023-08674,EXP-0002-0023,SNSPD-05,Y,+,29.381042,7.682608,SIGNAL,0x0000,CAL-20260811-001,CLOCK-20260811-001,PASS
EVT-000000001377,SIM-0002,2026082108711000109,PULSE-EXP-0002-0023-08711,EXP-0002-0023,SNSPD-06,Y,-,32.396016,7.794954,SIGNAL,0x0000,CAL-20260811-001,CLOCK-20260811-001,PASS
EVT-000000001378,SIM-0002,2026082108920000198,PULSE-EXP-0002-0023-08920,EXP-0002-0023,SNSPD-03,X,+,35.359115,7.476101,SIGNAL,0x0000,CAL-20260811-001,CLOCK-20260811-001,PASS
EVT-000000001379,SIM-0002,2026082109042000022,PULSE-EXP-0002-0023-09042,EXP-0002-0023,SNSPD-01,Z,+,29.755993,8.340449,SIGNAL,0x0000,CAL-20260811-001,CLOCK-20260811-001,PASS
EVT-000000001380,SIM-0002,2026082109123000090,PULSE-EXP-0002-0023-09123,EXP-0002-0023,SNSPD-03,X,+,32.039156,9.161253,SIGNAL,0x0000,CAL-20260811-001,CLOCK-20260811-001,PASS
EVT-000000001381,SIM-0002,2026082109325000053,PULSE-EXP-0002-0023-09325,EXP-0002-0023,SNSPD-06,Y,-,33.840830,8.596458,SIGNAL,0x0000,CAL-20260811-001,CLOCK-20260811-001,PASS
EVT-000000001382,SIM-0002,2026082109331000152,PULSE-EXP-0002-0023-09331,EXP-0002-0023,SNSPD-03,X,+,32.539391,8.354775,SIGNAL,0x0000,CAL-20260811-001,CLOCK-20260811-001,PASS
EVT-000000001383,SIM-0002,2026082109455000114,PULSE-EXP-0002-0023-09455,EXP-0002-0023,SNSPD-01,Z,+,30.506157,8.384931,SIGNAL,0x0000,CAL-20260811-001,CLOCK-20260811-001,PASS
EVT-000000001384,SIM-0002,2026082109635000033,PULSE-EXP-0002-0023-09635,EXP-0002-0023,SNSPD-06,Y,-,32.081049,8.070715,SIGNAL,0x0000,CAL-20260811-001,CLOCK-20260811-001,PASS
EVT-000000001385,SIM-0002,2026082111228000060,PULSE-EXP-0002-0002-00228,EXP-0002-0002,SNSPD-02,Z,-,31.183214,9.062999,SIGNAL,0x0000,CAL-20260811-001,CLOCK-20260811-001,PASS
EVT-000000001386,SIM-0002,2026082116917000110,PULSE-EXP-0002-0002-05917,EXP-0002-0002,SNSPD-03,X,+,30.872374,8.253695,SIGNAL,0x0000,CAL-20260811-001,CLOCK-20260811-001,PASS
EVT-000000001387,SIM-0002,2026082118557000058,PULSE-EXP-0002-0002-07557,EXP-0002-0002,SNSPD-04,X,-,32.956763,8.331240,SIGNAL,0x0000,CAL-20260811-001,CLOCK-20260811-001,PASS
EVT-000000001388,SIM-0002,2026082118567000028,PULSE-EXP-0002-0002-07567,EXP-0002-0002,SNSPD-03,X,+,27.362421,7.707348,SIGNAL,0x0000,CAL-20260811-001,CLOCK-20260811-001,PASS
EVT-000000001389,SIM-0002,2026082122780000077,PULSE-EXP-0002-0016-00780,EXP-0002-0016,SNSPD-01,Z,+,32.705437,8.339933,SIGNAL,0x0000,CAL-20260811-001,CLOCK-20260811-001,PASS
EVT-000000001390,SIM-0002,2026082123259000006,PULSE-EXP-0002-0016-01259,EXP-0002-0016,SNSPD-04,X,-,30.240084,8.902256,SIGNAL,0x0000,CAL-20260811-001,CLOCK-20260811-001,PASS
EVT-000000001391,SIM-0002,2026082123807000045,PULSE-EXP-0002-0016-01807,EXP-0002-0016,SNSPD-06,Y,-,29.261957,7.751959,SIGNAL,0x0000,CAL-20260811-001,CLOCK-20260811-001,PASS
EVT-000000001392,SIM-0002,2026082124152000124,PULSE-EXP-0002-0016-02152,EXP-0002-0016,SNSPD-03,X,+,30.370550,8.163217,SIGNAL,0x0000,CAL-20260811-001,CLOCK-20260811-001,PASS
EVT-000000001393,SIM-0002,2026082124193000177,PULSE-EXP-0002-0016-02193,EXP-0002-0016,SNSPD-04,X,-,32.125571,7.837098,SIGNAL,0x0000,CAL-20260811-001,CLOCK-20260811-001,PASS
EVT-000000001394,SIM-0002,2026082124262000125,PULSE-EXP-0002-0016-02262,EXP-0002-0016,SNSPD-03,X,+,31.664941,8.405108,SIGNAL,0x0000,CAL-20260811-001,CLOCK-20260811-001,PASS
EVT-000000001395,SIM-0002,2026082124914000106,PULSE-EXP-0002-0016-02914,EXP-0002-0016,SNSPD-05,Y,+,28.829583,7.462813,SIGNAL,0x0000,CAL-20260811-001,CLOCK-20260811-001,PASS
EVT-000000001396,SIM-0002,2026082125382000061,PULSE-EXP-0002-0016-03382,EXP-0002-0016,SNSPD-01,Z,+,32.569511,8.589346,SIGNAL,0x0000,CAL-20260811-001,CLOCK-20260811-001,PASS
EVT-000000001397,SIM-0002,2026082125744000087,PULSE-EXP-0002-0016-03744,EXP-0002-0016,SNSPD-01,Z,+,28.660360,7.475343,SIGNAL,0x0000,CAL-20260811-001,CLOCK-20260811-001,PASS
EVT-000000001398,SIM-0002,2026082126305000144,PULSE-EXP-0002-0016-04305,EXP-0002-0016,SNSPD-03,X,+,33.749834,8.072092,SIGNAL,0x0000,CAL-20260811-001,CLOCK-20260811-001,PASS
EVT-000000001399,SIM-0002,2026082126337000151,PULSE-EXP-0002-0016-04337,EXP-0002-0016,SNSPD-03,X,+,34.648562,8.184627,SIGNAL,0x0000,CAL-20260811-001,CLOCK-20260811-001,PASS
EVT-000000001400,SIM-0002,2026082126731000028,PULSE-EXP-0002-0016-04731,EXP-0002-0016,SNSPD-03,X,+,31.272214,8.447111,SIGNAL,0x0000,CAL-20260811-001,CLOCK-20260811-001,PASS
EVT-000000001401,SIM-0002,2026082126798000150,PULSE-EXP-0002-0016-04798,EXP-0002-0016,SNSPD-01,Z,+,32.833687,7.756228,SIGNAL,0x0000,CAL-20260811-001,CLOCK-20260811-001,PASS
EVT-000000001402,SIM-0002,2026082127768000162,PULSE-EXP-0002-0016-05768,EXP-0002-0016,SNSPD-01,Z,+,31.749757,7.224458,SIGNAL,0x0000,CAL-20260811-001,CLOCK-20260811-001,PASS
EVT-000000001403,SIM-0002,2026082127779000097,PULSE-EXP-0002-0016-05779,EXP-0002-0016,SNSPD-03,X,+,32.869919,8.062704,SIGNAL,0x0000,CAL-20260811-001,CLOCK-20260811-001,PASS
EVT-000000001404,SIM-0002,2026082128483000058,PULSE-EXP-0002-0016-06483,EXP-0002-0016,SNSPD-06,Y,-,31.140576,8.645292,SIGNAL,0x0000,CAL-20260811-001,CLOCK-20260811-001,PASS
EVT-000000001405,SIM-0002,2026082129522000130,PULSE-EXP-0002-0016-07522,EXP-0002-0016,SNSPD-01,Z,+,34.529799,7.465618,SIGNAL,0x0000,CAL-20260811-001,CLOCK-20260811-001,PASS
EVT-000000001406,SIM-0002,2026082129690000182,PULSE-EXP-0002-0016-07690,EXP-0002-0016,SNSPD-03,X,+,31.012297,9.144615,SIGNAL,0x0000,CAL-20260811-001,CLOCK-20260811-001,PASS
EVT-000000001407,SIM-0002,2026082129974000186,PULSE-EXP-0002-0016-07974,EXP-0002-0016,SNSPD-01,Z,+,32.567861,7.776162,SIGNAL,0x0000,CAL-20260811-001,CLOCK-20260811-001,PASS
EVT-000000001408,SIM-0002,2026082130409000074,PULSE-EXP-0002-0016-08409,EXP-0002-0016,SNSPD-01,Z,+,32.457473,7.998529,SIGNAL,0x0000,CAL-20260811-001,CLOCK-20260811-001,PASS
EVT-000000001409,SIM-0002,2026082130787000141,PULSE-EXP-0002-0016-08787,EXP-0002-0016,SNSPD-05,Y,+,30.954925,8.434604,SIGNAL,0x0000,CAL-20260811-001,CLOCK-20260811-001,PASS
EVT-000000001410,SIM-0002,2026082131947000008,PULSE-EXP-0002-0016-09947,EXP-0002-0016,SNSPD-01,Z,+,30.125140,6.900177,SIGNAL,0x0000,CAL-20260811-001,CLOCK-20260811-001,PASS
EVT-000000001411,SIM-0002,2026082133004000192,PULSE-EXP-0002-0012-00004,EXP-0002-0012,SNSPD-06,Y,-,33.163565,7.672312,SIGNAL,0x0000,CAL-20260811-001,CLOCK-20260811-001,PASS
EVT-000000001412,SIM-0002,2026082134067000176,PULSE-EXP-0002-0012-01067,EXP-0002-0012,SNSPD-04,X,-,31.855551,8.251247,SIGNAL,0x0000,CAL-20260811-001,CLOCK-20260811-001,PASS
EVT-000000001413,SIM-0002,2026082134186000056,PULSE-EXP-0002-0012-01186,EXP-0002-0012,SNSPD-01,Z,+,32.248509,8.785134,SIGNAL,0x0000,CAL-20260811-001,CLOCK-20260811-001,PASS
EVT-000000001414,SIM-0002,2026082135356000060,PULSE-EXP-0002-0012-02356,EXP-0002-0012,SNSPD-05,Y,+,30.036154,8.891441,SIGNAL,0x0000,CAL-20260811-001,CLOCK-20260811-001,PASS
EVT-000000001415,SIM-0002,2026082136427000011,PULSE-EXP-0002-0012-03427,EXP-0002-0012,SNSPD-03,X,+,31.389414,8.044732,SIGNAL,0x0000,CAL-20260811-001,CLOCK-20260811-001,PASS
EVT-000000001416,SIM-0002,2026082136769000155,PULSE-EXP-0002-0012-03769,EXP-0002-0012,SNSPD-04,X,-,34.033830,8.494822,SIGNAL,0x0000,CAL-20260811-001,CLOCK-20260811-001,PASS
EVT-000000001417,SIM-0002,2026082138167000179,PULSE-EXP-0002-0012-05167,EXP-0002-0012,SNSPD-05,Y,+,28.332628,8.653225,SIGNAL,0x0000,CAL-20260811-001,CLOCK-20260811-001,PASS
EVT-000000001418,SIM-0002,2026082138168000072,PULSE-EXP-0002-0012-05168,EXP-0002-0012,SNSPD-01,Z,+,30.117917,8.098686,SIGNAL,0x0000,CAL-20260811-001,CLOCK-20260811-001,PASS
EVT-000000001419,SIM-0002,2026082138257000042,PULSE-EXP-0002-0012-05257,EXP-0002-0012,SNSPD-01,Z,+,33.376839,8.671384,SIGNAL,0x0000,CAL-20260811-001,CLOCK-20260811-001,PASS
EVT-000000001420,SIM-0002,2026082140142000164,PULSE-EXP-0002-0012-07142,EXP-0002-0012,SNSPD-05,Y,+,34.395392,7.625720,SIGNAL,0x0000,CAL-20260811-001,CLOCK-20260811-001,PASS
EVT-000000001421,SIM-0002,2026082140297000152,PULSE-EXP-0002-0012-07297,EXP-0002-0012,SNSPD-04,X,-,35.308898,8.080682,SIGNAL,0x0000,CAL-20260811-001,CLOCK-20260811-001,PASS
EVT-000000001422,SIM-0002,2026082140743000031,PULSE-EXP-0002-0012-07743,EXP-0002-0012,SNSPD-03,X,+,32.872165,7.543034,SIGNAL,0x0000,CAL-20260811-001,CLOCK-20260811-001,PASS
EVT-000000001423,SIM-0002,2026082141352000125,PULSE-EXP-0002-0012-08352,EXP-0002-0012,SNSPD-01,Z,+,34.407183,8.016490,SIGNAL,0x0000,CAL-20260811-001,CLOCK-20260811-001,PASS
EVT-000000001424,SIM-0002,2026082142024000072,PULSE-EXP-0002-0012-09024,EXP-0002-0012,SNSPD-01,Z,+,33.059011,8.361584,SIGNAL,0x0000,CAL-20260811-001,CLOCK-20260811-001,PASS
EVT-000000001425,SIM-0002,2026082142391000175,PULSE-EXP-0002-0012-09391,EXP-0002-0012,SNSPD-01,Z,+,31.016503,7.145901,SIGNAL,0x0000,CAL-20260811-001,CLOCK-20260811-001,PASS
EVT-000000001426,SIM-0002,2026082142440000074,PULSE-EXP-0002-0012-09440,EXP-0002-0012,SNSPD-01,Z,+,32.536756,7.597227,SIGNAL,0x0000,CAL-20260811-001,CLOCK-20260811-001,PASS
EVT-000000001427,SIM-0002,2026082142897000035,PULSE-EXP-0002-0012-09897,EXP-0002-0012,SNSPD-04,X,-,32.693084,8.325988,SIGNAL,0x0000,CAL-20260811-001,CLOCK-20260811-001,PASS
EVT-000000001428,SIM-0002,2026082144666000112,PULSE-EXP-0002-0018-00666,EXP-0002-0018,SNSPD-01,Z,+,34.657513,8.080749,SIGNAL,0x0000,CAL-20260811-001,CLOCK-20260811-001,PASS
EVT-000000001429,SIM-0002,2026082144944000113,PULSE-EXP-0002-0018-00944,EXP-0002-0018,SNSPD-02,Z,-,30.117898,8.994080,SIGNAL,0x0000,CAL-20260811-001,CLOCK-20260811-001,PASS
EVT-000000001430,SIM-0002,2026082145197000192,PULSE-EXP-0002-0018-01197,EXP-0002-0018,SNSPD-04,X,-,33.068027,8.192466,SIGNAL,0x0000,CAL-20260811-001,CLOCK-20260811-001,PASS
EVT-000000001431,SIM-0002,2026082145294000198,PULSE-EXP-0002-0018-01294,EXP-0002-0018,SNSPD-04,X,-,30.113278,8.095876,SIGNAL,0x0000,CAL-20260811-001,CLOCK-20260811-001,PASS
EVT-000000001432,SIM-0002,2026082145316000179,PULSE-EXP-0002-0018-01316,EXP-0002-0018,SNSPD-04,X,-,31.936778,8.941567,SIGNAL,0x0000,CAL-20260811-001,CLOCK-20260811-001,PASS
EVT-000000001433,SIM-0002,2026082145474000164,PULSE-EXP-0002-0018-01474,EXP-0002-0018,SNSPD-01,Z,+,32.109871,7.400167,SIGNAL,0x0000,CAL-20260811-001,CLOCK-20260811-001,PASS
EVT-000000001434,SIM-0002,2026082145540000087,PULSE-EXP-0002-0018-01540,EXP-0002-0018,SNSPD-05,Y,+,30.321610,8.673401,SIGNAL,0x0000,CAL-20260811-001,CLOCK-20260811-001,PASS
EVT-000000001435,SIM-0002,2026082145797000182,PULSE-EXP-0002-0018-01797,EXP-0002-0018,SNSPD-01,Z,+,32.651477,8.669586,SIGNAL,0x0000,CAL-20260811-001,CLOCK-20260811-001,PASS
EVT-000000001436,SIM-0002,2026082146039000039,PULSE-EXP-0002-0018-02039,EXP-0002-0018,SNSPD-04,X,-,34.031218,8.347685,SIGNAL,0x0000,CAL-20260811-001,CLOCK-20260811-001,PASS
EVT-000000001437,SIM-0002,2026082146185000194,PULSE-EXP-0002-0018-02185,EXP-0002-0018,SNSPD-06,Y,-,31.923397,8.496832,SIGNAL,0x0000,CAL-20260811-001,CLOCK-20260811-001,PASS
EVT-000000001438,SIM-0002,2026082146398000055,PULSE-EXP-0002-0018-02398,EXP-0002-0018,SNSPD-04,X,-,30.886971,7.941630,SIGNAL,0x0000,CAL-20260811-001,CLOCK-20260811-001,PASS
EVT-000000001439,SIM-0002,2026082147264000125,PULSE-EXP-0002-0018-03264,EXP-0002-0018,SNSPD-03,X,+,32.934584,8.749798,SIGNAL,0x0000,CAL-20260811-001,CLOCK-20260811-001,PASS
EVT-000000001440,SIM-0002,2026082147522000199,PULSE-EXP-0002-0018-03522,EXP-0002-0018,SNSPD-03,X,+,32.841220,8.201802,SIGNAL,0x0000,CAL-20260811-001,CLOCK-20260811-001,PASS
EVT-000000001441,SIM-0002,2026082147857000192,PULSE-EXP-0002-0018-03857,EXP-0002-0018,SNSPD-05,Y,+,32.041129,7.723546,SIGNAL,0x0000,CAL-20260811-001,CLOCK-20260811-001,PASS
EVT-000000001442,SIM-0002,2026082147957000192,PULSE-EXP-0002-0018-03957,EXP-0002-0018,SNSPD-05,Y,+,31.346037,7.902062,SIGNAL,0x0000,CAL-20260811-001,CLOCK-20260811-001,PASS
EVT-000000001443,SIM-0002,2026082148507000179,PULSE-EXP-0002-0018-04507,EXP-0002-0018,SNSPD-06,Y,-,31.711747,9.191217,SIGNAL,0x0000,CAL-20260811-001,CLOCK-20260811-001,PASS
EVT-000000001444,SIM-0002,2026082148579000123,PULSE-EXP-0002-0018-04579,EXP-0002-0018,SNSPD-05,Y,+,32.230119,7.812210,SIGNAL,0x0000,CAL-20260811-001,CLOCK-20260811-001,PASS
EVT-000000001445,SIM-0002,2026082149536000025,PULSE-EXP-0002-0018-05536,EXP-0002-0018,SNSPD-06,Y,-,29.963446,7.487110,SIGNAL,0x0000,CAL-20260811-001,CLOCK-20260811-001,PASS
EVT-000000001446,SIM-0002,2026082149609000138,PULSE-EXP-0002-0018-05609,EXP-0002-0018,SNSPD-01,Z,+,33.565480,8.790565,SIGNAL,0x0000,CAL-20260811-001,CLOCK-20260811-001,PASS
EVT-000000001447,SIM-0002,2026082150116000102,PULSE-EXP-0002-0018-06116,EXP-0002-0018,SNSPD-03,X,+,35.190295,8.506399,SIGNAL,0x0000,CAL-20260811-001,CLOCK-20260811-001,PASS
EVT-000000001448,SIM-0002,2026082150124000053,PULSE-EXP-0002-0018-06124,EXP-0002-0018,SNSPD-05,Y,+,32.505513,7.752353,SIGNAL,0x0000,CAL-20260811-001,CLOCK-20260811-001,PASS
EVT-000000001449,SIM-0002,2026082150549000055,PULSE-EXP-0002-0018-06549,EXP-0002-0018,SNSPD-03,X,+,34.974899,7.785135,SIGNAL,0x0000,CAL-20260811-001,CLOCK-20260811-001,PASS
EVT-000000001450,SIM-0002,2026082150819000133,PULSE-EXP-0002-0018-06819,EXP-0002-0018,SNSPD-03,X,+,32.597977,8.174982,SIGNAL,0x0000,CAL-20260811-001,CLOCK-20260811-001,PASS
EVT-000000001451,SIM-0002,2026082150904000116,PULSE-EXP-0002-0018-06904,EXP-0002-0018,SNSPD-04,X,-,29.460137,8.241201,SIGNAL,0x0000,CAL-20260811-001,CLOCK-20260811-001,PASS
EVT-000000001452,SIM-0002,2026082150978000149,PULSE-EXP-0002-0018-06978,EXP-0002-0018,SNSPD-06,Y,-,28.342119,7.497929,SIGNAL,0x0000,CAL-20260811-001,CLOCK-20260811-001,PASS
EVT-000000001453,SIM-0002,2026082151465000005,PULSE-EXP-0002-0018-07465,EXP-0002-0018,SNSPD-03,X,+,33.312764,9.059848,SIGNAL,0x0000,CAL-20260811-001,CLOCK-20260811-001,PASS
EVT-000000001454,SIM-0002,2026082151576000009,PULSE-EXP-0002-0018-07576,EXP-0002-0018,SNSPD-04,X,-,31.813520,7.959911,SIGNAL,0x0000,CAL-20260811-001,CLOCK-20260811-001,PASS
EVT-000000001455,SIM-0002,2026082151753000009,PULSE-EXP-0002-0018-07753,EXP-0002-0018,SNSPD-03,X,+,33.035789,7.695358,SIGNAL,0x0000,CAL-20260811-001,CLOCK-20260811-001,PASS
EVT-000000001456,SIM-0002,2026082151807000002,PULSE-EXP-0002-0018-07807,EXP-0002-0018,SNSPD-01,Z,+,35.354667,8.380421,SIGNAL,0x0000,CAL-20260811-001,CLOCK-20260811-001,PASS
EVT-000000001457,SIM-0002,2026082151979000130,PULSE-EXP-0002-0018-07979,EXP-0002-0018,SNSPD-05,Y,+,32.782353,7.266076,SIGNAL,0x0000,CAL-20260811-001,CLOCK-20260811-001,PASS
EVT-000000001458,SIM-0002,2026082152257000158,PULSE-EXP-0002-0018-08257,EXP-0002-0018,SNSPD-05,Y,+,31.206352,9.078935,SIGNAL,0x0000,CAL-20260811-001,CLOCK-20260811-001,PASS
EVT-000000001459,SIM-0002,2026082152435000077,PULSE-EXP-0002-0018-08435,EXP-0002-0018,SNSPD-01,Z,+,30.987206,7.386136,SIGNAL,0x0000,CAL-20260811-001,CLOCK-20260811-001,PASS
EVT-000000001460,SIM-0002,2026082152884000180,PULSE-EXP-0002-0018-08884,EXP-0002-0018,SNSPD-05,Y,+,34.660432,8.106738,SIGNAL,0x0000,CAL-20260811-001,CLOCK-20260811-001,PASS
EVT-000000001461,SIM-0002,2026082153155000014,PULSE-EXP-0002-0018-09155,EXP-0002-0018,SNSPD-06,Y,-,30.118181,8.851176,SIGNAL,0x0000,CAL-20260811-001,CLOCK-20260811-001,PASS
EVT-000000001462,SIM-0002,2026082153269000068,PULSE-EXP-0002-0018-09269,EXP-0002-0018,SNSPD-06,Y,-,33.656749,7.714446,SIGNAL,0x0000,CAL-20260811-001,CLOCK-20260811-001,PASS
EVT-000000001463,SIM-0002,2026082153994000121,PULSE-EXP-0002-0018-09994,EXP-0002-0018,SNSPD-02,Z,-,34.015924,7.950527,SIGNAL,0x0000,CAL-20260811-001,CLOCK-20260811-001,PASS
EVT-000000001464,SIM-0002,2026082155861000104,PULSE-EXP-0002-0011-00861,EXP-0002-0011,SNSPD-05,Y,+,29.402994,7.050469,SIGNAL,0x0000,CAL-20260811-001,CLOCK-20260811-001,PASS
EVT-000000001465,SIM-0002,2026082156414000157,PULSE-EXP-0002-0011-01414,EXP-0002-0011,SNSPD-01,Z,+,35.244324,7.471444,SIGNAL,0x0000,CAL-20260811-001,CLOCK-20260811-001,PASS
EVT-000000001466,SIM-0002,2026082156947000061,PULSE-EXP-0002-0011-01947,EXP-0002-0011,SNSPD-05,Y,+,32.233171,7.207524,SIGNAL,0x0000,CAL-20260811-001,CLOCK-20260811-001,PASS
EVT-000000001467,SIM-0002,2026082157738000028,PULSE-EXP-0002-0011-02738,EXP-0002-0011,SNSPD-05,Y,+,29.900037,7.964922,SIGNAL,0x0000,CAL-20260811-001,CLOCK-20260811-001,PASS
EVT-000000001468,SIM-0002,2026082157795000131,PULSE-EXP-0002-0011-02795,EXP-0002-0011,SNSPD-06,Y,-,32.811460,8.328946,SIGNAL,0x0000,CAL-20260811-001,CLOCK-20260811-001,PASS
EVT-000000001469,SIM-0002,2026082158809000038,PULSE-EXP-0002-0011-03809,EXP-0002-0011,SNSPD-01,Z,+,35.256695,7.865958,SIGNAL,0x0000,CAL-20260811-001,CLOCK-20260811-001,PASS
EVT-000000001470,SIM-0002,2026082159056000161,PULSE-EXP-0002-0011-04056,EXP-0002-0011,SNSPD-05,Y,+,28.281854,7.602367,SIGNAL,0x0000,CAL-20260811-001,CLOCK-20260811-001,PASS
EVT-000000001471,SIM-0002,2026082160779000005,PULSE-EXP-0002-0011-05779,EXP-0002-0011,SNSPD-06,Y,-,32.447135,7.851473,SIGNAL,0x0000,CAL-20260811-001,CLOCK-20260811-001,PASS
EVT-000000001472,SIM-0002,2026082162677000080,PULSE-EXP-0002-0011-07677,EXP-0002-0011,SNSPD-04,X,-,35.223834,8.199579,SIGNAL,0x0000,CAL-20260811-001,CLOCK-20260811-001,PASS
EVT-000000001473,SIM-0002,2026082162919000063,PULSE-EXP-0002-0011-07919,EXP-0002-0011,SNSPD-03,X,+,29.732740,7.482562,SIGNAL,0x0000,CAL-20260811-001,CLOCK-20260811-001,PASS
EVT-000000001474,SIM-0002,2026082163407000150,PULSE-EXP-0002-0011-08407,EXP-0002-0011,SNSPD-03,X,+,34.094279,8.417807,SIGNAL,0x0000,CAL-20260811-001,CLOCK-20260811-001,PASS
EVT-000000001475,SIM-0002,2026082163572000176,PULSE-EXP-0002-0011-08572,EXP-0002-0011,SNSPD-01,Z,+,30.143300,7.990001,SIGNAL,0x0000,CAL-20260811-001,CLOCK-20260811-001,PASS
EVT-000000001476,SIM-0002,2026082163654000011,PULSE-EXP-0002-0011-08654,EXP-0002-0011,SNSPD-02,Z,-,30.371598,8.498034,SIGNAL,0x0000,CAL-20260811-001,CLOCK-20260811-001,PASS
EVT-000000001477,SIM-0002,2026082164022000050,PULSE-EXP-0002-0011-09022,EXP-0002-0011,SNSPD-04,X,-,36.804355,7.574329,SIGNAL,0x0000,CAL-20260811-001,CLOCK-20260811-001,PASS
EVT-000000001478,SIM-0002,2026082167705000029,PULSE-EXP-0002-0001-01705,EXP-0002-0001,SNSPD-06,Y,-,32.942386,7.478983,SIGNAL,0x0000,CAL-20260811-001,CLOCK-20260811-001,PASS
EVT-000000001479,SIM-0002,2026082172584000191,PULSE-EXP-0002-0001-06584,EXP-0002-0001,SNSPD-03,X,+,32.135752,8.461055,SIGNAL,0x0000,CAL-20260811-001,CLOCK-20260811-001,PASS
EVT-000000001480,SIM-0002,2026082173327000168,PULSE-EXP-0002-0001-07327,EXP-0002-0001,SNSPD-06,Y,-,31.962580,7.267899,SIGNAL,0x0000,CAL-20260811-001,CLOCK-20260811-001,PASS
EVT-000000001481,SIM-0002,2026082174162000095,PULSE-EXP-0002-0001-08162,EXP-0002-0001,SNSPD-01,Z,+,31.338221,7.227869,SIGNAL,0x0000,CAL-20260811-001,CLOCK-20260811-001,PASS
EVT-000000001482,SIM-0002,2026082177674000191,PULSE-EXP-0002-0005-00674,EXP-0002-0005,SNSPD-01,Z,+,29.494543,6.903171,SIGNAL,0x0000,CAL-20260811-001,CLOCK-20260811-001,PASS
EVT-000000001483,SIM-0002,2026082182017000066,PULSE-EXP-0002-0005-05017,EXP-0002-0005,SNSPD-02,Z,-,30.360367,8.157547,SIGNAL,0x0000,CAL-20260811-001,CLOCK-20260811-001,PASS
EVT-000000001484,SIM-0002,2026082182798000118,PULSE-EXP-0002-0005-05798,EXP-0002-0005,SNSPD-06,Y,-,35.524327,8.374089,SIGNAL,0x0000,CAL-20260811-001,CLOCK-20260811-001,PASS
EVT-000000001485,SIM-0002,2026082185115000115,PULSE-EXP-0002-0005-08115,EXP-0002-0005,SNSPD-04,X,-,31.894209,7.385862,SIGNAL,0x0000,CAL-20260811-001,CLOCK-20260811-001,PASS
EVT-000000001486,SIM-0002,2026082186913000011,PULSE-EXP-0002-0005-09913,EXP-0002-0005,SNSPD-04,X,-,30.841779,8.414504,SIGNAL,0x0000,CAL-20260811-001,CLOCK-20260811-001,PASS
EVT-000000001487,SIM-0002,2026082188065000112,PULSE-EXP-0002-0027-00065,EXP-0002-0027,SNSPD-05,Y,+,30.470092,8.358250,SIGNAL,0x0000,CAL-20260811-001,CLOCK-20260811-001,PASS
EVT-000000001488,SIM-0002,2026082188096000160,PULSE-EXP-0002-0027-00096,EXP-0002-0027,SNSPD-01,Z,+,33.429914,7.505449,SIGNAL,0x0000,CAL-20260811-001,CLOCK-20260811-001,PASS
EVT-000000001489,SIM-0002,2026082188103000098,PULSE-EXP-0002-0027-00103,EXP-0002-0027,SNSPD-06,Y,-,26.407703,6.611858,SIGNAL,0x0000,CAL-20260811-001,CLOCK-20260811-001,PASS
EVT-000000001490,SIM-0002,2026082188116000092,PULSE-EXP-0002-0027-00116,EXP-0002-0027,SNSPD-05,Y,+,30.754154,8.951425,SIGNAL,0x0000,CAL-20260811-001,CLOCK-20260811-001,PASS
EVT-000000001491,SIM-0002,2026082188205000050,PULSE-EXP-0002-0027-00205,EXP-0002-0027,SNSPD-02,Z,-,27.462392,8.264844,SIGNAL,0x0000,CAL-20260811-001,CLOCK-20260811-001,PASS
EVT-000000001492,SIM-0002,2026082188256000002,PULSE-EXP-0002-0027-00256,EXP-0002-0027,SNSPD-06,Y,-,28.324165,8.942490,SIGNAL,0x0000,CAL-20260811-001,CLOCK-20260811-001,PASS
EVT-000000001493,SIM-0002,2026082188267000051,PULSE-EXP-0002-0027-00267,EXP-0002-0027,SNSPD-06,Y,-,29.073702,7.395059,SIGNAL,0x0000,CAL-20260811-001,CLOCK-20260811-001,PASS
EVT-000000001494,SIM-0002,2026082188275000032,PULSE-EXP-0002-0027-00275,EXP-0002-0027,SNSPD-01,Z,+,34.705546,6.485724,SIGNAL,0x0000,CAL-20260811-001,CLOCK-20260811-001,PASS
EVT-000000001495,SIM-0002,2026082188361000085,PULSE-EXP-0002-0027-00361,EXP-0002-0027,SNSPD-04,X,-,32.096053,7.561746,SIGNAL,0x0000,CAL-20260811-001,CLOCK-20260811-001,PASS
EVT-000000001496,SIM-0002,2026082188455000012,PULSE-EXP-0002-0027-00455,EXP-0002-0027,SNSPD-01,Z,+,31.004380,7.562679,SIGNAL,0x0000,CAL-20260811-001,CLOCK-20260811-001,PASS
EVT-000000001497,SIM-0002,2026082188479000111,PULSE-EXP-0002-0027-00479,EXP-0002-0027,SNSPD-05,Y,+,29.840504,8.217074,SIGNAL,0x0000,CAL-20260811-001,CLOCK-20260811-001,PASS
EVT-000000001498,SIM-0002,2026082188547000021,PULSE-EXP-0002-0027-00547,EXP-0002-0027,SNSPD-06,Y,-,36.630684,8.345878,SIGNAL,0x0000,CAL-20260811-001,CLOCK-20260811-001,PASS
EVT-000000001499,SIM-0002,2026082188573000158,PULSE-EXP-0002-0027-00573,EXP-0002-0027,SNSPD-04,X,-,34.932924,7.770512,SIGNAL,0x0000,CAL-20260811-001,CLOCK-20260811-001,PASS
EVT-000000001500,SIM-0002,2026082188594000187,PULSE-EXP-0002-0027-00594,EXP-0002-0027,SNSPD-05,Y,+,27.523421,8.070847,SIGNAL,0x0000,CAL-20260811-001,CLOCK-20260811-001,PASS
EVT-000000001501,SIM-0002,2026082188624000031,PULSE-EXP-0002-0027-00624,EXP-0002-0027,SNSPD-02,Z,-,30.574646,8.267400,SIGNAL,0x0000,CAL-20260811-001,CLOCK-20260811-001,PASS
EVT-000000001502,SIM-0002,2026082188633000113,PULSE-EXP-0002-0027-00633,EXP-0002-0027,SNSPD-05,Y,+,28.607982,7.775388,SIGNAL,0x0000,CAL-20260811-001,CLOCK-20260811-001,PASS
EVT-000000001503,SIM-0002,2026082188638000014,PULSE-EXP-0002-0027-00638,EXP-0002-0027,SNSPD-06,Y,-,33.395820,7.880807,SIGNAL,0x0000,CAL-20260811-001,CLOCK-20260811-001,PASS
EVT-000000001504,SIM-0002,2026082188647000042,PULSE-EXP-0002-0027-00647,EXP-0002-0027,SNSPD-03,X,+,30.528642,7.895657,SIGNAL,0x0000,CAL-20260811-001,CLOCK-20260811-001,PASS
EVT-000000001505,SIM-0002,2026082188653000057,PULSE-EXP-0002-0027-00653,EXP-0002-0027,SNSPD-05,Y,+,27.663752,6.699377,SIGNAL,0x0000,CAL-20260811-001,CLOCK-20260811-001,PASS
EVT-000000001506,SIM-0002,2026082188663000125,PULSE-EXP-0002-0027-00663,EXP-0002-0027,SNSPD-06,Y,-,31.920351,7.710786,SIGNAL,0x0000,CAL-20260811-001,CLOCK-20260811-001,PASS
EVT-000000001507,SIM-0002,2026082188682000119,PULSE-EXP-0002-0027-00682,EXP-0002-0027,SNSPD-04,X,-,33.147102,8.450378,SIGNAL,0x0000,CAL-20260811-001,CLOCK-20260811-001,PASS
EVT-000000001508,SIM-0002,2026082188795000182,PULSE-EXP-0002-0027-00795,EXP-0002-0027,SNSPD-01,Z,+,31.790468,7.052746,SIGNAL,0x0000,CAL-20260811-001,CLOCK-20260811-001,PASS
EVT-000000001509,SIM-0002,2026082188924000170,PULSE-EXP-0002-0027-00924,EXP-0002-0027,SNSPD-03,X,+,29.200052,7.351901,SIGNAL,0x0000,CAL-20260811-001,CLOCK-20260811-001,PASS
EVT-000000001510,SIM-0002,2026082188938000149,PULSE-EXP-0002-0027-00938,EXP-0002-0027,SNSPD-02,Z,-,30.905173,7.451431,SIGNAL,0x0000,CAL-20260811-001,CLOCK-20260811-001,PASS
EVT-000000001511,SIM-0002,2026082188958000072,PULSE-EXP-0002-0027-00958,EXP-0002-0027,SNSPD-04,X,-,31.319553,7.851432,SIGNAL,0x0000,CAL-20260811-001,CLOCK-20260811-001,PASS
EVT-000000001512,SIM-0002,2026082188972000132,PULSE-EXP-0002-0027-00972,EXP-0002-0027,SNSPD-06,Y,-,31.727887,8.371530,SIGNAL,0x0000,CAL-20260811-001,CLOCK-20260811-001,PASS
EVT-000000001513,SIM-0002,2026082189071000036,PULSE-EXP-0002-0027-01071,EXP-0002-0027,SNSPD-01,Z,+,32.737739,7.642339,SIGNAL,0x0000,CAL-20260811-001,CLOCK-20260811-001,PASS
EVT-000000001514,SIM-0002,2026082189084000189,PULSE-EXP-0002-0027-01084,EXP-0002-0027,SNSPD-06,Y,-,32.120514,6.783441,SIGNAL,0x0000,CAL-20260811-001,CLOCK-20260811-001,PASS
EVT-000000001515,SIM-0002,2026082189211000093,PULSE-EXP-0002-0027-01211,EXP-0002-0027,SNSPD-01,Z,+,34.402926,7.473916,SIGNAL,0x0000,CAL-20260811-001,CLOCK-20260811-001,PASS
EVT-000000001516,SIM-0002,2026082189231000151,PULSE-EXP-0002-0027-01231,EXP-0002-0027,SNSPD-02,Z,-,33.866989,7.484530,SIGNAL,0x0000,CAL-20260811-001,CLOCK-20260811-001,PASS
EVT-000000001517,SIM-0002,2026082189317000014,PULSE-EXP-0002-0027-01317,EXP-0002-0027,SNSPD-02,Z,-,29.176394,7.282108,SIGNAL,0x0000,CAL-20260811-001,CLOCK-20260811-001,PASS
EVT-000000001518,SIM-0002,2026082189345000134,PULSE-EXP-0002-0027-01345,EXP-0002-0027,SNSPD-03,X,+,28.794866,7.797879,SIGNAL,0x0000,CAL-20260811-001,CLOCK-20260811-001,PASS
EVT-000000001519,SIM-0002,2026082189359000033,PULSE-EXP-0002-0027-01359,EXP-0002-0027,SNSPD-05,Y,+,32.725732,6.530305,SIGNAL,0x0000,CAL-20260811-001,CLOCK-20260811-001,PASS
EVT-000000001520,SIM-0002,2026082189372000179,PULSE-EXP-0002-0027-01372,EXP-0002-0027,SNSPD-03,X,+,31.026933,7.274688,SIGNAL,0x0000,CAL-20260811-001,CLOCK-20260811-001,PASS
EVT-000000001521,SIM-0002,2026082189395000002,PULSE-EXP-0002-0027-01395,EXP-0002-0027,SNSPD-02,Z,-,30.924653,7.496060,SIGNAL,0x0000,CAL-20260811-001,CLOCK-20260811-001,PASS
EVT-000000001522,SIM-0002,2026082189406000094,PULSE-EXP-0002-0027-01406,EXP-0002-0027,SNSPD-06,Y,-,34.523345,7.672755,SIGNAL,0x0000,CAL-20260811-001,CLOCK-20260811-001,PASS
EVT-000000001523,SIM-0002,2026082189416000066,PULSE-EXP-0002-0027-01416,EXP-0002-0027,SNSPD-03,X,+,29.020989,8.333780,SIGNAL,0x0000,CAL-20260811-001,CLOCK-20260811-001,PASS
EVT-000000001524,SIM-0002,2026082189551000023,PULSE-EXP-0002-0027-01551,EXP-0002-0027,SNSPD-06,Y,-,35.505254,9.164863,SIGNAL,0x0000,CAL-20260811-001,CLOCK-20260811-001,PASS
EVT-000000001525,SIM-0002,2026082189642000106,PULSE-EXP-0002-0027-01642,EXP-0002-0027,SNSPD-03,X,+,35.119196,8.405390,SIGNAL,0x0000,CAL-20260811-001,CLOCK-20260811-001,PASS
EVT-000000001526,SIM-0002,2026082189658000141,PULSE-EXP-0002-0027-01658,EXP-0002-0027,SNSPD-06,Y,-,31.867360,8.231222,SIGNAL,0x0000,CAL-20260811-001,CLOCK-20260811-001,PASS
EVT-000000001527,SIM-0002,2026082189667000132,PULSE-EXP-0002-0027-01667,EXP-0002-0027,SNSPD-06,Y,-,33.343155,7.838003,SIGNAL,0x0000,CAL-20260811-001,CLOCK-20260811-001,PASS
EVT-000000001528,SIM-0002,2026082189684000184,PULSE-EXP-0002-0027-01684,EXP-0002-0027,SNSPD-05,Y,+,30.131577,6.863515,SIGNAL,0x0000,CAL-20260811-001,CLOCK-20260811-001,PASS
EVT-000000001529,SIM-0002,2026082189823000149,PULSE-EXP-0002-0027-01823,EXP-0002-0027,SNSPD-03,X,+,34.653199,7.793621,SIGNAL,0x0000,CAL-20260811-001,CLOCK-20260811-001,PASS
EVT-000000001530,SIM-0002,2026082189823000175,PULSE-EXP-0002-0027-01823,EXP-0002-0027,SNSPD-01,Z,+,31.824214,8.932921,SIGNAL,0x0000,CAL-20260811-001,CLOCK-20260811-001,PASS
EVT-000000001531,SIM-0002,2026082189875000035,PULSE-EXP-0002-0027-01875,EXP-0002-0027,SNSPD-04,X,-,30.463513,7.812166,SIGNAL,0x0000,CAL-20260811-001,CLOCK-20260811-001,PASS
EVT-000000001532,SIM-0002,2026082189880000094,PULSE-EXP-0002-0027-01880,EXP-0002-0027,SNSPD-03,X,+,33.148704,8.064967,SIGNAL,0x0000,CAL-20260811-001,CLOCK-20260811-001,PASS
EVT-000000001533,SIM-0002,2026082189901000130,PULSE-EXP-0002-0027-01901,EXP-0002-0027,SNSPD-04,X,-,31.507651,8.171523,SIGNAL,0x0000,CAL-20260811-001,CLOCK-20260811-001,PASS
EVT-000000001534,SIM-0002,2026082189935000025,PULSE-EXP-0002-0027-01935,EXP-0002-0027,SNSPD-06,Y,-,30.819843,7.963913,SIGNAL,0x0000,CAL-20260811-001,CLOCK-20260811-001,PASS
EVT-000000001535,SIM-0002,2026082189944000067,PULSE-EXP-0002-0027-01944,EXP-0002-0027,SNSPD-02,Z,-,35.146599,6.751883,SIGNAL,0x0000,CAL-20260811-001,CLOCK-20260811-001,PASS
EVT-000000001536,SIM-0002,2026082189945000019,PULSE-EXP-0002-0027-01945,EXP-0002-0027,SNSPD-05,Y,+,32.765649,9.432653,SIGNAL,0x0000,CAL-20260811-001,CLOCK-20260811-001,PASS
EVT-000000001537,SIM-0002,2026082189966000053,PULSE-EXP-0002-0027-01966,EXP-0002-0027,SNSPD-01,Z,+,32.882871,9.169249,SIGNAL,0x0000,CAL-20260811-001,CLOCK-20260811-001,PASS
EVT-000000001538,SIM-0002,2026082189983000069,PULSE-EXP-0002-0027-01983,EXP-0002-0027,SNSPD-04,X,-,32.243785,8.991071,SIGNAL,0x0000,CAL-20260811-001,CLOCK-20260811-001,PASS
EVT-000000001539,SIM-0002,2026082190011000105,PULSE-EXP-0002-0027-02011,EXP-0002-0027,SNSPD-01,Z,+,31.100342,7.960085,SIGNAL,0x0000,CAL-20260811-001,CLOCK-20260811-001,PASS
EVT-000000001540,SIM-0002,2026082190038000087,PULSE-EXP-0002-0027-02038,EXP-0002-0027,SNSPD-06,Y,-,30.568555,7.341351,SIGNAL,0x0000,CAL-20260811-001,CLOCK-20260811-001,PASS
EVT-000000001541,SIM-0002,2026082190040000174,PULSE-EXP-0002-0027-02040,EXP-0002-0027,SNSPD-01,Z,+,30.980531,7.823073,SIGNAL,0x0000,CAL-20260811-001,CLOCK-20260811-001,PASS
EVT-000000001542,SIM-0002,2026082190047000154,PULSE-EXP-0002-0027-02047,EXP-0002-0027,SNSPD-03,X,+,35.120333,7.681779,SIGNAL,0x0000,CAL-20260811-001,CLOCK-20260811-001,PASS
EVT-000000001543,SIM-0002,2026082190063000104,PULSE-EXP-0002-0027-02063,EXP-0002-0027,SNSPD-03,X,+,29.633912,8.189511,SIGNAL,0x0000,CAL-20260811-001,CLOCK-20260811-001,PASS
EVT-000000001544,SIM-0002,2026082190141000143,PULSE-EXP-0002-0027-02141,EXP-0002-0027,SNSPD-05,Y,+,32.482382,8.552211,SIGNAL,0x0000,CAL-20260811-001,CLOCK-20260811-001,PASS
EVT-000000001545,SIM-0002,2026082190148000106,PULSE-EXP-0002-0027-02148,EXP-0002-0027,SNSPD-06,Y,-,32.178193,7.949752,SIGNAL,0x0000,CAL-20260811-001,CLOCK-20260811-001,PASS
EVT-000000001546,SIM-0002,2026082190183000100,PULSE-EXP-0002-0027-02183,EXP-0002-0027,SNSPD-06,Y,-,33.207248,7.854893,SIGNAL,0x0000,CAL-20260811-001,CLOCK-20260811-001,PASS
EVT-000000001547,SIM-0002,2026082190225000074,PULSE-EXP-0002-0027-02225,EXP-0002-0027,SNSPD-03,X,+,32.201766,8.804948,SIGNAL,0x0000,CAL-20260811-001,CLOCK-20260811-001,PASS
EVT-000000001548,SIM-0002,2026082190245000043,PULSE-EXP-0002-0027-02245,EXP-0002-0027,SNSPD-02,Z,-,31.443728,8.403241,SIGNAL,0x0000,CAL-20260811-001,CLOCK-20260811-001,PASS
EVT-000000001549,SIM-0002,2026082190266000130,PULSE-EXP-0002-0027-02266,EXP-0002-0027,SNSPD-02,Z,-,31.532474,8.468949,SIGNAL,0x0000,CAL-20260811-001,CLOCK-20260811-001,PASS
EVT-000000001550,SIM-0002,2026082190306000121,PULSE-EXP-0002-0027-02306,EXP-0002-0027,SNSPD-05,Y,+,32.418956,8.666441,SIGNAL,0x0000,CAL-20260811-001,CLOCK-20260811-001,PASS
EVT-000000001551,SIM-0002,2026082190309000029,PULSE-EXP-0002-0027-02309,EXP-0002-0027,SNSPD-03,X,+,34.205208,8.590187,SIGNAL,0x0000,CAL-20260811-001,CLOCK-20260811-001,PASS
EVT-000000001552,SIM-0002,2026082190348000080,PULSE-EXP-0002-0027-02348,EXP-0002-0027,SNSPD-01,Z,+,32.415579,6.582597,SIGNAL,0x0000,CAL-20260811-001,CLOCK-20260811-001,PASS
EVT-000000001553,SIM-0002,2026082190383000010,PULSE-EXP-0002-0027-02383,EXP-0002-0027,SNSPD-01,Z,+,33.786410,7.997595,SIGNAL,0x0000,CAL-20260811-001,CLOCK-20260811-001,PASS
EVT-000000001554,SIM-0002,2026082190395000167,PULSE-EXP-0002-0027-02395,EXP-0002-0027,SNSPD-04,X,-,33.543092,8.295595,SIGNAL,0x0000,CAL-20260811-001,CLOCK-20260811-001,PASS
EVT-000000001555,SIM-0002,2026082190420000124,PULSE-EXP-0002-0027-02420,EXP-0002-0027,SNSPD-06,Y,-,34.961495,8.543112,SIGNAL,0x0000,CAL-20260811-001,CLOCK-20260811-001,PASS
EVT-000000001556,SIM-0002,2026082190473000151,PULSE-EXP-0002-0027-02473,EXP-0002-0027,SNSPD-04,X,-,31.405193,8.311913,SIGNAL,0x0000,CAL-20260811-001,CLOCK-20260811-001,PASS
EVT-000000001557,SIM-0002,2026082190483000039,PULSE-EXP-0002-0027-02483,EXP-0002-0027,SNSPD-06,Y,-,35.074035,9.266668,SIGNAL,0x0000,CAL-20260811-001,CLOCK-20260811-001,PASS
EVT-000000001558,SIM-0002,2026082190543000179,PULSE-EXP-0002-0027-02543,EXP-0002-0027,SNSPD-03,X,+,33.584634,8.150734,SIGNAL,0x0000,CAL-20260811-001,CLOCK-20260811-001,PASS
EVT-000000001559,SIM-0002,2026082190606000136,PULSE-EXP-0002-0027-02606,EXP-0002-0027,SNSPD-05,Y,+,32.929049,8.744338,SIGNAL,0x0000,CAL-20260811-001,CLOCK-20260811-001,PASS
EVT-000000001560,SIM-0002,2026082190683000033,PULSE-EXP-0002-0027-02683,EXP-0002-0027,SNSPD-04,X,-,32.485549,7.881348,SIGNAL,0x0000,CAL-20260811-001,CLOCK-20260811-001,PASS
EVT-000000001561,SIM-0002,2026082190711000041,PULSE-EXP-0002-0027-02711,EXP-0002-0027,SNSPD-03,X,+,31.715302,7.082903,SIGNAL,0x0000,CAL-20260811-001,CLOCK-20260811-001,PASS
EVT-000000001562,SIM-0002,2026082190712000151,PULSE-EXP-0002-0027-02712,EXP-0002-0027,SNSPD-03,X,+,33.401716,9.122099,SIGNAL,0x0000,CAL-20260811-001,CLOCK-20260811-001,PASS
EVT-000000001563,SIM-0002,2026082190749000128,PULSE-EXP-0002-0027-02749,EXP-0002-0027,SNSPD-04,X,-,28.712922,8.608319,SIGNAL,0x0000,CAL-20260811-001,CLOCK-20260811-001,PASS
EVT-000000001564,SIM-0002,2026082190777000119,PULSE-EXP-0002-0027-02777,EXP-0002-0027,SNSPD-03,X,+,30.227431,7.141276,SIGNAL,0x0000,CAL-20260811-001,CLOCK-20260811-001,PASS
EVT-000000001565,SIM-0002,2026082190779000156,PULSE-EXP-0002-0027-02779,EXP-0002-0027,SNSPD-03,X,+,33.678383,8.305412,SIGNAL,0x0000,CAL-20260811-001,CLOCK-20260811-001,PASS
EVT-000000001566,SIM-0002,2026082190793000039,PULSE-EXP-0002-0027-02793,EXP-0002-0027,SNSPD-04,X,-,30.165372,7.594134,SIGNAL,0x0000,CAL-20260811-001,CLOCK-20260811-001,PASS
EVT-000000001567,SIM-0002,2026082190889000135,PULSE-EXP-0002-0027-02889,EXP-0002-0027,SNSPD-03,X,+,31.372287,8.274772,SIGNAL,0x0000,CAL-20260811-001,CLOCK-20260811-001,PASS
EVT-000000001568,SIM-0002,2026082190971000077,PULSE-EXP-0002-0027-02971,EXP-0002-0027,SNSPD-05,Y,+,31.294278,7.864000,SIGNAL,0x0000,CAL-20260811-001,CLOCK-20260811-001,PASS
EVT-000000001569,SIM-0002,2026082190985000168,PULSE-EXP-0002-0027-02985,EXP-0002-0027,SNSPD-02,Z,-,31.704897,9.089175,SIGNAL,0x0000,CAL-20260811-001,CLOCK-20260811-001,PASS
EVT-000000001570,SIM-0002,2026082191026000085,PULSE-EXP-0002-0027-03026,EXP-0002-0027,SNSPD-01,Z,+,28.511877,7.546435,SIGNAL,0x0000,CAL-20260811-001,CLOCK-20260811-001,PASS
EVT-000000001571,SIM-0002,2026082191033000127,PULSE-EXP-0002-0027-03033,EXP-0002-0027,SNSPD-04,X,-,31.641831,8.443117,SIGNAL,0x0000,CAL-20260811-001,CLOCK-20260811-001,PASS
EVT-000000001572,SIM-0002,2026082191045000171,PULSE-EXP-0002-0027-03045,EXP-0002-0027,SNSPD-05,Y,+,32.830610,8.788670,SIGNAL,0x0000,CAL-20260811-001,CLOCK-20260811-001,PASS
EVT-000000001573,SIM-0002,2026082191061000034,PULSE-EXP-0002-0027-03061,EXP-0002-0027,SNSPD-03,X,+,34.007044,6.847975,SIGNAL,0x0000,CAL-20260811-001,CLOCK-20260811-001,PASS
EVT-000000001574,SIM-0002,2026082191091000127,PULSE-EXP-0002-0027-03091,EXP-0002-0027,SNSPD-03,X,+,30.700707,7.918395,SIGNAL,0x0000,CAL-20260811-001,CLOCK-20260811-001,PASS
EVT-000000001575,SIM-0002,2026082191182000192,PULSE-EXP-0002-0027-03182,EXP-0002-0027,SNSPD-03,X,+,29.755374,7.022710,SIGNAL,0x0000,CAL-20260811-001,CLOCK-20260811-001,PASS
EVT-000000001576,SIM-0002,2026082191222000085,PULSE-EXP-0002-0027-03222,EXP-0002-0027,SNSPD-05,Y,+,29.990159,7.907748,SIGNAL,0x0000,CAL-20260811-001,CLOCK-20260811-001,PASS
EVT-000000001577,SIM-0002,2026082191224000187,PULSE-EXP-0002-0027-03224,EXP-0002-0027,SNSPD-04,X,-,32.121293,7.588350,SIGNAL,0x0000,CAL-20260811-001,CLOCK-20260811-001,PASS
EVT-000000001578,SIM-0002,2026082191229000133,PULSE-EXP-0002-0027-03229,EXP-0002-0027,SNSPD-06,Y,-,30.897298,8.273202,SIGNAL,0x0000,CAL-20260811-001,CLOCK-20260811-001,PASS
EVT-000000001579,SIM-0002,2026082191291000011,PULSE-EXP-0002-0027-03291,EXP-0002-0027,SNSPD-01,Z,+,33.416180,7.277700,SIGNAL,0x0000,CAL-20260811-001,CLOCK-20260811-001,PASS
EVT-000000001580,SIM-0002,2026082191342000030,PULSE-EXP-0002-0027-03342,EXP-0002-0027,SNSPD-04,X,-,32.044131,7.765086,SIGNAL,0x0000,CAL-20260811-001,CLOCK-20260811-001,PASS
EVT-000000001581,SIM-0002,2026082191363000156,PULSE-EXP-0002-0027-03363,EXP-0002-0027,SNSPD-01,Z,+,32.448345,7.888929,SIGNAL,0x0000,CAL-20260811-001,CLOCK-20260811-001,PASS
EVT-000000001582,SIM-0002,2026082191371000101,PULSE-EXP-0002-0027-03371,EXP-0002-0027,SNSPD-04,X,-,31.292442,8.142966,SIGNAL,0x0000,CAL-20260811-001,CLOCK-20260811-001,PASS
EVT-000000001583,SIM-0002,2026082191406000105,PULSE-EXP-0002-0027-03406,EXP-0002-0027,SNSPD-05,Y,+,32.717938,8.313008,SIGNAL,0x0000,CAL-20260811-001,CLOCK-20260811-001,PASS
EVT-000000001584,SIM-0002,2026082191407000118,PULSE-EXP-0002-0027-03407,EXP-0002-0027,SNSPD-04,X,-,29.540063,7.459953,SIGNAL,0x0000,CAL-20260811-001,CLOCK-20260811-001,PASS
EVT-000000001585,SIM-0002,2026082191431000128,PULSE-EXP-0002-0027-03431,EXP-0002-0027,SNSPD-01,Z,+,28.333408,8.510894,SIGNAL,0x0000,CAL-20260811-001,CLOCK-20260811-001,PASS
EVT-000000001586,SIM-0002,2026082191467000154,PULSE-EXP-0002-0027-03467,EXP-0002-0027,SNSPD-04,X,-,32.881299,8.784959,SIGNAL,0x0000,CAL-20260811-001,CLOCK-20260811-001,PASS
EVT-000000001587,SIM-0002,2026082191490000094,PULSE-EXP-0002-0027-03490,EXP-0002-0027,SNSPD-05,Y,+,28.443481,8.221181,SIGNAL,0x0000,CAL-20260811-001,CLOCK-20260811-001,PASS
EVT-000000001588,SIM-0002,2026082191497000045,PULSE-EXP-0002-0027-03497,EXP-0002-0027,SNSPD-05,Y,+,34.075268,7.614891,SIGNAL,0x0000,CAL-20260811-001,CLOCK-20260811-001,PASS
EVT-000000001589,SIM-0002,2026082191498000190,PULSE-EXP-0002-0027-03498,EXP-0002-0027,SNSPD-04,X,-,30.182609,8.201491,SIGNAL,0x0000,CAL-20260811-001,CLOCK-20260811-001,PASS
EVT-000000001590,SIM-0002,2026082191515000144,PULSE-EXP-0002-0027-03515,EXP-0002-0027,SNSPD-04,X,-,29.640900,8.426296,SIGNAL,0x0000,CAL-20260811-001,CLOCK-20260811-001,PASS
EVT-000000001591,SIM-0002,2026082191568000176,PULSE-EXP-0002-0027-03568,EXP-0002-0027,SNSPD-02,Z,-,31.295286,7.985179,SIGNAL,0x0000,CAL-20260811-001,CLOCK-20260811-001,PASS
EVT-000000001592,SIM-0002,2026082191575000121,PULSE-EXP-0002-0027-03575,EXP-0002-0027,SNSPD-05,Y,+,35.902449,7.806073,SIGNAL,0x0000,CAL-20260811-001,CLOCK-20260811-001,PASS
EVT-000000001593,SIM-0002,2026082191613000000,PULSE-EXP-0002-0027-03613,EXP-0002-0027,SNSPD-02,Z,-,33.923045,8.097446,SIGNAL,0x0000,CAL-20260811-001,CLOCK-20260811-001,PASS
EVT-000000001594,SIM-0002,2026082191622000075,PULSE-EXP-0002-0027-03622,EXP-0002-0027,SNSPD-06,Y,-,34.857446,7.261376,SIGNAL,0x0000,CAL-20260811-001,CLOCK-20260811-001,PASS
EVT-000000001595,SIM-0002,2026082191637000033,PULSE-EXP-0002-0027-03637,EXP-0002-0027,SNSPD-05,Y,+,32.197753,8.981297,SIGNAL,0x0000,CAL-20260811-001,CLOCK-20260811-001,PASS
EVT-000000001596,SIM-0002,2026082191638000078,PULSE-EXP-0002-0027-03638,EXP-0002-0027,SNSPD-04,X,-,34.945752,8.638938,SIGNAL,0x0000,CAL-20260811-001,CLOCK-20260811-001,PASS
EVT-000000001597,SIM-0002,2026082191673000051,PULSE-EXP-0002-0027-03673,EXP-0002-0027,SNSPD-01,Z,+,32.802652,8.398583,SIGNAL,0x0000,CAL-20260811-001,CLOCK-20260811-001,PASS
EVT-000000001598,SIM-0002,2026082191673000131,PULSE-EXP-0002-0027-03673,EXP-0002-0027,SNSPD-05,Y,+,35.568301,7.318852,SIGNAL,0x0000,CAL-20260811-001,CLOCK-20260811-001,PASS
EVT-000000001599,SIM-0002,2026082191679000023,PULSE-EXP-0002-0027-03679,EXP-0002-0027,SNSPD-01,Z,+,33.821278,7.469211,SIGNAL,0x0000,CAL-20260811-001,CLOCK-20260811-001,PASS
EVT-000000001600,SIM-0002,2026082191703000099,PULSE-EXP-0002-0027-03703,EXP-0002-0027,SNSPD-06,Y,-,33.349937,8.118629,SIGNAL,0x0000,CAL-20260811-001,CLOCK-20260811-001,PASS
EVT-000000001601,SIM-0002,2026082191726000079,PULSE-EXP-0002-0027-03726,EXP-0002-0027,SNSPD-06,Y,-,28.466467,8.353388,SIGNAL,0x0000,CAL-20260811-001,CLOCK-20260811-001,PASS
EVT-000000001602,SIM-0002,2026082191731000149,PULSE-EXP-0002-0027-03731,EXP-0002-0027,SNSPD-03,X,+,33.263116,7.054129,SIGNAL,0x0000,CAL-20260811-001,CLOCK-20260811-001,PASS
EVT-000000001603,SIM-0002,2026082191825000023,PULSE-EXP-0002-0027-03825,EXP-0002-0027,SNSPD-01,Z,+,31.592888,8.063211,SIGNAL,0x0000,CAL-20260811-001,CLOCK-20260811-001,PASS
EVT-000000001604,SIM-0002,2026082191841000191,PULSE-EXP-0002-0027-03841,EXP-0002-0027,SNSPD-01,Z,+,32.239455,9.351534,SIGNAL,0x0000,CAL-20260811-001,CLOCK-20260811-001,PASS
EVT-000000001605,SIM-0002,2026082191860000112,PULSE-EXP-0002-0027-03860,EXP-0002-0027,SNSPD-06,Y,-,32.318432,7.718320,SIGNAL,0x0000,CAL-20260811-001,CLOCK-20260811-001,PASS
EVT-000000001606,SIM-0002,2026082191860000157,PULSE-EXP-0002-0027-03860,EXP-0002-0027,SNSPD-05,Y,+,32.037702,8.265048,SIGNAL,0x0000,CAL-20260811-001,CLOCK-20260811-001,PASS
EVT-000000001607,SIM-0002,2026082191863000025,PULSE-EXP-0002-0027-03863,EXP-0002-0027,SNSPD-01,Z,+,30.312414,7.513572,SIGNAL,0x0000,CAL-20260811-001,CLOCK-20260811-001,PASS
EVT-000000001608,SIM-0002,2026082191917000128,PULSE-EXP-0002-0027-03917,EXP-0002-0027,SNSPD-06,Y,-,31.463259,7.893523,SIGNAL,0x0000,CAL-20260811-001,CLOCK-20260811-001,PASS
EVT-000000001609,SIM-0002,2026082191954000018,PULSE-EXP-0002-0027-03954,EXP-0002-0027,SNSPD-05,Y,+,28.923744,8.421318,SIGNAL,0x0000,CAL-20260811-001,CLOCK-20260811-001,PASS
EVT-000000001610,SIM-0002,2026082191959000135,PULSE-EXP-0002-0027-03959,EXP-0002-0027,SNSPD-05,Y,+,31.644446,7.268387,SIGNAL,0x0000,CAL-20260811-001,CLOCK-20260811-001,PASS
EVT-000000001611,SIM-0002,2026082191961000157,PULSE-EXP-0002-0027-03961,EXP-0002-0027,SNSPD-05,Y,+,31.818289,7.513723,SIGNAL,0x0000,CAL-20260811-001,CLOCK-20260811-001,PASS
EVT-000000001612,SIM-0002,2026082192004000159,PULSE-EXP-0002-0027-04004,EXP-0002-0027,SNSPD-01,Z,+,30.028005,8.542395,SIGNAL,0x0000,CAL-20260811-001,CLOCK-20260811-001,PASS
EVT-000000001613,SIM-0002,2026082192014000113,PULSE-EXP-0002-0027-04014,EXP-0002-0027,SNSPD-02,Z,-,30.751111,8.891276,SIGNAL,0x0000,CAL-20260811-001,CLOCK-20260811-001,PASS
EVT-000000001614,SIM-0002,2026082192076000161,PULSE-EXP-0002-0027-04076,EXP-0002-0027,SNSPD-05,Y,+,34.727696,7.296452,SIGNAL,0x0000,CAL-20260811-001,CLOCK-20260811-001,PASS
EVT-000000001615,SIM-0002,2026082192077000141,PULSE-EXP-0002-0027-04077,EXP-0002-0027,SNSPD-05,Y,+,33.487140,7.336785,SIGNAL,0x0000,CAL-20260811-001,CLOCK-20260811-001,PASS
EVT-000000001616,SIM-0002,2026082192123000016,PULSE-EXP-0002-0027-04123,EXP-0002-0027,SNSPD-01,Z,+,33.211818,8.342714,SIGNAL,0x0000,CAL-20260811-001,CLOCK-20260811-001,PASS
EVT-000000001617,SIM-0002,2026082192184000180,PULSE-EXP-0002-0027-04184,EXP-0002-0027,SNSPD-03,X,+,33.066640,8.006072,SIGNAL,0x0000,CAL-20260811-001,CLOCK-20260811-001,PASS
EVT-000000001618,SIM-0002,2026082192210000125,PULSE-EXP-0002-0027-04210,EXP-0002-0027,SNSPD-02,Z,-,30.865558,8.910824,SIGNAL,0x0000,CAL-20260811-001,CLOCK-20260811-001,PASS
EVT-000000001619,SIM-0002,2026082192269000055,PULSE-EXP-0002-0027-04269,EXP-0002-0027,SNSPD-01,Z,+,33.903028,8.078858,SIGNAL,0x0000,CAL-20260811-001,CLOCK-20260811-001,PASS
EVT-000000001620,SIM-0002,2026082192281000059,PULSE-EXP-0002-0027-04281,EXP-0002-0027,SNSPD-03,X,+,29.100278,7.457864,SIGNAL,0x0000,CAL-20260811-001,CLOCK-20260811-001,PASS
EVT-000000001621,SIM-0002,2026082192283000047,PULSE-EXP-0002-0027-04283,EXP-0002-0027,SNSPD-01,Z,+,30.400092,7.859161,SIGNAL,0x0000,CAL-20260811-001,CLOCK-20260811-001,PASS
EVT-000000001622,SIM-0002,2026082192287000116,PULSE-EXP-0002-0027-04287,EXP-0002-0027,SNSPD-01,Z,+,30.792464,8.170048,SIGNAL,0x0000,CAL-20260811-001,CLOCK-20260811-001,PASS
EVT-000000001623,SIM-0002,2026082192297000114,PULSE-EXP-0002-0027-04297,EXP-0002-0027,SNSPD-04,X,-,33.649993,8.356161,SIGNAL,0x0000,CAL-20260811-001,CLOCK-20260811-001,PASS
EVT-000000001624,SIM-0002,2026082192317000075,PULSE-EXP-0002-0027-04317,EXP-0002-0027,SNSPD-03,X,+,33.984139,8.057697,SIGNAL,0x0000,CAL-20260811-001,CLOCK-20260811-001,PASS
EVT-000000001625,SIM-0002,2026082192378000053,PULSE-EXP-0002-0027-04378,EXP-0002-0027,SNSPD-05,Y,+,32.541742,6.975135,SIGNAL,0x0000,CAL-20260811-001,CLOCK-20260811-001,PASS
EVT-000000001626,SIM-0002,2026082192392000092,PULSE-EXP-0002-0027-04392,EXP-0002-0027,SNSPD-04,X,-,31.935053,8.825238,SIGNAL,0x0000,CAL-20260811-001,CLOCK-20260811-001,PASS
EVT-000000001627,SIM-0002,2026082192443000008,PULSE-EXP-0002-0027-04443,EXP-0002-0027,SNSPD-01,Z,+,34.403436,6.990483,SIGNAL,0x0000,CAL-20260811-001,CLOCK-20260811-001,PASS
EVT-000000001628,SIM-0002,2026082192459000078,PULSE-EXP-0002-0027-04459,EXP-0002-0027,SNSPD-06,Y,-,32.692089,7.224534,SIGNAL,0x0000,CAL-20260811-001,CLOCK-20260811-001,PASS
EVT-000000001629,SIM-0002,2026082192473000130,PULSE-EXP-0002-0027-04473,EXP-0002-0027,SNSPD-04,X,-,32.504845,8.818683,SIGNAL,0x0000,CAL-20260811-001,CLOCK-20260811-001,PASS
EVT-000000001630,SIM-0002,2026082192476000055,PULSE-EXP-0002-0027-04476,EXP-0002-0027,SNSPD-05,Y,+,28.924871,7.752601,SIGNAL,0x0000,CAL-20260811-001,CLOCK-20260811-001,PASS
EVT-000000001631,SIM-0002,2026082192529000046,PULSE-EXP-0002-0027-04529,EXP-0002-0027,SNSPD-06,Y,-,34.562002,8.208679,SIGNAL,0x0000,CAL-20260811-001,CLOCK-20260811-001,PASS
EVT-000000001632,SIM-0002,2026082192530000121,PULSE-EXP-0002-0027-04530,EXP-0002-0027,SNSPD-04,X,-,31.404724,7.644133,SIGNAL,0x0000,CAL-20260811-001,CLOCK-20260811-001,PASS
EVT-000000001633,SIM-0002,2026082192617000140,PULSE-EXP-0002-0027-04617,EXP-0002-0027,SNSPD-01,Z,+,31.872232,8.638444,SIGNAL,0x0000,CAL-20260811-001,CLOCK-20260811-001,PASS
EVT-000000001634,SIM-0002,2026082192689000198,PULSE-EXP-0002-0027-04689,EXP-0002-0027,SNSPD-04,X,-,31.125155,9.066532,SIGNAL,0x0000,CAL-20260811-001,CLOCK-20260811-001,PASS
EVT-000000001635,SIM-0002,2026082192712000171,PULSE-EXP-0002-0027-04712,EXP-0002-0027,SNSPD-02,Z,-,33.504623,7.528727,SIGNAL,0x0000,CAL-20260811-001,CLOCK-20260811-001,PASS
EVT-000000001636,SIM-0002,2026082192739000134,PULSE-EXP-0002-0027-04739,EXP-0002-0027,SNSPD-06,Y,-,33.614413,7.319193,SIGNAL,0x0000,CAL-20260811-001,CLOCK-20260811-001,PASS
EVT-000000001637,SIM-0002,2026082192790000142,PULSE-EXP-0002-0027-04790,EXP-0002-0027,SNSPD-01,Z,+,28.897504,7.669985,SIGNAL,0x0000,CAL-20260811-001,CLOCK-20260811-001,PASS
EVT-000000001638,SIM-0002,2026082192795000066,PULSE-EXP-0002-0027-04795,EXP-0002-0027,SNSPD-06,Y,-,32.485017,7.269506,SIGNAL,0x0000,CAL-20260811-001,CLOCK-20260811-001,PASS
EVT-000000001639,SIM-0002,2026082192806000107,PULSE-EXP-0002-0027-04806,EXP-0002-0027,SNSPD-04,X,-,31.688324,7.867769,SIGNAL,0x0000,CAL-20260811-001,CLOCK-20260811-001,PASS
EVT-000000001640,SIM-0002,2026082192832000188,PULSE-EXP-0002-0027-04832,EXP-0002-0027,SNSPD-04,X,-,32.140093,7.115021,SIGNAL,0x0000,CAL-20260811-001,CLOCK-20260811-001,PASS
EVT-000000001641,SIM-0002,2026082192955000073,PULSE-EXP-0002-0027-04955,EXP-0002-0027,SNSPD-06,Y,-,25.482570,8.282613,SIGNAL,0x0000,CAL-20260811-001,CLOCK-20260811-001,PASS
EVT-000000001642,SIM-0002,2026082192969000138,PULSE-EXP-0002-0027-04969,EXP-0002-0027,SNSPD-06,Y,-,30.633841,7.849423,SIGNAL,0x0000,CAL-20260811-001,CLOCK-20260811-001,PASS
EVT-000000001643,SIM-0002,2026082192983000080,PULSE-EXP-0002-0027-04983,EXP-0002-0027,SNSPD-02,Z,-,34.207228,8.197195,SIGNAL,0x0000,CAL-20260811-001,CLOCK-20260811-001,PASS
EVT-000000001644,SIM-0002,2026082192991000055,PULSE-EXP-0002-0027-04991,EXP-0002-0027,SNSPD-04,X,-,32.235279,8.326319,SIGNAL,0x0000,CAL-20260811-001,CLOCK-20260811-001,PASS
EVT-000000001645,SIM-0002,2026082193211000005,PULSE-EXP-0002-0027-05211,EXP-0002-0027,SNSPD-03,X,+,29.590890,8.215063,SIGNAL,0x0000,CAL-20260811-001,CLOCK-20260811-001,PASS
EVT-000000001646,SIM-0002,2026082193300000132,PULSE-EXP-0002-0027-05300,EXP-0002-0027,SNSPD-06,Y,-,28.110346,8.213919,SIGNAL,0x0000,CAL-20260811-001,CLOCK-20260811-001,PASS
EVT-000000001647,SIM-0002,2026082193341000199,PULSE-EXP-0002-0027-05341,EXP-0002-0027,SNSPD-04,X,-,32.777417,7.187649,SIGNAL,0x0000,CAL-20260811-001,CLOCK-20260811-001,PASS
EVT-000000001648,SIM-0002,2026082193364000079,PULSE-EXP-0002-0027-05364,EXP-0002-0027,SNSPD-03,X,+,31.383399,8.258156,SIGNAL,0x0000,CAL-20260811-001,CLOCK-20260811-001,PASS
EVT-000000001649,SIM-0002,2026082193396000031,PULSE-EXP-0002-0027-05396,EXP-0002-0027,SNSPD-06,Y,-,30.371408,7.637746,SIGNAL,0x0000,CAL-20260811-001,CLOCK-20260811-001,PASS
EVT-000000001650,SIM-0002,2026082193411000011,PULSE-EXP-0002-0027-05411,EXP-0002-0027,SNSPD-02,Z,-,34.029620,8.032380,SIGNAL,0x0000,CAL-20260811-001,CLOCK-20260811-001,PASS
EVT-000000001651,SIM-0002,2026082193487000047,PULSE-EXP-0002-0027-05487,EXP-0002-0027,SNSPD-03,X,+,32.056463,8.090780,SIGNAL,0x0000,CAL-20260811-001,CLOCK-20260811-001,PASS
EVT-000000001652,SIM-0002,2026082193496000054,PULSE-EXP-0002-0027-05496,EXP-0002-0027,SNSPD-05,Y,+,30.447059,8.411190,SIGNAL,0x0000,CAL-20260811-001,CLOCK-20260811-001,PASS
EVT-000000001653,SIM-0002,2026082193502000146,PULSE-EXP-0002-0027-05502,EXP-0002-0027,SNSPD-05,Y,+,31.130530,7.342635,SIGNAL,0x0000,CAL-20260811-001,CLOCK-20260811-001,PASS
EVT-000000001654,SIM-0002,2026082193567000067,PULSE-EXP-0002-0027-05567,EXP-0002-0027,SNSPD-01,Z,+,34.726219,7.844227,SIGNAL,0x0000,CAL-20260811-001,CLOCK-20260811-001,PASS
EVT-000000001655,SIM-0002,2026082193636000067,PULSE-EXP-0002-0027-05636,EXP-0002-0027,SNSPD-04,X,-,30.782529,8.119592,SIGNAL,0x0000,CAL-20260811-001,CLOCK-20260811-001,PASS
EVT-000000001656,SIM-0002,2026082193704000151,PULSE-EXP-0002-0027-05704,EXP-0002-0027,SNSPD-03,X,+,32.365213,8.347896,SIGNAL,0x0000,CAL-20260811-001,CLOCK-20260811-001,PASS
EVT-000000001657,SIM-0002,2026082193737000044,PULSE-EXP-0002-0027-05737,EXP-0002-0027,SNSPD-03,X,+,32.668916,8.164532,SIGNAL,0x0000,CAL-20260811-001,CLOCK-20260811-001,PASS
EVT-000000001658,SIM-0002,2026082193739000133,PULSE-EXP-0002-0027-05739,EXP-0002-0027,SNSPD-02,Z,-,38.082460,7.073207,SIGNAL,0x0000,CAL-20260811-001,CLOCK-20260811-001,PASS
EVT-000000001659,SIM-0002,2026082193749000062,PULSE-EXP-0002-0027-05749,EXP-0002-0027,SNSPD-01,Z,+,33.386456,8.939795,SIGNAL,0x0000,CAL-20260811-001,CLOCK-20260811-001,PASS
EVT-000000001660,SIM-0002,2026082193760000073,PULSE-EXP-0002-0027-05760,EXP-0002-0027,SNSPD-02,Z,-,31.394386,7.218254,SIGNAL,0x0000,CAL-20260811-001,CLOCK-20260811-001,PASS
EVT-000000001661,SIM-0002,2026082193784000092,PULSE-EXP-0002-0027-05784,EXP-0002-0027,SNSPD-03,X,+,34.011554,7.713572,SIGNAL,0x0000,CAL-20260811-001,CLOCK-20260811-001,PASS
EVT-000000001662,SIM-0002,2026082193813000116,PULSE-EXP-0002-0027-05813,EXP-0002-0027,SNSPD-06,Y,-,29.843731,7.876955,SIGNAL,0x0000,CAL-20260811-001,CLOCK-20260811-001,PASS
EVT-000000001663,SIM-0002,2026082193815000018,PULSE-EXP-0002-0027-05815,EXP-0002-0027,SNSPD-05,Y,+,34.627970,9.463477,SIGNAL,0x0000,CAL-20260811-001,CLOCK-20260811-001,PASS
EVT-000000001664,SIM-0002,2026082193820000041,PULSE-EXP-0002-0027-05820,EXP-0002-0027,SNSPD-01,Z,+,30.771644,8.209006,SIGNAL,0x0000,CAL-20260811-001,CLOCK-20260811-001,PASS
EVT-000000001665,SIM-0002,2026082193893000168,PULSE-EXP-0002-0027-05893,EXP-0002-0027,SNSPD-05,Y,+,32.860918,8.732740,SIGNAL,0x0000,CAL-20260811-001,CLOCK-20260811-001,PASS
EVT-000000001666,SIM-0002,2026082193920000071,PULSE-EXP-0002-0027-05920,EXP-0002-0027,SNSPD-06,Y,-,29.016601,8.085972,SIGNAL,0x0000,CAL-20260811-001,CLOCK-20260811-001,PASS
EVT-000000001667,SIM-0002,2026082193952000131,PULSE-EXP-0002-0027-05952,EXP-0002-0027,SNSPD-04,X,-,32.369207,8.363945,SIGNAL,0x0000,CAL-20260811-001,CLOCK-20260811-001,PASS
EVT-000000001668,SIM-0002,2026082193963000125,PULSE-EXP-0002-0027-05963,EXP-0002-0027,SNSPD-06,Y,-,33.033051,8.013966,SIGNAL,0x0000,CAL-20260811-001,CLOCK-20260811-001,PASS
EVT-000000001669,SIM-0002,2026082193975000161,PULSE-EXP-0002-0027-05975,EXP-0002-0027,SNSPD-04,X,-,32.898880,7.344384,SIGNAL,0x0000,CAL-20260811-001,CLOCK-20260811-001,PASS
EVT-000000001670,SIM-0002,2026082194020000149,PULSE-EXP-0002-0027-06020,EXP-0002-0027,SNSPD-06,Y,-,36.868920,7.503110,SIGNAL,0x0000,CAL-20260811-001,CLOCK-20260811-001,PASS
EVT-000000001671,SIM-0002,2026082194042000037,PULSE-EXP-0002-0027-06042,EXP-0002-0027,SNSPD-04,X,-,34.692306,7.815579,SIGNAL,0x0000,CAL-20260811-001,CLOCK-20260811-001,PASS
EVT-000000001672,SIM-0002,2026082194043000123,PULSE-EXP-0002-0027-06043,EXP-0002-0027,SNSPD-05,Y,+,30.434177,7.353928,SIGNAL,0x0000,CAL-20260811-001,CLOCK-20260811-001,PASS
EVT-000000001673,SIM-0002,2026082194064000188,PULSE-EXP-0002-0027-06064,EXP-0002-0027,SNSPD-05,Y,+,31.584409,8.349028,SIGNAL,0x0000,CAL-20260811-001,CLOCK-20260811-001,PASS
EVT-000000001674,SIM-0002,2026082194107000065,PULSE-EXP-0002-0027-06107,EXP-0002-0027,SNSPD-01,Z,+,35.203077,9.102441,SIGNAL,0x0000,CAL-20260811-001,CLOCK-20260811-001,PASS
EVT-000000001675,SIM-0002,2026082194177000037,PULSE-EXP-0002-0027-06177,EXP-0002-0027,SNSPD-04,X,-,31.173931,7.721424,SIGNAL,0x0000,CAL-20260811-001,CLOCK-20260811-001,PASS
EVT-000000001676,SIM-0002,2026082194244000055,PULSE-EXP-0002-0027-06244,EXP-0002-0027,SNSPD-06,Y,-,30.883449,8.201848,SIGNAL,0x0000,CAL-20260811-001,CLOCK-20260811-001,PASS
EVT-000000001677,SIM-0002,2026082194256000038,PULSE-EXP-0002-0027-06256,EXP-0002-0027,SNSPD-05,Y,+,34.532595,7.446855,SIGNAL,0x0000,CAL-20260811-001,CLOCK-20260811-001,PASS
EVT-000000001678,SIM-0002,2026082194260000126,PULSE-EXP-0002-0027-06260,EXP-0002-0027,SNSPD-05,Y,+,33.101164,7.606651,SIGNAL,0x0000,CAL-20260811-001,CLOCK-20260811-001,PASS
EVT-000000001679,SIM-0002,2026082194270000148,PULSE-EXP-0002-0027-06270,EXP-0002-0027,SNSPD-01,Z,+,31.255598,8.462542,SIGNAL,0x0000,CAL-20260811-001,CLOCK-20260811-001,PASS
EVT-000000001680,SIM-0002,2026082194324000008,PULSE-EXP-0002-0027-06324,EXP-0002-0027,SNSPD-01,Z,+,29.907428,7.219119,SIGNAL,0x0000,CAL-20260811-001,CLOCK-20260811-001,PASS
EVT-000000001681,SIM-0002,2026082194368000042,PULSE-EXP-0002-0027-06368,EXP-0002-0027,SNSPD-05,Y,+,33.589014,8.263933,SIGNAL,0x0000,CAL-20260811-001,CLOCK-20260811-001,PASS
EVT-000000001682,SIM-0002,2026082194428000047,PULSE-EXP-0002-0027-06428,EXP-0002-0027,SNSPD-03,X,+,33.672460,8.547075,SIGNAL,0x0000,CAL-20260811-001,CLOCK-20260811-001,PASS
EVT-000000001683,SIM-0002,2026082194456000031,PULSE-EXP-0002-0027-06456,EXP-0002-0027,SNSPD-03,X,+,34.416574,7.920109,SIGNAL,0x0000,CAL-20260811-001,CLOCK-20260811-001,PASS
EVT-000000001684,SIM-0002,2026082194590000183,PULSE-EXP-0002-0027-06590,EXP-0002-0027,SNSPD-01,Z,+,33.862050,8.311980,SIGNAL,0x0000,CAL-20260811-001,CLOCK-20260811-001,PASS
EVT-000000001685,SIM-0002,2026082194608000059,PULSE-EXP-0002-0027-06608,EXP-0002-0027,SNSPD-05,Y,+,33.000440,8.133616,SIGNAL,0x0000,CAL-20260811-001,CLOCK-20260811-001,PASS
EVT-000000001686,SIM-0002,2026082194650000127,PULSE-EXP-0002-0027-06650,EXP-0002-0027,SNSPD-02,Z,-,35.266172,6.455798,SIGNAL,0x0000,CAL-20260811-001,CLOCK-20260811-001,PASS
EVT-000000001687,SIM-0002,2026082194667000109,PULSE-EXP-0002-0027-06667,EXP-0002-0027,SNSPD-05,Y,+,32.517563,8.075921,SIGNAL,0x0000,CAL-20260811-001,CLOCK-20260811-001,PASS
EVT-000000001688,SIM-0002,2026082194761000183,PULSE-EXP-0002-0027-06761,EXP-0002-0027,SNSPD-01,Z,+,29.374341,7.896216,SIGNAL,0x0000,CAL-20260811-001,CLOCK-20260811-001,PASS
EVT-000000001689,SIM-0002,2026082194774000150,PULSE-EXP-0002-0027-06774,EXP-0002-0027,SNSPD-06,Y,-,34.041776,7.163709,SIGNAL,0x0000,CAL-20260811-001,CLOCK-20260811-001,PASS
EVT-000000001690,SIM-0002,2026082194777000135,PULSE-EXP-0002-0027-06777,EXP-0002-0027,SNSPD-03,X,+,34.540828,8.279539,SIGNAL,0x0000,CAL-20260811-001,CLOCK-20260811-001,PASS
EVT-000000001691,SIM-0002,2026082194812000148,PULSE-EXP-0002-0027-06812,EXP-0002-0027,SNSPD-01,Z,+,28.940485,9.016824,SIGNAL,0x0000,CAL-20260811-001,CLOCK-20260811-001,PASS
EVT-000000001692,SIM-0002,2026082194889000047,PULSE-EXP-0002-0027-06889,EXP-0002-0027,SNSPD-06,Y,-,33.930132,7.945863,SIGNAL,0x0000,CAL-20260811-001,CLOCK-20260811-001,PASS
EVT-000000001693,SIM-0002,2026082194986000169,PULSE-EXP-0002-0027-06986,EXP-0002-0027,SNSPD-02,Z,-,31.424254,9.036127,SIGNAL,0x0000,CAL-20260811-001,CLOCK-20260811-001,PASS
EVT-000000001694,SIM-0002,2026082194995000130,PULSE-EXP-0002-0027-06995,EXP-0002-0027,SNSPD-01,Z,+,34.098045,8.849149,SIGNAL,0x0000,CAL-20260811-001,CLOCK-20260811-001,PASS
EVT-000000001695,SIM-0002,2026082194995000144,PULSE-EXP-0002-0027-06995,EXP-0002-0027,SNSPD-06,Y,-,29.219475,8.245479,SIGNAL,0x0000,CAL-20260811-001,CLOCK-20260811-001,PASS
EVT-000000001696,SIM-0002,2026082195061000059,PULSE-EXP-0002-0027-07061,EXP-0002-0027,SNSPD-01,Z,+,31.032613,8.484483,SIGNAL,0x0000,CAL-20260811-001,CLOCK-20260811-001,PASS
EVT-000000001697,SIM-0002,2026082195065000030,PULSE-EXP-0002-0027-07065,EXP-0002-0027,SNSPD-01,Z,+,32.903135,7.304702,SIGNAL,0x0000,CAL-20260811-001,CLOCK-20260811-001,PASS
EVT-000000001698,SIM-0002,2026082195068000067,PULSE-EXP-0002-0027-07068,EXP-0002-0027,SNSPD-01,Z,+,32.234282,7.910754,SIGNAL,0x0000,CAL-20260811-001,CLOCK-20260811-001,PASS
EVT-000000001699,SIM-0002,2026082195076000190,PULSE-EXP-0002-0027-07076,EXP-0002-0027,SNSPD-02,Z,-,29.787580,8.462473,SIGNAL,0x0000,CAL-20260811-001,CLOCK-20260811-001,PASS
EVT-000000001700,SIM-0002,2026082195124000006,PULSE-EXP-0002-0027-07124,EXP-0002-0027,SNSPD-06,Y,-,29.026692,8.164371,SIGNAL,0x0000,CAL-20260811-001,CLOCK-20260811-001,PASS
EVT-000000001701,SIM-0002,2026082195133000182,PULSE-EXP-0002-0027-07133,EXP-0002-0027,SNSPD-05,Y,+,30.767493,7.719976,SIGNAL,0x0000,CAL-20260811-001,CLOCK-20260811-001,PASS
EVT-000000001702,SIM-0002,2026082195202000007,PULSE-EXP-0002-0027-07202,EXP-0002-0027,SNSPD-01,Z,+,29.089251,7.900442,SIGNAL,0x0000,CAL-20260811-001,CLOCK-20260811-001,PASS
EVT-000000001703,SIM-0002,2026082195215000070,PULSE-EXP-0002-0027-07215,EXP-0002-0027,SNSPD-05,Y,+,30.340506,8.084132,SIGNAL,0x0000,CAL-20260811-001,CLOCK-20260811-001,PASS
EVT-000000001704,SIM-0002,2026082195312000016,PULSE-EXP-0002-0027-07312,EXP-0002-0027,SNSPD-04,X,-,32.796317,8.870377,SIGNAL,0x0000,CAL-20260811-001,CLOCK-20260811-001,PASS
EVT-000000001705,SIM-0002,2026082195483000074,PULSE-EXP-0002-0027-07483,EXP-0002-0027,SNSPD-05,Y,+,33.420737,8.323319,SIGNAL,0x0000,CAL-20260811-001,CLOCK-20260811-001,PASS
EVT-000000001706,SIM-0002,2026082195516000148,PULSE-EXP-0002-0027-07516,EXP-0002-0027,SNSPD-01,Z,+,34.057671,7.692164,SIGNAL,0x0000,CAL-20260811-001,CLOCK-20260811-001,PASS
EVT-000000001707,SIM-0002,2026082195528000014,PULSE-EXP-0002-0027-07528,EXP-0002-0027,SNSPD-01,Z,+,29.970007,8.089419,SIGNAL,0x0000,CAL-20260811-001,CLOCK-20260811-001,PASS
EVT-000000001708,SIM-0002,2026082195552000033,PULSE-EXP-0002-0027-07552,EXP-0002-0027,SNSPD-05,Y,+,29.357518,8.094550,SIGNAL,0x0000,CAL-20260811-001,CLOCK-20260811-001,PASS
EVT-000000001709,SIM-0002,2026082195576000182,PULSE-EXP-0002-0027-07576,EXP-0002-0027,SNSPD-03,X,+,33.568160,7.888084,SIGNAL,0x0000,CAL-20260811-001,CLOCK-20260811-001,PASS
EVT-000000001710,SIM-0002,2026082195598000069,PULSE-EXP-0002-0027-07598,EXP-0002-0027,SNSPD-01,Z,+,29.205338,7.462829,SIGNAL,0x0000,CAL-20260811-001,CLOCK-20260811-001,PASS
EVT-000000001711,SIM-0002,2026082195612000029,PULSE-EXP-0002-0027-07612,EXP-0002-0027,SNSPD-01,Z,+,32.326168,8.084813,SIGNAL,0x0000,CAL-20260811-001,CLOCK-20260811-001,PASS
EVT-000000001712,SIM-0002,2026082195662000140,PULSE-EXP-0002-0027-07662,EXP-0002-0027,SNSPD-04,X,-,35.162838,7.666388,SIGNAL,0x0000,CAL-20260811-001,CLOCK-20260811-001,PASS
EVT-000000001713,SIM-0002,2026082195666000133,PULSE-EXP-0002-0027-07666,EXP-0002-0027,SNSPD-01,Z,+,31.454752,7.948983,SIGNAL,0x0000,CAL-20260811-001,CLOCK-20260811-001,PASS
EVT-000000001714,SIM-0002,2026082195721000155,PULSE-EXP-0002-0027-07721,EXP-0002-0027,SNSPD-02,Z,-,32.803598,7.687305,SIGNAL,0x0000,CAL-20260811-001,CLOCK-20260811-001,PASS
EVT-000000001715,SIM-0002,2026082195725000146,PULSE-EXP-0002-0027-07725,EXP-0002-0027,SNSPD-03,X,+,30.395648,7.825674,SIGNAL,0x0000,CAL-20260811-001,CLOCK-20260811-001,PASS
EVT-000000001716,SIM-0002,2026082195726000109,PULSE-EXP-0002-0027-07726,EXP-0002-0027,SNSPD-03,X,+,29.719145,8.029815,SIGNAL,0x0000,CAL-20260811-001,CLOCK-20260811-001,PASS
EVT-000000001717,SIM-0002,2026082195797000196,PULSE-EXP-0002-0027-07797,EXP-0002-0027,SNSPD-06,Y,-,29.811366,7.628203,SIGNAL,0x0000,CAL-20260811-001,CLOCK-20260811-001,PASS
EVT-000000001718,SIM-0002,2026082195866000147,PULSE-EXP-0002-0027-07866,EXP-0002-0027,SNSPD-02,Z,-,32.994455,8.989547,SIGNAL,0x0000,CAL-20260811-001,CLOCK-20260811-001,PASS
EVT-000000001719,SIM-0002,2026082195881000114,PULSE-EXP-0002-0027-07881,EXP-0002-0027,SNSPD-01,Z,+,34.473628,7.308915,SIGNAL,0x0000,CAL-20260811-001,CLOCK-20260811-001,PASS
EVT-000000001720,SIM-0002,2026082195956000159,PULSE-EXP-0002-0027-07956,EXP-0002-0027,SNSPD-05,Y,+,30.833214,7.424199,SIGNAL,0x0000,CAL-20260811-001,CLOCK-20260811-001,PASS
EVT-000000001721,SIM-0002,2026082195975000077,PULSE-EXP-0002-0027-07975,EXP-0002-0027,SNSPD-03,X,+,33.087962,8.281724,SIGNAL,0x0000,CAL-20260811-001,CLOCK-20260811-001,PASS
EVT-000000001722,SIM-0002,2026082196001000039,PULSE-EXP-0002-0027-08001,EXP-0002-0027,SNSPD-01,Z,+,32.271765,8.022318,SIGNAL,0x0000,CAL-20260811-001,CLOCK-20260811-001,PASS
EVT-000000001723,SIM-0002,2026082196057000196,PULSE-EXP-0002-0027-08057,EXP-0002-0027,SNSPD-06,Y,-,34.397358,8.108950,SIGNAL,0x0000,CAL-20260811-001,CLOCK-20260811-001,PASS
EVT-000000001724,SIM-0002,2026082196059000058,PULSE-EXP-0002-0027-08059,EXP-0002-0027,SNSPD-03,X,+,30.254216,8.290801,SIGNAL,0x0000,CAL-20260811-001,CLOCK-20260811-001,PASS
EVT-000000001725,SIM-0002,2026082196137000152,PULSE-EXP-0002-0027-08137,EXP-0002-0027,SNSPD-06,Y,-,28.732990,8.077714,SIGNAL,0x0000,CAL-20260811-001,CLOCK-20260811-001,PASS
EVT-000000001726,SIM-0002,2026082196149000053,PULSE-EXP-0002-0027-08149,EXP-0002-0027,SNSPD-03,X,+,29.290381,7.560378,SIGNAL,0x0000,CAL-20260811-001,CLOCK-20260811-001,PASS
EVT-000000001727,SIM-0002,2026082196178000105,PULSE-EXP-0002-0027-08178,EXP-0002-0027,SNSPD-03,X,+,32.937775,8.264985,SIGNAL,0x0000,CAL-20260811-001,CLOCK-20260811-001,PASS
EVT-000000001728,SIM-0002,2026082196203000156,PULSE-EXP-0002-0027-08203,EXP-0002-0027,SNSPD-01,Z,+,30.721871,8.034301,SIGNAL,0x0000,CAL-20260811-001,CLOCK-20260811-001,PASS
EVT-000000001729,SIM-0002,2026082196285000075,PULSE-EXP-0002-0027-08285,EXP-0002-0027,SNSPD-04,X,-,34.138096,8.419417,SIGNAL,0x0000,CAL-20260811-001,CLOCK-20260811-001,PASS
EVT-000000001730,SIM-0002,2026082196289000043,PULSE-EXP-0002-0027-08289,EXP-0002-0027,SNSPD-03,X,+,31.535516,6.195912,SIGNAL,0x0000,CAL-20260811-001,CLOCK-20260811-001,PASS
EVT-000000001731,SIM-0002,2026082196303000063,PULSE-EXP-0002-0027-08303,EXP-0002-0027,SNSPD-06,Y,-,32.231979,8.927502,SIGNAL,0x0000,CAL-20260811-001,CLOCK-20260811-001,PASS
EVT-000000001732,SIM-0002,2026082196312000137,PULSE-EXP-0002-0027-08312,EXP-0002-0027,SNSPD-03,X,+,33.898420,7.429802,SIGNAL,0x0000,CAL-20260811-001,CLOCK-20260811-001,PASS
EVT-000000001733,SIM-0002,2026082196447000061,PULSE-EXP-0002-0027-08447,EXP-0002-0027,SNSPD-03,X,+,33.185769,7.411510,SIGNAL,0x0000,CAL-20260811-001,CLOCK-20260811-001,PASS
EVT-000000001734,SIM-0002,2026082196531000083,PULSE-EXP-0002-0027-08531,EXP-0002-0027,SNSPD-04,X,-,32.134909,6.930745,SIGNAL,0x0000,CAL-20260811-001,CLOCK-20260811-001,PASS
EVT-000000001735,SIM-0002,2026082196615000077,PULSE-EXP-0002-0027-08615,EXP-0002-0027,SNSPD-05,Y,+,29.727438,7.626486,SIGNAL,0x0000,CAL-20260811-001,CLOCK-20260811-001,PASS
EVT-000000001736,SIM-0002,2026082196687000046,PULSE-EXP-0002-0027-08687,EXP-0002-0027,SNSPD-02,Z,-,32.626506,8.765733,SIGNAL,0x0000,CAL-20260811-001,CLOCK-20260811-001,PASS
EVT-000000001737,SIM-0002,2026082196704000198,PULSE-EXP-0002-0027-08704,EXP-0002-0027,SNSPD-03,X,+,34.194333,7.510521,SIGNAL,0x0000,CAL-20260811-001,CLOCK-20260811-001,PASS
EVT-000000001738,SIM-0002,2026082196722000036,PULSE-EXP-0002-0027-08722,EXP-0002-0027,SNSPD-05,Y,+,31.483502,7.684968,SIGNAL,0x0000,CAL-20260811-001,CLOCK-20260811-001,PASS
EVT-000000001739,SIM-0002,2026082196786000103,PULSE-EXP-0002-0027-08786,EXP-0002-0027,SNSPD-03,X,+,33.594868,7.785997,SIGNAL,0x0000,CAL-20260811-001,CLOCK-20260811-001,PASS
EVT-000000001740,SIM-0002,2026082196792000185,PULSE-EXP-0002-0027-08792,EXP-0002-0027,SNSPD-03,X,+,36.730539,8.166397,SIGNAL,0x0000,CAL-20260811-001,CLOCK-20260811-001,PASS
EVT-000000001741,SIM-0002,2026082196831000041,PULSE-EXP-0002-0027-08831,EXP-0002-0027,SNSPD-04,X,-,35.565138,8.741335,SIGNAL,0x0000,CAL-20260811-001,CLOCK-20260811-001,PASS
EVT-000000001742,SIM-0002,2026082196844000165,PULSE-EXP-0002-0027-08844,EXP-0002-0027,SNSPD-04,X,-,33.893812,8.033470,SIGNAL,0x0000,CAL-20260811-001,CLOCK-20260811-001,PASS
EVT-000000001743,SIM-0002,2026082196884000132,PULSE-EXP-0002-0027-08884,EXP-0002-0027,SNSPD-06,Y,-,34.842059,7.846643,SIGNAL,0x0000,CAL-20260811-001,CLOCK-20260811-001,PASS
EVT-000000001744,SIM-0002,2026082196991000017,PULSE-EXP-0002-0027-08991,EXP-0002-0027,SNSPD-01,Z,+,28.170398,7.688729,SIGNAL,0x0000,CAL-20260811-001,CLOCK-20260811-001,PASS
EVT-000000001745,SIM-0002,2026082197048000141,PULSE-EXP-0002-0027-09048,EXP-0002-0027,SNSPD-06,Y,-,28.525254,8.647738,SIGNAL,0x0000,CAL-20260811-001,CLOCK-20260811-001,PASS
EVT-000000001746,SIM-0002,2026082197102000131,PULSE-EXP-0002-0027-09102,EXP-0002-0027,SNSPD-04,X,-,33.286458,8.067332,SIGNAL,0x0000,CAL-20260811-001,CLOCK-20260811-001,PASS
EVT-000000001747,SIM-0002,2026082197111000188,PULSE-EXP-0002-0027-09111,EXP-0002-0027,SNSPD-02,Z,-,33.093965,7.910773,SIGNAL,0x0000,CAL-20260811-001,CLOCK-20260811-001,PASS
EVT-000000001748,SIM-0002,2026082197123000142,PULSE-EXP-0002-0027-09123,EXP-0002-0027,SNSPD-05,Y,+,29.771828,7.830654,SIGNAL,0x0000,CAL-20260811-001,CLOCK-20260811-001,PASS
EVT-000000001749,SIM-0002,2026082197239000073,PULSE-EXP-0002-0027-09239,EXP-0002-0027,SNSPD-01,Z,+,31.273574,8.259975,SIGNAL,0x0000,CAL-20260811-001,CLOCK-20260811-001,PASS
EVT-000000001750,SIM-0002,2026082197316000076,PULSE-EXP-0002-0027-09316,EXP-0002-0027,SNSPD-04,X,-,29.876521,8.444566,SIGNAL,0x0000,CAL-20260811-001,CLOCK-20260811-001,PASS
EVT-000000001751,SIM-0002,2026082197324000024,PULSE-EXP-0002-0027-09324,EXP-0002-0027,SNSPD-01,Z,+,32.481272,8.019762,SIGNAL,0x0000,CAL-20260811-001,CLOCK-20260811-001,PASS
EVT-000000001752,SIM-0002,2026082197342000090,PULSE-EXP-0002-0027-09342,EXP-0002-0027,SNSPD-01,Z,+,33.864334,7.973372,SIGNAL,0x0000,CAL-20260811-001,CLOCK-20260811-001,PASS
EVT-000000001753,SIM-0002,2026082197372000043,PULSE-EXP-0002-0027-09372,EXP-0002-0027,SNSPD-06,Y,-,30.425894,8.020922,SIGNAL,0x0000,CAL-20260811-001,CLOCK-20260811-001,PASS
EVT-000000001754,SIM-0002,2026082197447000088,PULSE-EXP-0002-0027-09447,EXP-0002-0027,SNSPD-03,X,+,33.045424,9.059405,SIGNAL,0x0000,CAL-20260811-001,CLOCK-20260811-001,PASS
EVT-000000001755,SIM-0002,2026082197526000046,PULSE-EXP-0002-0027-09526,EXP-0002-0027,SNSPD-01,Z,+,32.282593,8.906833,SIGNAL,0x0000,CAL-20260811-001,CLOCK-20260811-001,PASS
EVT-000000001756,SIM-0002,2026082197541000089,PULSE-EXP-0002-0027-09541,EXP-0002-0027,SNSPD-01,Z,+,34.026034,8.333688,SIGNAL,0x0000,CAL-20260811-001,CLOCK-20260811-001,PASS
EVT-000000001757,SIM-0002,2026082197570000048,PULSE-EXP-0002-0027-09570,EXP-0002-0027,SNSPD-05,Y,+,30.364137,8.527467,SIGNAL,0x0000,CAL-20260811-001,CLOCK-20260811-001,PASS
EVT-000000001758,SIM-0002,2026082197576000121,PULSE-EXP-0002-0027-09576,EXP-0002-0027,SNSPD-06,Y,-,26.076341,7.988323,SIGNAL,0x0000,CAL-20260811-001,CLOCK-20260811-001,PASS
EVT-000000001759,SIM-0002,2026082197598000114,PULSE-EXP-0002-0027-09598,EXP-0002-0027,SNSPD-06,Y,-,29.323792,7.727993,SIGNAL,0x0000,CAL-20260811-001,CLOCK-20260811-001,PASS
EVT-000000001760,SIM-0002,2026082197598000117,PULSE-EXP-0002-0027-09598,EXP-0002-0027,SNSPD-03,X,+,31.308637,7.930760,SIGNAL,0x0000,CAL-20260811-001,CLOCK-20260811-001,PASS
EVT-000000001761,SIM-0002,2026082197612000162,PULSE-EXP-0002-0027-09612,EXP-0002-0027,SNSPD-05,Y,+,31.712029,8.599017,SIGNAL,0x0000,CAL-20260811-001,CLOCK-20260811-001,PASS
EVT-000000001762,SIM-0002,2026082197670000186,PULSE-EXP-0002-0027-09670,EXP-0002-0027,SNSPD-05,Y,+,35.001151,8.320764,SIGNAL,0x0000,CAL-20260811-001,CLOCK-20260811-001,PASS
EVT-000000001763,SIM-0002,2026082197671000166,PULSE-EXP-0002-0027-09671,EXP-0002-0027,SNSPD-03,X,+,30.923788,8.903553,SIGNAL,0x0000,CAL-20260811-001,CLOCK-20260811-001,PASS
EVT-000000001764,SIM-0002,2026082197686000032,PULSE-EXP-0002-0027-09686,EXP-0002-0027,SNSPD-01,Z,+,27.673945,7.542872,SIGNAL,0x0000,CAL-20260811-001,CLOCK-20260811-001,PASS
EVT-000000001765,SIM-0002,2026082197737000165,PULSE-EXP-0002-0027-09737,EXP-0002-0027,SNSPD-05,Y,+,32.369984,7.537822,SIGNAL,0x0000,CAL-20260811-001,CLOCK-20260811-001,PASS
EVT-000000001766,SIM-0002,2026082197757000061,PULSE-EXP-0002-0027-09757,EXP-0002-0027,SNSPD-01,Z,+,32.296379,7.838142,SIGNAL,0x0000,CAL-20260811-001,CLOCK-20260811-001,PASS
EVT-000000001767,SIM-0002,2026082197797000182,PULSE-EXP-0002-0027-09797,EXP-0002-0027,SNSPD-01,Z,+,31.207903,7.465688,SIGNAL,0x0000,CAL-20260811-001,CLOCK-20260811-001,PASS
EVT-000000001768,SIM-0002,2026082197838000175,PULSE-EXP-0002-0027-09838,EXP-0002-0027,SNSPD-05,Y,+,29.273530,8.059487,SIGNAL,0x0000,CAL-20260811-001,CLOCK-20260811-001,PASS
EVT-000000001769,SIM-0002,2026082197857000005,PULSE-EXP-0002-0027-09857,EXP-0002-0027,SNSPD-05,Y,+,33.861646,8.471171,SIGNAL,0x0000,CAL-20260811-001,CLOCK-20260811-001,PASS
EVT-000000001770,SIM-0002,2026082197981000184,PULSE-EXP-0002-0027-09981,EXP-0002-0027,SNSPD-02,Z,-,30.085905,8.280147,SIGNAL,0x0000,CAL-20260811-001,CLOCK-20260811-001,PASS
EVT-000000001771,SIM-0002,2026082199087000106,PULSE-EXP-0002-0007-00087,EXP-0002-0007,SNSPD-02,Z,-,31.475188,9.122444,SIGNAL,0x0000,CAL-20260811-001,CLOCK-20260811-001,PASS
EVT-000000001772,SIM-0002,2026082199225000190,PULSE-EXP-0002-0007-00225,EXP-0002-0007,SNSPD-04,X,-,32.026647,7.584685,SIGNAL,0x0000,CAL-20260811-001,CLOCK-20260811-001,PASS
EVT-000000001773,SIM-0002,2026082200269000025,PULSE-EXP-0002-0007-01269,EXP-0002-0007,SNSPD-05,Y,+,35.101487,7.501007,SIGNAL,0x0000,CAL-20260811-001,CLOCK-20260811-001,PASS
EVT-000000001774,SIM-0002,2026082201151000144,PULSE-EXP-0002-0007-02151,EXP-0002-0007,SNSPD-04,X,-,32.960693,7.910362,SIGNAL,0x0000,CAL-20260811-001,CLOCK-20260811-001,PASS
EVT-000000001775,SIM-0002,2026082201459000114,PULSE-EXP-0002-0007-02459,EXP-0002-0007,SNSPD-06,Y,-,31.348853,8.759825,SIGNAL,0x0000,CAL-20260811-001,CLOCK-20260811-001,PASS
EVT-000000001776,SIM-0002,2026082203167000063,PULSE-EXP-0002-0007-04167,EXP-0002-0007,SNSPD-05,Y,+,30.383135,6.956930,SIGNAL,0x0000,CAL-20260811-001,CLOCK-20260811-001,PASS
EVT-000000001777,SIM-0002,2026082204261000023,PULSE-EXP-0002-0007-05261,EXP-0002-0007,SNSPD-05,Y,+,30.887564,8.818521,SIGNAL,0x0000,CAL-20260811-001,CLOCK-20260811-001,PASS
EVT-000000001778,SIM-0002,2026082205151000181,PULSE-EXP-0002-0007-06151,EXP-0002-0007,SNSPD-01,Z,+,31.251694,7.743033,SIGNAL,0x0000,CAL-20260811-001,CLOCK-20260811-001,PASS
EVT-000000001779,SIM-0002,2026082205155000036,PULSE-EXP-0002-0007-06155,EXP-0002-0007,SNSPD-05,Y,+,29.258469,8.606483,SIGNAL,0x0000,CAL-20260811-001,CLOCK-20260811-001,PASS
EVT-000000001780,SIM-0002,2026082205410000041,PULSE-EXP-0002-0007-06410,EXP-0002-0007,SNSPD-03,X,+,32.112978,8.123962,SIGNAL,0x0000,CAL-20260811-001,CLOCK-20260811-001,PASS
EVT-000000001781,SIM-0002,2026082206044000045,PULSE-EXP-0002-0007-07044,EXP-0002-0007,SNSPD-05,Y,+,28.895251,8.368925,SIGNAL,0x0000,CAL-20260811-001,CLOCK-20260811-001,PASS
EVT-000000001782,SIM-0002,2026082206802000191,PULSE-EXP-0002-0007-07802,EXP-0002-0007,SNSPD-06,Y,-,32.870051,7.562489,SIGNAL,0x0000,CAL-20260811-001,CLOCK-20260811-001,PASS
EVT-000000001783,SIM-0002,2026082208914000066,PULSE-EXP-0002-0007-09914,EXP-0002-0007,SNSPD-01,Z,+,31.442334,7.947639,SIGNAL,0x0000,CAL-20260811-001,CLOCK-20260811-001,PASS
EVT-000000001784,SIM-0002,2026082210362000030,PULSE-EXP-0002-0022-00362,EXP-0002-0022,SNSPD-03,X,+,30.309107,7.090790,SIGNAL,0x0000,CAL-20260811-001,CLOCK-20260811-001,PASS
EVT-000000001785,SIM-0002,2026082210384000114,PULSE-EXP-0002-0022-00384,EXP-0002-0022,SNSPD-01,Z,+,33.709332,9.436529,SIGNAL,0x0000,CAL-20260811-001,CLOCK-20260811-001,PASS
EVT-000000001786,SIM-0002,2026082210708000088,PULSE-EXP-0002-0022-00708,EXP-0002-0022,SNSPD-01,Z,+,33.150368,8.714965,SIGNAL,0x0000,CAL-20260811-001,CLOCK-20260811-001,PASS
EVT-000000001787,SIM-0002,2026082210761000132,PULSE-EXP-0002-0022-00761,EXP-0002-0022,SNSPD-01,Z,+,33.856017,8.906002,SIGNAL,0x0000,CAL-20260811-001,CLOCK-20260811-001,PASS
EVT-000000001788,SIM-0002,2026082210768000055,PULSE-EXP-0002-0022-00768,EXP-0002-0022,SNSPD-06,Y,-,30.389540,8.035784,SIGNAL,0x0000,CAL-20260811-001,CLOCK-20260811-001,PASS
EVT-000000001789,SIM-0002,2026082210858000117,PULSE-EXP-0002-0022-00858,EXP-0002-0022,SNSPD-03,X,+,30.593882,7.783242,SIGNAL,0x0000,CAL-20260811-001,CLOCK-20260811-001,PASS
EVT-000000001790,SIM-0002,2026082210868000009,PULSE-EXP-0002-0022-00868,EXP-0002-0022,SNSPD-04,X,-,27.897555,7.261620,SIGNAL,0x0000,CAL-20260811-001,CLOCK-20260811-001,PASS
EVT-000000001791,SIM-0002,2026082211052000087,PULSE-EXP-0002-0022-01052,EXP-0002-0022,SNSPD-06,Y,-,31.841814,8.049199,SIGNAL,0x0000,CAL-20260811-001,CLOCK-20260811-001,PASS
EVT-000000001792,SIM-0002,2026082211091000076,PULSE-EXP-0002-0022-01091,EXP-0002-0022,SNSPD-03,X,+,28.869741,6.664118,SIGNAL,0x0000,CAL-20260811-001,CLOCK-20260811-001,PASS
EVT-000000001793,SIM-0002,2026082211373000184,PULSE-EXP-0002-0022-01373,EXP-0002-0022,SNSPD-03,X,+,32.270266,8.221718,SIGNAL,0x0000,CAL-20260811-001,CLOCK-20260811-001,PASS
EVT-000000001794,SIM-0002,2026082211412000049,PULSE-EXP-0002-0022-01412,EXP-0002-0022,SNSPD-01,Z,+,30.591148,8.191350,SIGNAL,0x0000,CAL-20260811-001,CLOCK-20260811-001,PASS
EVT-000000001795,SIM-0002,2026082211538000034,PULSE-EXP-0002-0022-01538,EXP-0002-0022,SNSPD-01,Z,+,30.712500,7.063071,SIGNAL,0x0000,CAL-20260811-001,CLOCK-20260811-001,PASS
EVT-000000001796,SIM-0002,2026082211732000001,PULSE-EXP-0002-0022-01732,EXP-0002-0022,SNSPD-04,X,-,30.472485,8.489330,SIGNAL,0x0000,CAL-20260811-001,CLOCK-20260811-001,PASS
EVT-000000001797,SIM-0002,2026082212135000167,PULSE-EXP-0002-0022-02135,EXP-0002-0022,SNSPD-05,Y,+,33.230070,8.864094,SIGNAL,0x0000,CAL-20260811-001,CLOCK-20260811-001,PASS
EVT-000000001798,SIM-0002,2026082212534000135,PULSE-EXP-0002-0022-02534,EXP-0002-0022,SNSPD-03,X,+,36.091527,7.288158,SIGNAL,0x0000,CAL-20260811-001,CLOCK-20260811-001,PASS
EVT-000000001799,SIM-0002,2026082212562000076,PULSE-EXP-0002-0022-02562,EXP-0002-0022,SNSPD-06,Y,-,31.380955,7.688419,SIGNAL,0x0000,CAL-20260811-001,CLOCK-20260811-001,PASS
EVT-000000001800,SIM-0002,2026082212566000192,PULSE-EXP-0002-0022-02566,EXP-0002-0022,SNSPD-01,Z,+,35.382961,7.544186,SIGNAL,0x0000,CAL-20260811-001,CLOCK-20260811-001,PASS
EVT-000000001801,SIM-0002,2026082212677000116,PULSE-EXP-0002-0022-02677,EXP-0002-0022,SNSPD-06,Y,-,29.484577,8.123129,SIGNAL,0x0000,CAL-20260811-001,CLOCK-20260811-001,PASS
EVT-000000001802,SIM-0002,2026082212690000119,PULSE-EXP-0002-0022-02690,EXP-0002-0022,SNSPD-05,Y,+,26.995026,7.808264,SIGNAL,0x0000,CAL-20260811-001,CLOCK-20260811-001,PASS
EVT-000000001803,SIM-0002,2026082212716000018,PULSE-EXP-0002-0022-02716,EXP-0002-0022,SNSPD-05,Y,+,32.769782,7.658209,SIGNAL,0x0000,CAL-20260811-001,CLOCK-20260811-001,PASS
EVT-000000001804,SIM-0002,2026082212891000115,PULSE-EXP-0002-0022-02891,EXP-0002-0022,SNSPD-01,Z,+,31.435806,8.655459,SIGNAL,0x0000,CAL-20260811-001,CLOCK-20260811-001,PASS
EVT-000000001805,SIM-0002,2026082213007000124,PULSE-EXP-0002-0022-03007,EXP-0002-0022,SNSPD-06,Y,-,31.902778,8.101269,SIGNAL,0x0000,CAL-20260811-001,CLOCK-20260811-001,PASS
EVT-000000001806,SIM-0002,2026082213078000031,PULSE-EXP-0002-0022-03078,EXP-0002-0022,SNSPD-02,Z,-,27.601262,7.783515,SIGNAL,0x0000,CAL-20260811-001,CLOCK-20260811-001,PASS
EVT-000000001807,SIM-0002,2026082213081000083,PULSE-EXP-0002-0022-03081,EXP-0002-0022,SNSPD-03,X,+,32.806478,7.731390,SIGNAL,0x0000,CAL-20260811-001,CLOCK-20260811-001,PASS
EVT-000000001808,SIM-0002,2026082213159000028,PULSE-EXP-0002-0022-03159,EXP-0002-0022,SNSPD-04,X,-,30.239973,8.582623,SIGNAL,0x0000,CAL-20260811-001,CLOCK-20260811-001,PASS
EVT-000000001809,SIM-0002,2026082213258000087,PULSE-EXP-0002-0022-03258,EXP-0002-0022,SNSPD-02,Z,-,31.874344,7.238253,SIGNAL,0x0000,CAL-20260811-001,CLOCK-20260811-001,PASS
EVT-000000001810,SIM-0002,2026082213521000179,PULSE-EXP-0002-0022-03521,EXP-0002-0022,SNSPD-03,X,+,32.287151,8.495994,SIGNAL,0x0000,CAL-20260811-001,CLOCK-20260811-001,PASS
EVT-000000001811,SIM-0002,2026082213527000082,PULSE-EXP-0002-0022-03527,EXP-0002-0022,SNSPD-03,X,+,30.930186,8.843897,SIGNAL,0x0000,CAL-20260811-001,CLOCK-20260811-001,PASS
EVT-000000001812,SIM-0002,2026082213599000040,PULSE-EXP-0002-0022-03599,EXP-0002-0022,SNSPD-02,Z,-,31.203229,7.249656,SIGNAL,0x0000,CAL-20260811-001,CLOCK-20260811-001,PASS
EVT-000000001813,SIM-0002,2026082214016000018,PULSE-EXP-0002-0022-04016,EXP-0002-0022,SNSPD-01,Z,+,34.997463,7.632680,SIGNAL,0x0000,CAL-20260811-001,CLOCK-20260811-001,PASS
EVT-000000001814,SIM-0002,2026082214334000103,PULSE-EXP-0002-0022-04334,EXP-0002-0022,SNSPD-05,Y,+,31.157874,7.171657,SIGNAL,0x0000,CAL-20260811-001,CLOCK-20260811-001,PASS
EVT-000000001815,SIM-0002,2026082214385000023,PULSE-EXP-0002-0022-04385,EXP-0002-0022,SNSPD-06,Y,-,32.121885,8.164128,SIGNAL,0x0000,CAL-20260811-001,CLOCK-20260811-001,PASS
EVT-000000001816,SIM-0002,2026082214569000155,PULSE-EXP-0002-0022-04569,EXP-0002-0022,SNSPD-05,Y,+,32.020861,8.741886,SIGNAL,0x0000,CAL-20260811-001,CLOCK-20260811-001,PASS
EVT-000000001817,SIM-0002,2026082214575000074,PULSE-EXP-0002-0022-04575,EXP-0002-0022,SNSPD-04,X,-,31.252513,5.924165,SIGNAL,0x0000,CAL-20260811-001,CLOCK-20260811-001,PASS
EVT-000000001818,SIM-0002,2026082214922000010,PULSE-EXP-0002-0022-04922,EXP-0002-0022,SNSPD-01,Z,+,29.988945,8.635303,SIGNAL,0x0000,CAL-20260811-001,CLOCK-20260811-001,PASS
EVT-000000001819,SIM-0002,2026082214961000013,PULSE-EXP-0002-0022-04961,EXP-0002-0022,SNSPD-03,X,+,30.645529,7.383241,SIGNAL,0x0000,CAL-20260811-001,CLOCK-20260811-001,PASS
EVT-000000001820,SIM-0002,2026082215654000131,PULSE-EXP-0002-0022-05654,EXP-0002-0022,SNSPD-01,Z,+,35.075238,8.022461,SIGNAL,0x0000,CAL-20260811-001,CLOCK-20260811-001,PASS
EVT-000000001821,SIM-0002,2026082215845000067,PULSE-EXP-0002-0022-05845,EXP-0002-0022,SNSPD-01,Z,+,29.505996,7.080244,SIGNAL,0x0000,CAL-20260811-001,CLOCK-20260811-001,PASS
EVT-000000001822,SIM-0002,2026082215882000014,PULSE-EXP-0002-0022-05882,EXP-0002-0022,SNSPD-01,Z,+,30.026085,8.037103,SIGNAL,0x0000,CAL-20260811-001,CLOCK-20260811-001,PASS
EVT-000000001823,SIM-0002,2026082215916000082,PULSE-EXP-0002-0022-05916,EXP-0002-0022,SNSPD-02,Z,-,33.035153,7.260414,SIGNAL,0x0000,CAL-20260811-001,CLOCK-20260811-001,PASS
EVT-000000001824,SIM-0002,2026082215949000185,PULSE-EXP-0002-0022-05949,EXP-0002-0022,SNSPD-03,X,+,32.754935,8.634846,SIGNAL,0x0000,CAL-20260811-001,CLOCK-20260811-001,PASS
EVT-000000001825,SIM-0002,2026082216021000038,PULSE-EXP-0002-0022-06021,EXP-0002-0022,SNSPD-02,Z,-,32.065951,8.653765,SIGNAL,0x0000,CAL-20260811-001,CLOCK-20260811-001,PASS
EVT-000000001826,SIM-0002,2026082216071000031,PULSE-EXP-0002-0022-06071,EXP-0002-0022,SNSPD-01,Z,+,32.888109,7.548363,SIGNAL,0x0000,CAL-20260811-001,CLOCK-20260811-001,PASS
EVT-000000001827,SIM-0002,2026082216104000182,PULSE-EXP-0002-0022-06104,EXP-0002-0022,SNSPD-01,Z,+,34.883892,7.554273,SIGNAL,0x0000,CAL-20260811-001,CLOCK-20260811-001,PASS
EVT-000000001828,SIM-0002,2026082216261000034,PULSE-EXP-0002-0022-06261,EXP-0002-0022,SNSPD-01,Z,+,31.555582,8.488149,SIGNAL,0x0000,CAL-20260811-001,CLOCK-20260811-001,PASS
EVT-000000001829,SIM-0002,2026082216284000125,PULSE-EXP-0002-0022-06284,EXP-0002-0022,SNSPD-04,X,-,32.978157,7.425531,SIGNAL,0x0000,CAL-20260811-001,CLOCK-20260811-001,PASS
EVT-000000001830,SIM-0002,2026082216340000111,PULSE-EXP-0002-0022-06340,EXP-0002-0022,SNSPD-05,Y,+,31.059608,7.655179,SIGNAL,0x0000,CAL-20260811-001,CLOCK-20260811-001,PASS
EVT-000000001831,SIM-0002,2026082216380000009,PULSE-EXP-0002-0022-06380,EXP-0002-0022,SNSPD-03,X,+,32.526960,7.177278,SIGNAL,0x0000,CAL-20260811-001,CLOCK-20260811-001,PASS
EVT-000000001832,SIM-0002,2026082216406000043,PULSE-EXP-0002-0022-06406,EXP-0002-0022,SNSPD-03,X,+,28.573490,7.328965,SIGNAL,0x0000,CAL-20260811-001,CLOCK-20260811-001,PASS
EVT-000000001833,SIM-0002,2026082216435000107,PULSE-EXP-0002-0022-06435,EXP-0002-0022,SNSPD-06,Y,-,30.842763,7.883258,SIGNAL,0x0000,CAL-20260811-001,CLOCK-20260811-001,PASS
EVT-000000001834,SIM-0002,2026082216452000086,PULSE-EXP-0002-0022-06452,EXP-0002-0022,SNSPD-04,X,-,34.046882,8.691181,SIGNAL,0x0000,CAL-20260811-001,CLOCK-20260811-001,PASS
EVT-000000001835,SIM-0002,2026082216493000023,PULSE-EXP-0002-0022-06493,EXP-0002-0022,SNSPD-05,Y,+,34.331319,7.897115,SIGNAL,0x0000,CAL-20260811-001,CLOCK-20260811-001,PASS
EVT-000000001836,SIM-0002,2026082216859000179,PULSE-EXP-0002-0022-06859,EXP-0002-0022,SNSPD-03,X,+,34.647472,9.706423,SIGNAL,0x0000,CAL-20260811-001,CLOCK-20260811-001,PASS
EVT-000000001837,SIM-0002,2026082216970000009,PULSE-EXP-0002-0022-06970,EXP-0002-0022,SNSPD-01,Z,+,33.672185,8.575315,SIGNAL,0x0000,CAL-20260811-001,CLOCK-20260811-001,PASS
EVT-000000001838,SIM-0002,2026082217021000136,PULSE-EXP-0002-0022-07021,EXP-0002-0022,SNSPD-04,X,-,31.938604,7.821742,SIGNAL,0x0000,CAL-20260811-001,CLOCK-20260811-001,PASS
EVT-000000001839,SIM-0002,2026082217332000137,PULSE-EXP-0002-0022-07332,EXP-0002-0022,SNSPD-06,Y,-,32.971520,7.440249,SIGNAL,0x0000,CAL-20260811-001,CLOCK-20260811-001,PASS
EVT-000000001840,SIM-0002,2026082217463000135,PULSE-EXP-0002-0022-07463,EXP-0002-0022,SNSPD-01,Z,+,33.488740,7.620012,SIGNAL,0x0000,CAL-20260811-001,CLOCK-20260811-001,PASS
EVT-000000001841,SIM-0002,2026082217689000176,PULSE-EXP-0002-0022-07689,EXP-0002-0022,SNSPD-04,X,-,29.197421,8.128211,SIGNAL,0x0000,CAL-20260811-001,CLOCK-20260811-001,PASS
EVT-000000001842,SIM-0002,2026082217718000145,PULSE-EXP-0002-0022-07718,EXP-0002-0022,SNSPD-01,Z,+,28.951384,8.453109,SIGNAL,0x0000,CAL-20260811-001,CLOCK-20260811-001,PASS
EVT-000000001843,SIM-0002,2026082217809000047,PULSE-EXP-0002-0022-07809,EXP-0002-0022,SNSPD-02,Z,-,29.873439,7.579353,SIGNAL,0x0000,CAL-20260811-001,CLOCK-20260811-001,PASS
EVT-000000001844,SIM-0002,2026082217905000113,PULSE-EXP-0002-0022-07905,EXP-0002-0022,SNSPD-04,X,-,31.077766,8.491113,SIGNAL,0x0000,CAL-20260811-001,CLOCK-20260811-001,PASS
EVT-000000001845,SIM-0002,2026082218037000166,PULSE-EXP-0002-0022-08037,EXP-0002-0022,SNSPD-01,Z,+,32.214112,7.823145,SIGNAL,0x0000,CAL-20260811-001,CLOCK-20260811-001,PASS
EVT-000000001846,SIM-0002,2026082218531000092,PULSE-EXP-0002-0022-08531,EXP-0002-0022,SNSPD-01,Z,+,32.634513,8.567811,SIGNAL,0x0000,CAL-20260811-001,CLOCK-20260811-001,PASS
EVT-000000001847,SIM-0002,2026082218887000124,PULSE-EXP-0002-0022-08887,EXP-0002-0022,SNSPD-01,Z,+,33.979733,7.266468,SIGNAL,0x0000,CAL-20260811-001,CLOCK-20260811-001,PASS
EVT-000000001848,SIM-0002,2026082219049000062,PULSE-EXP-0002-0022-09049,EXP-0002-0022,SNSPD-05,Y,+,29.141690,7.517030,SIGNAL,0x0000,CAL-20260811-001,CLOCK-20260811-001,PASS
EVT-000000001849,SIM-0002,2026082219310000173,PULSE-EXP-0002-0022-09310,EXP-0002-0022,SNSPD-05,Y,+,32.238162,8.169879,SIGNAL,0x0000,CAL-20260811-001,CLOCK-20260811-001,PASS
EVT-000000001850,SIM-0002,2026082219334000019,PULSE-EXP-0002-0022-09334,EXP-0002-0022,SNSPD-06,Y,-,27.887074,7.891469,SIGNAL,0x0000,CAL-20260811-001,CLOCK-20260811-001,PASS
EVT-000000001851,SIM-0002,2026082219550000118,PULSE-EXP-0002-0022-09550,EXP-0002-0022,SNSPD-06,Y,-,32.275131,8.291503,SIGNAL,0x0000,CAL-20260811-001,CLOCK-20260811-001,PASS
EVT-000000001852,SIM-0002,2026082219565000137,PULSE-EXP-0002-0022-09565,EXP-0002-0022,SNSPD-01,Z,+,28.610901,7.909474,SIGNAL,0x0000,CAL-20260811-001,CLOCK-20260811-001,PASS
EVT-000000001853,SIM-0002,2026082219818000174,PULSE-EXP-0002-0022-09818,EXP-0002-0022,SNSPD-03,X,+,31.254056,7.970307,SIGNAL,0x0000,CAL-20260811-001,CLOCK-20260811-001,PASS
EVT-000000001854,SIM-0002,2026082222060000139,PULSE-EXP-0002-0010-01060,EXP-0002-0010,SNSPD-04,X,-,29.747672,7.501574,SIGNAL,0x0000,CAL-20260811-001,CLOCK-20260811-001,PASS
EVT-000000001855,SIM-0002,2026082222218000137,PULSE-EXP-0002-0010-01218,EXP-0002-0010,SNSPD-02,Z,-,30.859714,7.653029,SIGNAL,0x0000,CAL-20260811-001,CLOCK-20260811-001,PASS
EVT-000000001856,SIM-0002,2026082222785000156,PULSE-EXP-0002-0010-01785,EXP-0002-0010,SNSPD-01,Z,+,31.729177,8.086563,SIGNAL,0x0000,CAL-20260811-001,CLOCK-20260811-001,PASS
EVT-000000001857,SIM-0002,2026082223335000182,PULSE-EXP-0002-0010-02335,EXP-0002-0010,SNSPD-01,Z,+,32.028666,7.863737,SIGNAL,0x0000,CAL-20260811-001,CLOCK-20260811-001,PASS
EVT-000000001858,SIM-0002,2026082223708000038,PULSE-EXP-0002-0010-02708,EXP-0002-0010,SNSPD-03,X,+,31.427630,7.639237,SIGNAL,0x0000,CAL-20260811-001,CLOCK-20260811-001,PASS
EVT-000000001859,SIM-0002,2026082223784000007,PULSE-EXP-0002-0010-02784,EXP-0002-0010,SNSPD-06,Y,-,30.338208,8.436236,SIGNAL,0x0000,CAL-20260811-001,CLOCK-20260811-001,PASS
EVT-000000001860,SIM-0002,2026082224193000177,PULSE-EXP-0002-0010-03193,EXP-0002-0010,SNSPD-04,X,-,30.678560,7.376227,SIGNAL,0x0000,CAL-20260811-001,CLOCK-20260811-001,PASS
EVT-000000001861,SIM-0002,2026082224691000013,PULSE-EXP-0002-0010-03691,EXP-0002-0010,SNSPD-05,Y,+,36.892492,7.506954,SIGNAL,0x0000,CAL-20260811-001,CLOCK-20260811-001,PASS
EVT-000000001862,SIM-0002,2026082226059000154,PULSE-EXP-0002-0010-05059,EXP-0002-0010,SNSPD-01,Z,+,28.990396,7.199145,SIGNAL,0x0000,CAL-20260811-001,CLOCK-20260811-001,PASS
EVT-000000001863,SIM-0002,2026082227166000023,PULSE-EXP-0002-0010-06166,EXP-0002-0010,SNSPD-03,X,+,31.538876,7.833642,SIGNAL,0x0000,CAL-20260811-001,CLOCK-20260811-001,PASS
EVT-000000001864,SIM-0002,2026082227489000013,PULSE-EXP-0002-0010-06489,EXP-0002-0010,SNSPD-05,Y,+,33.206996,7.696042,SIGNAL,0x0000,CAL-20260811-001,CLOCK-20260811-001,PASS
EVT-000000001865,SIM-0002,2026082227678000130,PULSE-EXP-0002-0010-06678,EXP-0002-0010,SNSPD-04,X,-,34.517757,7.415654,SIGNAL,0x0000,CAL-20260811-001,CLOCK-20260811-001,PASS
EVT-000000001866,SIM-0002,2026082232250000104,PULSE-EXP-0002-0017-00250,EXP-0002-0017,SNSPD-01,Z,+,34.245875,8.451484,SIGNAL,0x0000,CAL-20260811-001,CLOCK-20260811-001,PASS
EVT-000000001867,SIM-0002,2026082232833000045,PULSE-EXP-0002-0017-00833,EXP-0002-0017,SNSPD-03,X,+,31.623074,7.392631,SIGNAL,0x0000,CAL-20260811-001,CLOCK-20260811-001,PASS
EVT-000000001868,SIM-0002,2026082233017000195,PULSE-EXP-0002-0017-01017,EXP-0002-0017,SNSPD-05,Y,+,33.994207,8.849077,SIGNAL,0x0000,CAL-20260811-001,CLOCK-20260811-001,PASS
EVT-000000001869,SIM-0002,2026082233267000189,PULSE-EXP-0002-0017-01267,EXP-0002-0017,SNSPD-03,X,+,33.731615,8.939497,SIGNAL,0x0000,CAL-20260811-001,CLOCK-20260811-001,PASS
EVT-000000001870,SIM-0002,2026082234254000022,PULSE-EXP-0002-0017-02254,EXP-0002-0017,SNSPD-05,Y,+,36.529069,8.492712,SIGNAL,0x0000,CAL-20260811-001,CLOCK-20260811-001,PASS
EVT-000000001871,SIM-0002,2026082234533000133,PULSE-EXP-0002-0017-02533,EXP-0002-0017,SNSPD-03,X,+,31.121841,7.412234,SIGNAL,0x0000,CAL-20260811-001,CLOCK-20260811-001,PASS
EVT-000000001872,SIM-0002,2026082234982000191,PULSE-EXP-0002-0017-02982,EXP-0002-0017,SNSPD-01,Z,+,30.623424,7.944823,SIGNAL,0x0000,CAL-20260811-001,CLOCK-20260811-001,PASS
EVT-000000001873,SIM-0002,2026082235103000041,PULSE-EXP-0002-0017-03103,EXP-0002-0017,SNSPD-03,X,+,29.452000,8.092790,SIGNAL,0x0000,CAL-20260811-001,CLOCK-20260811-001,PASS
EVT-000000001874,SIM-0002,2026082236012000160,PULSE-EXP-0002-0017-04012,EXP-0002-0017,SNSPD-03,X,+,33.415914,8.426411,SIGNAL,0x0000,CAL-20260811-001,CLOCK-20260811-001,PASS
EVT-000000001875,SIM-0002,2026082236331000079,PULSE-EXP-0002-0017-04331,EXP-0002-0017,SNSPD-06,Y,-,31.076261,7.911469,SIGNAL,0x0000,CAL-20260811-001,CLOCK-20260811-001,PASS
EVT-000000001876,SIM-0002,2026082236558000066,PULSE-EXP-0002-0017-04558,EXP-0002-0017,SNSPD-01,Z,+,30.882655,7.437750,SIGNAL,0x0000,CAL-20260811-001,CLOCK-20260811-001,PASS
EVT-000000001877,SIM-0002,2026082236636000113,PULSE-EXP-0002-0017-04636,EXP-0002-0017,SNSPD-06,Y,-,30.301059,8.201297,SIGNAL,0x0000,CAL-20260811-001,CLOCK-20260811-001,PASS
EVT-000000001878,SIM-0002,2026082236657000133,PULSE-EXP-0002-0017-04657,EXP-0002-0017,SNSPD-02,Z,-,31.293076,8.116427,SIGNAL,0x0000,CAL-20260811-001,CLOCK-20260811-001,PASS
EVT-000000001879,SIM-0002,2026082236677000108,PULSE-EXP-0002-0017-04677,EXP-0002-0017,SNSPD-06,Y,-,36.096013,7.212911,SIGNAL,0x0000,CAL-20260811-001,CLOCK-20260811-001,PASS
EVT-000000001880,SIM-0002,2026082236680000029,PULSE-EXP-0002-0017-04680,EXP-0002-0017,SNSPD-01,Z,+,30.912345,7.910042,SIGNAL,0x0000,CAL-20260811-001,CLOCK-20260811-001,PASS
EVT-000000001881,SIM-0002,2026082237097000132,PULSE-EXP-0002-0017-05097,EXP-0002-0017,SNSPD-03,X,+,32.014642,8.365711,SIGNAL,0x0000,CAL-20260811-001,CLOCK-20260811-001,PASS
EVT-000000001882,SIM-0002,2026082237277000147,PULSE-EXP-0002-0017-05277,EXP-0002-0017,SNSPD-04,X,-,31.894288,7.424263,SIGNAL,0x0000,CAL-20260811-001,CLOCK-20260811-001,PASS
EVT-000000001883,SIM-0002,2026082238128000080,PULSE-EXP-0002-0017-06128,EXP-0002-0017,SNSPD-03,X,+,31.024666,8.018543,SIGNAL,0x0000,CAL-20260811-001,CLOCK-20260811-001,PASS
EVT-000000001884,SIM-0002,2026082238197000032,PULSE-EXP-0002-0017-06197,EXP-0002-0017,SNSPD-03,X,+,31.400942,6.757046,SIGNAL,0x0000,CAL-20260811-001,CLOCK-20260811-001,PASS
EVT-000000001885,SIM-0002,2026082238340000154,PULSE-EXP-0002-0017-06340,EXP-0002-0017,SNSPD-05,Y,+,33.000592,8.065147,SIGNAL,0x0000,CAL-20260811-001,CLOCK-20260811-001,PASS
EVT-000000001886,SIM-0002,2026082239600000078,PULSE-EXP-0002-0017-07600,EXP-0002-0017,SNSPD-06,Y,-,36.396032,8.818824,SIGNAL,0x0000,CAL-20260811-001,CLOCK-20260811-001,PASS
EVT-000000001887,SIM-0002,2026082240885000160,PULSE-EXP-0002-0017-08885,EXP-0002-0017,SNSPD-03,X,+,35.938881,6.565974,SIGNAL,0x0000,CAL-20260811-001,CLOCK-20260811-001,PASS
EVT-000000001888,SIM-0002,2026082241182000152,PULSE-EXP-0002-0017-09182,EXP-0002-0017,SNSPD-01,Z,+,31.441458,7.913347,SIGNAL,0x0000,CAL-20260811-001,CLOCK-20260811-001,PASS
EVT-000000001889,SIM-0002,2026082241195000122,PULSE-EXP-0002-0017-09195,EXP-0002-0017,SNSPD-03,X,+,31.923367,8.336323,SIGNAL,0x0000,CAL-20260811-001,CLOCK-20260811-001,PASS
EVT-000000001890,SIM-0002,2026082241478000032,PULSE-EXP-0002-0017-09478,EXP-0002-0017,SNSPD-05,Y,+,32.706916,7.521504,SIGNAL,0x0000,CAL-20260811-001,CLOCK-20260811-001,PASS
EVT-000000001891,SIM-0002,2026082241627000066,PULSE-EXP-0002-0017-09627,EXP-0002-0017,SNSPD-06,Y,-,32.176273,7.575594,SIGNAL,0x0000,CAL-20260811-001,CLOCK-20260811-001,PASS
EVT-000000001892,SIM-0002,2026082243112000033,PULSE-EXP-0002-0021-00112,EXP-0002-0021,SNSPD-05,Y,+,32.616416,7.998882,SIGNAL,0x0000,CAL-20260811-001,CLOCK-20260811-001,PASS
EVT-000000001893,SIM-0002,2026082243245000096,PULSE-EXP-0002-0021-00245,EXP-0002-0021,SNSPD-06,Y,-,31.926463,8.060223,SIGNAL,0x0000,CAL-20260811-001,CLOCK-20260811-001,PASS
EVT-000000001894,SIM-0002,2026082243530000131,PULSE-EXP-0002-0021-00530,EXP-0002-0021,SNSPD-01,Z,+,33.613193,8.839856,SIGNAL,0x0000,CAL-20260811-001,CLOCK-20260811-001,PASS
EVT-000000001895,SIM-0002,2026082243566000108,PULSE-EXP-0002-0021-00566,EXP-0002-0021,SNSPD-06,Y,-,32.169867,8.296813,SIGNAL,0x0000,CAL-20260811-001,CLOCK-20260811-001,PASS
EVT-000000001896,SIM-0002,2026082243660000023,PULSE-EXP-0002-0021-00660,EXP-0002-0021,SNSPD-04,X,-,32.046830,8.226369,SIGNAL,0x0000,CAL-20260811-001,CLOCK-20260811-001,PASS
EVT-000000001897,SIM-0002,2026082243683000185,PULSE-EXP-0002-0021-00683,EXP-0002-0021,SNSPD-05,Y,+,31.385332,8.036082,SIGNAL,0x0000,CAL-20260811-001,CLOCK-20260811-001,PASS
EVT-000000001898,SIM-0002,2026082243708000101,PULSE-EXP-0002-0021-00708,EXP-0002-0021,SNSPD-04,X,-,31.366740,7.441487,SIGNAL,0x0000,CAL-20260811-001,CLOCK-20260811-001,PASS
EVT-000000001899,SIM-0002,2026082243773000069,PULSE-EXP-0002-0021-00773,EXP-0002-0021,SNSPD-03,X,+,30.449086,7.162708,SIGNAL,0x0000,CAL-20260811-001,CLOCK-20260811-001,PASS
EVT-000000001900,SIM-0002,2026082244079000097,PULSE-EXP-0002-0021-01079,EXP-0002-0021,SNSPD-05,Y,+,36.363342,7.771939,SIGNAL,0x0000,CAL-20260811-001,CLOCK-20260811-001,PASS
EVT-000000001901,SIM-0002,2026082244188000138,PULSE-EXP-0002-0021-01188,EXP-0002-0021,SNSPD-05,Y,+,31.537477,8.445917,SIGNAL,0x0000,CAL-20260811-001,CLOCK-20260811-001,PASS
EVT-000000001902,SIM-0002,2026082244512000029,PULSE-EXP-0002-0021-01512,EXP-0002-0021,SNSPD-05,Y,+,35.611228,7.855755,SIGNAL,0x0000,CAL-20260811-001,CLOCK-20260811-001,PASS
EVT-000000001903,SIM-0002,2026082244541000088,PULSE-EXP-0002-0021-01541,EXP-0002-0021,SNSPD-06,Y,-,27.129474,8.107904,SIGNAL,0x0000,CAL-20260811-001,CLOCK-20260811-001,PASS
EVT-000000001904,SIM-0002,2026082244808000118,PULSE-EXP-0002-0021-01808,EXP-0002-0021,SNSPD-06,Y,-,29.749178,7.192486,SIGNAL,0x0000,CAL-20260811-001,CLOCK-20260811-001,PASS
EVT-000000001905,SIM-0002,2026082244993000017,PULSE-EXP-0002-0021-01993,EXP-0002-0021,SNSPD-05,Y,+,28.029094,8.796096,SIGNAL,0x0000,CAL-20260811-001,CLOCK-20260811-001,PASS
EVT-000000001906,SIM-0002,2026082245160000168,PULSE-EXP-0002-0021-02160,EXP-0002-0021,SNSPD-03,X,+,33.781329,7.791594,SIGNAL,0x0000,CAL-20260811-001,CLOCK-20260811-001,PASS
EVT-000000001907,SIM-0002,2026082245217000070,PULSE-EXP-0002-0021-02217,EXP-0002-0021,SNSPD-06,Y,-,31.613235,7.342767,SIGNAL,0x0000,CAL-20260811-001,CLOCK-20260811-001,PASS
EVT-000000001908,SIM-0002,2026082245405000139,PULSE-EXP-0002-0021-02405,EXP-0002-0021,SNSPD-05,Y,+,34.553863,8.882235,SIGNAL,0x0000,CAL-20260811-001,CLOCK-20260811-001,PASS
EVT-000000001909,SIM-0002,2026082245424000154,PULSE-EXP-0002-0021-02424,EXP-0002-0021,SNSPD-05,Y,+,30.363057,7.341777,SIGNAL,0x0000,CAL-20260811-001,CLOCK-20260811-001,PASS
EVT-000000001910,SIM-0002,2026082245669000047,PULSE-EXP-0002-0021-02669,EXP-0002-0021,SNSPD-01,Z,+,29.864971,8.061499,SIGNAL,0x0000,CAL-20260811-001,CLOCK-20260811-001,PASS
EVT-000000001911,SIM-0002,2026082245670000036,PULSE-EXP-0002-0021-02670,EXP-0002-0021,SNSPD-06,Y,-,33.504026,8.542852,SIGNAL,0x0000,CAL-20260811-001,CLOCK-20260811-001,PASS
EVT-000000001912,SIM-0002,2026082245778000166,PULSE-EXP-0002-0021-02778,EXP-0002-0021,SNSPD-06,Y,-,34.765264,6.352730,SIGNAL,0x0000,CAL-20260811-001,CLOCK-20260811-001,PASS
EVT-000000001913,SIM-0002,2026082245887000109,PULSE-EXP-0002-0021-02887,EXP-0002-0021,SNSPD-01,Z,+,32.012334,8.508782,SIGNAL,0x0000,CAL-20260811-001,CLOCK-20260811-001,PASS
EVT-000000001914,SIM-0002,2026082245926000182,PULSE-EXP-0002-0021-02926,EXP-0002-0021,SNSPD-05,Y,+,30.547096,7.667921,SIGNAL,0x0000,CAL-20260811-001,CLOCK-20260811-001,PASS
EVT-000000001915,SIM-0002,2026082246092000119,PULSE-EXP-0002-0021-03092,EXP-0002-0021,SNSPD-01,Z,+,36.291931,8.890538,SIGNAL,0x0000,CAL-20260811-001,CLOCK-20260811-001,PASS
EVT-000000001916,SIM-0002,2026082246306000083,PULSE-EXP-0002-0021-03306,EXP-0002-0021,SNSPD-01,Z,+,33.093012,8.702045,SIGNAL,0x0000,CAL-20260811-001,CLOCK-20260811-001,PASS
EVT-000000001917,SIM-0002,2026082246349000087,PULSE-EXP-0002-0021-03349,EXP-0002-0021,SNSPD-04,X,-,32.224122,7.682892,SIGNAL,0x0000,CAL-20260811-001,CLOCK-20260811-001,PASS
EVT-000000001918,SIM-0002,2026082246427000135,PULSE-EXP-0002-0021-03427,EXP-0002-0021,SNSPD-04,X,-,29.314071,8.718857,SIGNAL,0x0000,CAL-20260811-001,CLOCK-20260811-001,PASS
EVT-000000001919,SIM-0002,2026082246718000140,PULSE-EXP-0002-0021-03718,EXP-0002-0021,SNSPD-02,Z,-,30.209602,7.519096,SIGNAL,0x0000,CAL-20260811-001,CLOCK-20260811-001,PASS
EVT-000000001920,SIM-0002,2026082246755000146,PULSE-EXP-0002-0021-03755,EXP-0002-0021,SNSPD-02,Z,-,29.162445,7.122624,SIGNAL,0x0000,CAL-20260811-001,CLOCK-20260811-001,PASS
EVT-000000001921,SIM-0002,2026082246931000083,PULSE-EXP-0002-0021-03931,EXP-0002-0021,SNSPD-03,X,+,29.643202,8.225899,SIGNAL,0x0000,CAL-20260811-001,CLOCK-20260811-001,PASS
EVT-000000001922,SIM-0002,2026082247012000078,PULSE-EXP-0002-0021-04012,EXP-0002-0021,SNSPD-01,Z,+,28.110701,7.000708,SIGNAL,0x0000,CAL-20260811-001,CLOCK-20260811-001,PASS
EVT-000000001923,SIM-0002,2026082247024000193,PULSE-EXP-0002-0021-04024,EXP-0002-0021,SNSPD-04,X,-,34.718469,8.298388,SIGNAL,0x0000,CAL-20260811-001,CLOCK-20260811-001,PASS
EVT-000000001924,SIM-0002,2026082247116000004,PULSE-EXP-0002-0021-04116,EXP-0002-0021,SNSPD-05,Y,+,31.610806,8.748855,SIGNAL,0x0000,CAL-20260811-001,CLOCK-20260811-001,PASS
EVT-000000001925,SIM-0002,2026082247425000150,PULSE-EXP-0002-0021-04425,EXP-0002-0021,SNSPD-01,Z,+,29.159843,8.256170,SIGNAL,0x0000,CAL-20260811-001,CLOCK-20260811-001,PASS
EVT-000000001926,SIM-0002,2026082247722000148,PULSE-EXP-0002-0021-04722,EXP-0002-0021,SNSPD-02,Z,-,34.887378,8.526111,SIGNAL,0x0000,CAL-20260811-001,CLOCK-20260811-001,PASS
EVT-000000001927,SIM-0002,2026082247761000099,PULSE-EXP-0002-0021-04761,EXP-0002-0021,SNSPD-01,Z,+,32.849167,7.465257,SIGNAL,0x0000,CAL-20260811-001,CLOCK-20260811-001,PASS
EVT-000000001928,SIM-0002,2026082247785000117,PULSE-EXP-0002-0021-04785,EXP-0002-0021,SNSPD-03,X,+,31.613424,8.090224,SIGNAL,0x0000,CAL-20260811-001,CLOCK-20260811-001,PASS
EVT-000000001929,SIM-0002,2026082248246000053,PULSE-EXP-0002-0021-05246,EXP-0002-0021,SNSPD-04,X,-,34.083629,7.384231,SIGNAL,0x0000,CAL-20260811-001,CLOCK-20260811-001,PASS
EVT-000000001930,SIM-0002,2026082248993000098,PULSE-EXP-0002-0021-05993,EXP-0002-0021,SNSPD-01,Z,+,27.422425,8.839549,SIGNAL,0x0000,CAL-20260811-001,CLOCK-20260811-001,PASS
EVT-000000001931,SIM-0002,2026082249132000125,PULSE-EXP-0002-0021-06132,EXP-0002-0021,SNSPD-01,Z,+,35.817217,7.520620,SIGNAL,0x0000,CAL-20260811-001,CLOCK-20260811-001,PASS
EVT-000000001932,SIM-0002,2026082249236000103,PULSE-EXP-0002-0021-06236,EXP-0002-0021,SNSPD-04,X,-,30.978663,7.743220,SIGNAL,0x0000,CAL-20260811-001,CLOCK-20260811-001,PASS
EVT-000000001933,SIM-0002,2026082249255000085,PULSE-EXP-0002-0021-06255,EXP-0002-0021,SNSPD-04,X,-,29.655796,7.955451,SIGNAL,0x0000,CAL-20260811-001,CLOCK-20260811-001,PASS
EVT-000000001934,SIM-0002,2026082249263000080,PULSE-EXP-0002-0021-06263,EXP-0002-0021,SNSPD-06,Y,-,32.456333,8.480614,SIGNAL,0x0000,CAL-20260811-001,CLOCK-20260811-001,PASS
EVT-000000001935,SIM-0002,2026082249506000048,PULSE-EXP-0002-0021-06506,EXP-0002-0021,SNSPD-03,X,+,33.793942,7.473353,SIGNAL,0x0000,CAL-20260811-001,CLOCK-20260811-001,PASS
EVT-000000001936,SIM-0002,2026082249567000086,PULSE-EXP-0002-0021-06567,EXP-0002-0021,SNSPD-04,X,-,35.201883,7.877036,SIGNAL,0x0000,CAL-20260811-001,CLOCK-20260811-001,PASS
EVT-000000001937,SIM-0002,2026082250218000022,PULSE-EXP-0002-0021-07218,EXP-0002-0021,SNSPD-06,Y,-,32.655445,7.740997,SIGNAL,0x0000,CAL-20260811-001,CLOCK-20260811-001,PASS
EVT-000000001938,SIM-0002,2026082250301000008,PULSE-EXP-0002-0021-07301,EXP-0002-0021,SNSPD-03,X,+,32.294715,8.041257,SIGNAL,0x0000,CAL-20260811-001,CLOCK-20260811-001,PASS
EVT-000000001939,SIM-0002,2026082250474000120,PULSE-EXP-0002-0021-07474,EXP-0002-0021,SNSPD-04,X,-,32.110574,8.502746,SIGNAL,0x0000,CAL-20260811-001,CLOCK-20260811-001,PASS
EVT-000000001940,SIM-0002,2026082250674000164,PULSE-EXP-0002-0021-07674,EXP-0002-0021,SNSPD-03,X,+,33.871535,8.643312,SIGNAL,0x0000,CAL-20260811-001,CLOCK-20260811-001,PASS
EVT-000000001941,SIM-0002,2026082250784000086,PULSE-EXP-0002-0021-07784,EXP-0002-0021,SNSPD-01,Z,+,31.882723,8.404348,SIGNAL,0x0000,CAL-20260811-001,CLOCK-20260811-001,PASS
EVT-000000001942,SIM-0002,2026082250948000121,PULSE-EXP-0002-0021-07948,EXP-0002-0021,SNSPD-06,Y,-,30.232438,8.422269,SIGNAL,0x0000,CAL-20260811-001,CLOCK-20260811-001,PASS
EVT-000000001943,SIM-0002,2026082251316000020,PULSE-EXP-0002-0021-08316,EXP-0002-0021,SNSPD-01,Z,+,30.680224,8.528898,SIGNAL,0x0000,CAL-20260811-001,CLOCK-20260811-001,PASS
EVT-000000001944,SIM-0002,2026082251316000068,PULSE-EXP-0002-0021-08316,EXP-0002-0021,SNSPD-01,Z,+,30.931170,7.944699,SIGNAL,0x0000,CAL-20260811-001,CLOCK-20260811-001,PASS
EVT-000000001945,SIM-0002,2026082251727000186,PULSE-EXP-0002-0021-08727,EXP-0002-0021,SNSPD-01,Z,+,29.413900,8.699314,SIGNAL,0x0000,CAL-20260811-001,CLOCK-20260811-001,PASS
EVT-000000001946,SIM-0002,2026082251778000173,PULSE-EXP-0002-0021-08778,EXP-0002-0021,SNSPD-01,Z,+,32.915588,9.052982,SIGNAL,0x0000,CAL-20260811-001,CLOCK-20260811-001,PASS
EVT-000000001947,SIM-0002,2026082252208000168,PULSE-EXP-0002-0021-09208,EXP-0002-0021,SNSPD-04,X,-,30.175109,7.786703,SIGNAL,0x0000,CAL-20260811-001,CLOCK-20260811-001,PASS
EVT-000000001948,SIM-0002,2026082252272000101,PULSE-EXP-0002-0021-09272,EXP-0002-0021,SNSPD-06,Y,-,31.380832,7.831801,SIGNAL,0x0000,CAL-20260811-001,CLOCK-20260811-001,PASS
EVT-000000001949,SIM-0002,2026082252896000161,PULSE-EXP-0002-0021-09896,EXP-0002-0021,SNSPD-06,Y,-,31.043499,9.170159,SIGNAL,0x0000,CAL-20260811-001,CLOCK-20260811-001,PASS
EVT-000000001950,SIM-0002,2026082256352000031,PULSE-EXP-0002-0004-02352,EXP-0002-0004,SNSPD-02,Z,-,32.288676,7.389688,SIGNAL,0x0000,CAL-20260811-001,CLOCK-20260811-001,PASS
EVT-000000001951,SIM-0002,2026082259591000111,PULSE-EXP-0002-0004-05591,EXP-0002-0004,SNSPD-06,Y,-,28.738743,7.834445,SIGNAL,0x0000,CAL-20260811-001,CLOCK-20260811-001,PASS
EVT-000000001952,SIM-0002,2026082263901000178,PULSE-EXP-0002-0004-09901,EXP-0002-0004,SNSPD-02,Z,-,31.037960,8.670030,SIGNAL,0x0000,CAL-20260811-001,CLOCK-20260811-001,PASS
EVT-000000001953,SIM-0002,2026082266115000009,PULSE-EXP-0002-0006-01115,EXP-0002-0006,SNSPD-04,X,-,35.119059,8.888599,SIGNAL,0x0000,CAL-20260811-001,CLOCK-20260811-001,PASS
EVT-000000001954,SIM-0002,2026082266209000161,PULSE-EXP-0002-0006-01209,EXP-0002-0006,SNSPD-06,Y,-,31.704354,7.819557,SIGNAL,0x0000,CAL-20260811-001,CLOCK-20260811-001,PASS
EVT-000000001955,SIM-0002,2026082267484000079,PULSE-EXP-0002-0006-02484,EXP-0002-0006,SNSPD-02,Z,-,32.994464,7.765349,SIGNAL,0x0000,CAL-20260811-001,CLOCK-20260811-001,PASS
EVT-000000001956,SIM-0002,2026082267789000035,PULSE-EXP-0002-0006-02789,EXP-0002-0006,SNSPD-05,Y,+,30.319008,8.820184,SIGNAL,0x0000,CAL-20260811-001,CLOCK-20260811-001,PASS
EVT-000000001957,SIM-0002,2026082268097000045,PULSE-EXP-0002-0006-03097,EXP-0002-0006,SNSPD-01,Z,+,36.188346,7.676285,SIGNAL,0x0000,CAL-20260811-001,CLOCK-20260811-001,PASS
EVT-000000001958,SIM-0002,2026082269457000031,PULSE-EXP-0002-0006-04457,EXP-0002-0006,SNSPD-05,Y,+,31.868639,9.118433,SIGNAL,0x0000,CAL-20260811-001,CLOCK-20260811-001,PASS
EVT-000000001959,SIM-0002,2026082276045000004,PULSE-EXP-0002-0025-00045,EXP-0002-0025,SNSPD-02,Z,-,36.125661,7.592873,SIGNAL,0x0000,CAL-20260811-001,CLOCK-20260811-001,PASS
EVT-000000001960,SIM-0002,2026082276218000126,PULSE-EXP-0002-0025-00218,EXP-0002-0025,SNSPD-06,Y,-,31.283538,8.178911,SIGNAL,0x0000,CAL-20260811-001,CLOCK-20260811-001,PASS
EVT-000000001961,SIM-0002,2026082276439000118,PULSE-EXP-0002-0025-00439,EXP-0002-0025,SNSPD-01,Z,+,32.331004,8.298145,SIGNAL,0x0000,CAL-20260811-001,CLOCK-20260811-001,PASS
EVT-000000001962,SIM-0002,2026082276504000001,PULSE-EXP-0002-0025-00504,EXP-0002-0025,SNSPD-05,Y,+,32.479384,8.029755,SIGNAL,0x0000,CAL-20260811-001,CLOCK-20260811-001,PASS
EVT-000000001963,SIM-0002,2026082276570000067,PULSE-EXP-0002-0025-00570,EXP-0002-0025,SNSPD-05,Y,+,32.605726,7.492396,SIGNAL,0x0000,CAL-20260811-001,CLOCK-20260811-001,PASS
EVT-000000001964,SIM-0002,2026082276576000156,PULSE-EXP-0002-0025-00576,EXP-0002-0025,SNSPD-04,X,-,30.959145,8.777469,SIGNAL,0x0000,CAL-20260811-001,CLOCK-20260811-001,PASS
EVT-000000001965,SIM-0002,2026082276637000196,PULSE-EXP-0002-0025-00637,EXP-0002-0025,SNSPD-03,X,+,36.235434,7.267021,SIGNAL,0x0000,CAL-20260811-001,CLOCK-20260811-001,PASS
EVT-000000001966,SIM-0002,2026082276716000156,PULSE-EXP-0002-0025-00716,EXP-0002-0025,SNSPD-05,Y,+,31.671937,7.679091,SIGNAL,0x0000,CAL-20260811-001,CLOCK-20260811-001,PASS
EVT-000000001967,SIM-0002,2026082276757000016,PULSE-EXP-0002-0025-00757,EXP-0002-0025,SNSPD-01,Z,+,36.711006,8.163241,SIGNAL,0x0000,CAL-20260811-001,CLOCK-20260811-001,PASS
EVT-000000001968,SIM-0002,2026082276770000056,PULSE-EXP-0002-0025-00770,EXP-0002-0025,SNSPD-04,X,-,27.648745,8.553133,SIGNAL,0x0000,CAL-20260811-001,CLOCK-20260811-001,PASS
EVT-000000001969,SIM-0002,2026082276797000164,PULSE-EXP-0002-0025-00797,EXP-0002-0025,SNSPD-03,X,+,34.365315,8.709439,SIGNAL,0x0000,CAL-20260811-001,CLOCK-20260811-001,PASS
EVT-000000001970,SIM-0002,2026082276917000016,PULSE-EXP-0002-0025-00917,EXP-0002-0025,SNSPD-06,Y,-,31.839306,8.691651,SIGNAL,0x0000,CAL-20260811-001,CLOCK-20260811-001,PASS
EVT-000000001971,SIM-0002,2026082276944000083,PULSE-EXP-0002-0025-00944,EXP-0002-0025,SNSPD-03,X,+,30.942160,8.015599,SIGNAL,0x0000,CAL-20260811-001,CLOCK-20260811-001,PASS
EVT-000000001972,SIM-0002,2026082276980000106,PULSE-EXP-0002-0025-00980,EXP-0002-0025,SNSPD-02,Z,-,32.786617,7.273050,SIGNAL,0x0000,CAL-20260811-001,CLOCK-20260811-001,PASS
EVT-000000001973,SIM-0002,2026082276996000059,PULSE-EXP-0002-0025-00996,EXP-0002-0025,SNSPD-06,Y,-,33.575157,7.396418,SIGNAL,0x0000,CAL-20260811-001,CLOCK-20260811-001,PASS
EVT-000000001974,SIM-0002,2026082277060000109,PULSE-EXP-0002-0025-01060,EXP-0002-0025,SNSPD-01,Z,+,35.104820,6.907532,SIGNAL,0x0000,CAL-20260811-001,CLOCK-20260811-001,PASS
EVT-000000001975,SIM-0002,2026082277070000088,PULSE-EXP-0002-0025-01070,EXP-0002-0025,SNSPD-01,Z,+,33.193227,7.342684,SIGNAL,0x0000,CAL-20260811-001,CLOCK-20260811-001,PASS
EVT-000000001976,SIM-0002,2026082277075000109,PULSE-EXP-0002-0025-01075,EXP-0002-0025,SNSPD-01,Z,+,32.894971,8.997701,SIGNAL,0x0000,CAL-20260811-001,CLOCK-20260811-001,PASS
EVT-000000001977,SIM-0002,2026082277110000093,PULSE-EXP-0002-0025-01110,EXP-0002-0025,SNSPD-05,Y,+,32.998554,7.607472,SIGNAL,0x0000,CAL-20260811-001,CLOCK-20260811-001,PASS
EVT-000000001978,SIM-0002,2026082277165000150,PULSE-EXP-0002-0025-01165,EXP-0002-0025,SNSPD-06,Y,-,33.175060,8.147319,SIGNAL,0x0000,CAL-20260811-001,CLOCK-20260811-001,PASS
EVT-000000001979,SIM-0002,2026082277172000024,PULSE-EXP-0002-0025-01172,EXP-0002-0025,SNSPD-06,Y,-,28.644310,7.990300,SIGNAL,0x0000,CAL-20260811-001,CLOCK-20260811-001,PASS
EVT-000000001980,SIM-0002,2026082277251000075,PULSE-EXP-0002-0025-01251,EXP-0002-0025,SNSPD-04,X,-,34.614396,9.055565,SIGNAL,0x0000,CAL-20260811-001,CLOCK-20260811-001,PASS
EVT-000000001981,SIM-0002,2026082277371000125,PULSE-EXP-0002-0025-01371,EXP-0002-0025,SNSPD-04,X,-,28.177111,7.726750,SIGNAL,0x0000,CAL-20260811-001,CLOCK-20260811-001,PASS
EVT-000000001982,SIM-0002,2026082277382000109,PULSE-EXP-0002-0025-01382,EXP-0002-0025,SNSPD-04,X,-,30.464926,7.466559,SIGNAL,0x0000,CAL-20260811-001,CLOCK-20260811-001,PASS
EVT-000000001983,SIM-0002,2026082277564000155,PULSE-EXP-0002-0025-01564,EXP-0002-0025,SNSPD-05,Y,+,27.801838,7.891417,SIGNAL,0x0000,CAL-20260811-001,CLOCK-20260811-001,PASS
EVT-000000001984,SIM-0002,2026082277582000044,PULSE-EXP-0002-0025-01582,EXP-0002-0025,SNSPD-02,Z,-,31.568125,7.817729,SIGNAL,0x0000,CAL-20260811-001,CLOCK-20260811-001,PASS
EVT-000000001985,SIM-0002,2026082277655000155,PULSE-EXP-0002-0025-01655,EXP-0002-0025,SNSPD-03,X,+,34.309009,7.910656,SIGNAL,0x0000,CAL-20260811-001,CLOCK-20260811-001,PASS
EVT-000000001986,SIM-0002,2026082277706000178,PULSE-EXP-0002-0025-01706,EXP-0002-0025,SNSPD-01,Z,+,29.942270,6.776213,SIGNAL,0x0000,CAL-20260811-001,CLOCK-20260811-001,PASS
EVT-000000001987,SIM-0002,2026082277857000169,PULSE-EXP-0002-0025-01857,EXP-0002-0025,SNSPD-06,Y,-,31.641077,7.191240,SIGNAL,0x0000,CAL-20260811-001,CLOCK-20260811-001,PASS
EVT-000000001988,SIM-0002,2026082277966000143,PULSE-EXP-0002-0025-01966,EXP-0002-0025,SNSPD-05,Y,+,32.569814,7.562950,SIGNAL,0x0000,CAL-20260811-001,CLOCK-20260811-001,PASS
EVT-000000001989,SIM-0002,2026082277972000025,PULSE-EXP-0002-0025-01972,EXP-0002-0025,SNSPD-01,Z,+,35.482423,8.566061,SIGNAL,0x0000,CAL-20260811-001,CLOCK-20260811-001,PASS
EVT-000000001990,SIM-0002,2026082277975000124,PULSE-EXP-0002-0025-01975,EXP-0002-0025,SNSPD-01,Z,+,33.512350,8.081145,SIGNAL,0x0000,CAL-20260811-001,CLOCK-20260811-001,PASS
EVT-000000001991,SIM-0002,2026082277975000161,PULSE-EXP-0002-0025-01975,EXP-0002-0025,SNSPD-05,Y,+,27.897084,7.484393,SIGNAL,0x0000,CAL-20260811-001,CLOCK-20260811-001,PASS
EVT-000000001992,SIM-0002,2026082277980000133,PULSE-EXP-0002-0025-01980,EXP-0002-0025,SNSPD-04,X,-,34.434803,8.442705,SIGNAL,0x0000,CAL-20260811-001,CLOCK-20260811-001,PASS
EVT-000000001993,SIM-0002,2026082278002000164,PULSE-EXP-0002-0025-02002,EXP-0002-0025,SNSPD-03,X,+,30.111751,8.178788,SIGNAL,0x0000,CAL-20260811-001,CLOCK-20260811-001,PASS
EVT-000000001994,SIM-0002,2026082278006000071,PULSE-EXP-0002-0025-02006,EXP-0002-0025,SNSPD-04,X,-,34.222691,7.630434,SIGNAL,0x0000,CAL-20260811-001,CLOCK-20260811-001,PASS
EVT-000000001995,SIM-0002,2026082278025000055,PULSE-EXP-0002-0025-02025,EXP-0002-0025,SNSPD-01,Z,+,33.440430,7.495419,SIGNAL,0x0000,CAL-20260811-001,CLOCK-20260811-001,PASS
EVT-000000001996,SIM-0002,2026082278031000075,PULSE-EXP-0002-0025-02031,EXP-0002-0025,SNSPD-03,X,+,33.225380,8.076047,SIGNAL,0x0000,CAL-20260811-001,CLOCK-20260811-001,PASS
EVT-000000001997,SIM-0002,2026082278080000114,PULSE-EXP-0002-0025-02080,EXP-0002-0025,SNSPD-06,Y,-,30.753036,9.021695,SIGNAL,0x0000,CAL-20260811-001,CLOCK-20260811-001,PASS
EVT-000000001998,SIM-0002,2026082278197000162,PULSE-EXP-0002-0025-02197,EXP-0002-0025,SNSPD-05,Y,+,33.854918,8.601284,SIGNAL,0x0000,CAL-20260811-001,CLOCK-20260811-001,PASS
EVT-000000001999,SIM-0002,2026082278292000008,PULSE-EXP-0002-0025-02292,EXP-0002-0025,SNSPD-06,Y,-,30.112279,8.241095,SIGNAL,0x0000,CAL-20260811-001,CLOCK-20260811-001,PASS
EVT-000000002000,SIM-0002,2026082278321000173,PULSE-EXP-0002-0025-02321,EXP-0002-0025,SNSPD-06,Y,-,33.455496,8.114966,SIGNAL,0x0000,CAL-20260811-001,CLOCK-20260811-001,PASS
EVT-000000002001,SIM-0002,2026082278346000175,PULSE-EXP-0002-0025-02346,EXP-0002-0025,SNSPD-03,X,+,32.156689,7.167015,SIGNAL,0x0000,CAL-20260811-001,CLOCK-20260811-001,PASS
EVT-000000002002,SIM-0002,2026082278417000162,PULSE-EXP-0002-0025-02417,EXP-0002-0025,SNSPD-06,Y,-,33.436123,8.412101,SIGNAL,0x0000,CAL-20260811-001,CLOCK-20260811-001,PASS
EVT-000000002003,SIM-0002,2026082278469000121,PULSE-EXP-0002-0025-02469,EXP-0002-0025,SNSPD-01,Z,+,32.729500,8.707433,SIGNAL,0x0000,CAL-20260811-001,CLOCK-20260811-001,PASS
EVT-000000002004,SIM-0002,2026082278508000015,PULSE-EXP-0002-0025-02508,EXP-0002-0025,SNSPD-04,X,-,29.538244,8.668052,SIGNAL,0x0000,CAL-20260811-001,CLOCK-20260811-001,PASS
EVT-000000002005,SIM-0002,2026082278520000191,PULSE-EXP-0002-0025-02520,EXP-0002-0025,SNSPD-04,X,-,28.566238,8.610513,SIGNAL,0x0000,CAL-20260811-001,CLOCK-20260811-001,PASS
EVT-000000002006,SIM-0002,2026082278525000179,PULSE-EXP-0002-0025-02525,EXP-0002-0025,SNSPD-01,Z,+,32.413901,8.076006,SIGNAL,0x0000,CAL-20260811-001,CLOCK-20260811-001,PASS
EVT-000000002007,SIM-0002,2026082278541000146,PULSE-EXP-0002-0025-02541,EXP-0002-0025,SNSPD-03,X,+,30.744059,8.477149,SIGNAL,0x0000,CAL-20260811-001,CLOCK-20260811-001,PASS
EVT-000000002008,SIM-0002,2026082278583000180,PULSE-EXP-0002-0025-02583,EXP-0002-0025,SNSPD-03,X,+,33.939083,7.844312,SIGNAL,0x0000,CAL-20260811-001,CLOCK-20260811-001,PASS
EVT-000000002009,SIM-0002,2026082278675000171,PULSE-EXP-0002-0025-02675,EXP-0002-0025,SNSPD-04,X,-,33.479850,8.598864,SIGNAL,0x0000,CAL-20260811-001,CLOCK-20260811-001,PASS
EVT-000000002010,SIM-0002,2026082278818000192,PULSE-EXP-0002-0025-02818,EXP-0002-0025,SNSPD-06,Y,-,32.534339,8.363619,SIGNAL,0x0000,CAL-20260811-001,CLOCK-20260811-001,PASS
EVT-000000002011,SIM-0002,2026082278968000152,PULSE-EXP-0002-0025-02968,EXP-0002-0025,SNSPD-02,Z,-,32.220001,7.321164,SIGNAL,0x0000,CAL-20260811-001,CLOCK-20260811-001,PASS
EVT-000000002012,SIM-0002,2026082278975000011,PULSE-EXP-0002-0025-02975,EXP-0002-0025,SNSPD-06,Y,-,35.763028,7.874849,SIGNAL,0x0000,CAL-20260811-001,CLOCK-20260811-001,PASS
EVT-000000002013,SIM-0002,2026082278986000092,PULSE-EXP-0002-0025-02986,EXP-0002-0025,SNSPD-03,X,+,31.676778,7.951053,SIGNAL,0x0000,CAL-20260811-001,CLOCK-20260811-001,PASS
EVT-000000002014,SIM-0002,2026082279115000018,PULSE-EXP-0002-0025-03115,EXP-0002-0025,SNSPD-03,X,+,28.965945,8.102458,SIGNAL,0x0000,CAL-20260811-001,CLOCK-20260811-001,PASS
EVT-000000002015,SIM-0002,2026082279156000097,PULSE-EXP-0002-0025-03156,EXP-0002-0025,SNSPD-01,Z,+,32.253309,8.327988,SIGNAL,0x0000,CAL-20260811-001,CLOCK-20260811-001,PASS
EVT-000000002016,SIM-0002,2026082279169000127,PULSE-EXP-0002-0025-03169,EXP-0002-0025,SNSPD-02,Z,-,31.844923,7.932951,SIGNAL,0x0000,CAL-20260811-001,CLOCK-20260811-001,PASS
EVT-000000002017,SIM-0002,2026082279186000188,PULSE-EXP-0002-0025-03186,EXP-0002-0025,SNSPD-05,Y,+,27.847571,8.456902,SIGNAL,0x0000,CAL-20260811-001,CLOCK-20260811-001,PASS
EVT-000000002018,SIM-0002,2026082279322000139,PULSE-EXP-0002-0025-03322,EXP-0002-0025,SNSPD-06,Y,-,31.116848,7.554435,SIGNAL,0x0000,CAL-20260811-001,CLOCK-20260811-001,PASS
EVT-000000002019,SIM-0002,2026082279340000038,PULSE-EXP-0002-0025-03340,EXP-0002-0025,SNSPD-02,Z,-,33.896383,7.697945,SIGNAL,0x0000,CAL-20260811-001,CLOCK-20260811-001,PASS
EVT-000000002020,SIM-0002,2026082279401000122,PULSE-EXP-0002-0025-03401,EXP-0002-0025,SNSPD-03,X,+,30.592991,8.827176,SIGNAL,0x0000,CAL-20260811-001,CLOCK-20260811-001,PASS
EVT-000000002021,SIM-0002,2026082279497000082,PULSE-EXP-0002-0025-03497,EXP-0002-0025,SNSPD-01,Z,+,31.285218,7.590587,SIGNAL,0x0000,CAL-20260811-001,CLOCK-20260811-001,PASS
EVT-000000002022,SIM-0002,2026082279524000177,PULSE-EXP-0002-0025-03524,EXP-0002-0025,SNSPD-05,Y,+,31.839346,7.270809,SIGNAL,0x0000,CAL-20260811-001,CLOCK-20260811-001,PASS
EVT-000000002023,SIM-0002,2026082279664000010,PULSE-EXP-0002-0025-03664,EXP-0002-0025,SNSPD-06,Y,-,37.208182,7.395795,SIGNAL,0x0000,CAL-20260811-001,CLOCK-20260811-001,PASS
EVT-000000002024,SIM-0002,2026082279682000035,PULSE-EXP-0002-0025-03682,EXP-0002-0025,SNSPD-05,Y,+,33.983008,8.203117,SIGNAL,0x0000,CAL-20260811-001,CLOCK-20260811-001,PASS
EVT-000000002025,SIM-0002,2026082279705000096,PULSE-EXP-0002-0025-03705,EXP-0002-0025,SNSPD-03,X,+,31.527768,7.690226,SIGNAL,0x0000,CAL-20260811-001,CLOCK-20260811-001,PASS
EVT-000000002026,SIM-0002,2026082279725000107,PULSE-EXP-0002-0025-03725,EXP-0002-0025,SNSPD-03,X,+,33.815053,8.547499,SIGNAL,0x0000,CAL-20260811-001,CLOCK-20260811-001,PASS
EVT-000000002027,SIM-0002,2026082279783000174,PULSE-EXP-0002-0025-03783,EXP-0002-0025,SNSPD-04,X,-,34.299204,7.111510,SIGNAL,0x0000,CAL-20260811-001,CLOCK-20260811-001,PASS
EVT-000000002028,SIM-0002,2026082279862000035,PULSE-EXP-0002-0025-03862,EXP-0002-0025,SNSPD-02,Z,-,33.650238,7.278206,SIGNAL,0x0000,CAL-20260811-001,CLOCK-20260811-001,PASS
EVT-000000002029,SIM-0002,2026082279906000184,PULSE-EXP-0002-0025-03906,EXP-0002-0025,SNSPD-05,Y,+,28.268212,7.811159,SIGNAL,0x0000,CAL-20260811-001,CLOCK-20260811-001,PASS
EVT-000000002030,SIM-0002,2026082279968000145,PULSE-EXP-0002-0025-03968,EXP-0002-0025,SNSPD-06,Y,-,29.127910,7.008607,SIGNAL,0x0000,CAL-20260811-001,CLOCK-20260811-001,PASS
EVT-000000002031,SIM-0002,2026082280056000006,PULSE-EXP-0002-0025-04056,EXP-0002-0025,SNSPD-03,X,+,31.456753,8.132625,SIGNAL,0x0000,CAL-20260811-001,CLOCK-20260811-001,PASS
EVT-000000002032,SIM-0002,2026082280135000003,PULSE-EXP-0002-0025-04135,EXP-0002-0025,SNSPD-06,Y,-,31.804524,8.753323,SIGNAL,0x0000,CAL-20260811-001,CLOCK-20260811-001,PASS
EVT-000000002033,SIM-0002,2026082280198000148,PULSE-EXP-0002-0025-04198,EXP-0002-0025,SNSPD-04,X,-,32.610403,8.099646,SIGNAL,0x0000,CAL-20260811-001,CLOCK-20260811-001,PASS
EVT-000000002034,SIM-0002,2026082280210000102,PULSE-EXP-0002-0025-04210,EXP-0002-0025,SNSPD-03,X,+,32.941112,7.519315,SIGNAL,0x0000,CAL-20260811-001,CLOCK-20260811-001,PASS
EVT-000000002035,SIM-0002,2026082280238000026,PULSE-EXP-0002-0025-04238,EXP-0002-0025,SNSPD-04,X,-,30.863980,8.076925,SIGNAL,0x0000,CAL-20260811-001,CLOCK-20260811-001,PASS
EVT-000000002036,SIM-0002,2026082280243000169,PULSE-EXP-0002-0025-04243,EXP-0002-0025,SNSPD-06,Y,-,34.136559,7.908810,SIGNAL,0x0000,CAL-20260811-001,CLOCK-20260811-001,PASS
EVT-000000002037,SIM-0002,2026082280321000141,PULSE-EXP-0002-0025-04321,EXP-0002-0025,SNSPD-04,X,-,32.174342,8.155230,SIGNAL,0x0000,CAL-20260811-001,CLOCK-20260811-001,PASS
EVT-000000002038,SIM-0002,2026082280429000106,PULSE-EXP-0002-0025-04429,EXP-0002-0025,SNSPD-05,Y,+,32.660360,8.539351,SIGNAL,0x0000,CAL-20260811-001,CLOCK-20260811-001,PASS
EVT-000000002039,SIM-0002,2026082280490000195,PULSE-EXP-0002-0025-04490,EXP-0002-0025,SNSPD-03,X,+,32.030737,8.262407,SIGNAL,0x0000,CAL-20260811-001,CLOCK-20260811-001,PASS
EVT-000000002040,SIM-0002,2026082280491000160,PULSE-EXP-0002-0025-04491,EXP-0002-0025,SNSPD-05,Y,+,32.846357,8.241335,SIGNAL,0x0000,CAL-20260811-001,CLOCK-20260811-001,PASS
EVT-000000002041,SIM-0002,2026082280600000022,PULSE-EXP-0002-0025-04600,EXP-0002-0025,SNSPD-03,X,+,31.217720,7.791484,SIGNAL,0x0000,CAL-20260811-001,CLOCK-20260811-001,PASS
EVT-000000002042,SIM-0002,2026082280609000091,PULSE-EXP-0002-0025-04609,EXP-0002-0025,SNSPD-02,Z,-,32.002865,7.714240,SIGNAL,0x0000,CAL-20260811-001,CLOCK-20260811-001,PASS
EVT-000000002043,SIM-0002,2026082280650000070,PULSE-EXP-0002-0025-04650,EXP-0002-0025,SNSPD-04,X,-,33.490246,7.752984,SIGNAL,0x0000,CAL-20260811-001,CLOCK-20260811-001,PASS
EVT-000000002044,SIM-0002,2026082280657000152,PULSE-EXP-0002-0025-04657,EXP-0002-0025,SNSPD-06,Y,-,31.434279,9.171326,SIGNAL,0x0000,CAL-20260811-001,CLOCK-20260811-001,PASS
EVT-000000002045,SIM-0002,2026082280749000008,PULSE-EXP-0002-0025-04749,EXP-0002-0025,SNSPD-06,Y,-,33.873701,7.968757,SIGNAL,0x0000,CAL-20260811-001,CLOCK-20260811-001,PASS
EVT-000000002046,SIM-0002,2026082280801000195,PULSE-EXP-0002-0025-04801,EXP-0002-0025,SNSPD-06,Y,-,34.713389,7.675689,SIGNAL,0x0000,CAL-20260811-001,CLOCK-20260811-001,PASS
EVT-000000002047,SIM-0002,2026082280808000147,PULSE-EXP-0002-0025-04808,EXP-0002-0025,SNSPD-04,X,-,31.987538,8.659722,SIGNAL,0x0000,CAL-20260811-001,CLOCK-20260811-001,PASS
EVT-000000002048,SIM-0002,2026082280815000036,PULSE-EXP-0002-0025-04815,EXP-0002-0025,SNSPD-01,Z,+,35.013157,7.953721,SIGNAL,0x0000,CAL-20260811-001,CLOCK-20260811-001,PASS
EVT-000000002049,SIM-0002,2026082280854000034,PULSE-EXP-0002-0025-04854,EXP-0002-0025,SNSPD-02,Z,-,33.114044,7.710725,SIGNAL,0x0000,CAL-20260811-001,CLOCK-20260811-001,PASS
EVT-000000002050,SIM-0002,2026082280901000033,PULSE-EXP-0002-0025-04901,EXP-0002-0025,SNSPD-02,Z,-,31.383626,7.596505,SIGNAL,0x0000,CAL-20260811-001,CLOCK-20260811-001,PASS
EVT-000000002051,SIM-0002,2026082280923000032,PULSE-EXP-0002-0025-04923,EXP-0002-0025,SNSPD-06,Y,-,33.279125,8.200617,SIGNAL,0x0000,CAL-20260811-001,CLOCK-20260811-001,PASS
EVT-000000002052,SIM-0002,2026082281002000145,PULSE-EXP-0002-0025-05002,EXP-0002-0025,SNSPD-03,X,+,29.970849,8.193586,SIGNAL,0x0000,CAL-20260811-001,CLOCK-20260811-001,PASS
EVT-000000002053,SIM-0002,2026082281033000125,PULSE-EXP-0002-0025-05033,EXP-0002-0025,SNSPD-05,Y,+,27.978855,7.337622,SIGNAL,0x0000,CAL-20260811-001,CLOCK-20260811-001,PASS
EVT-000000002054,SIM-0002,2026082281037000003,PULSE-EXP-0002-0025-05037,EXP-0002-0025,SNSPD-06,Y,-,32.288698,7.248184,SIGNAL,0x0000,CAL-20260811-001,CLOCK-20260811-001,PASS
EVT-000000002055,SIM-0002,2026082281100000171,PULSE-EXP-0002-0025-05100,EXP-0002-0025,SNSPD-04,X,-,30.762697,8.076871,SIGNAL,0x0000,CAL-20260811-001,CLOCK-20260811-001,PASS
EVT-000000002056,SIM-0002,2026082281141000064,PULSE-EXP-0002-0025-05141,EXP-0002-0025,SNSPD-03,X,+,27.856872,7.808737,SIGNAL,0x0000,CAL-20260811-001,CLOCK-20260811-001,PASS
EVT-000000002057,SIM-0002,2026082281201000077,PULSE-EXP-0002-0025-05201,EXP-0002-0025,SNSPD-06,Y,-,30.962769,8.758668,SIGNAL,0x0000,CAL-20260811-001,CLOCK-20260811-001,PASS
EVT-000000002058,SIM-0002,2026082281532000020,PULSE-EXP-0002-0025-05532,EXP-0002-0025,SNSPD-06,Y,-,32.251905,7.427378,SIGNAL,0x0000,CAL-20260811-001,CLOCK-20260811-001,PASS
EVT-000000002059,SIM-0002,2026082281607000113,PULSE-EXP-0002-0025-05607,EXP-0002-0025,SNSPD-06,Y,-,33.641081,7.699557,SIGNAL,0x0000,CAL-20260811-001,CLOCK-20260811-001,PASS
EVT-000000002060,SIM-0002,2026082281613000099,PULSE-EXP-0002-0025-05613,EXP-0002-0025,SNSPD-06,Y,-,28.083499,8.156243,SIGNAL,0x0000,CAL-20260811-001,CLOCK-20260811-001,PASS
EVT-000000002061,SIM-0002,2026082281676000084,PULSE-EXP-0002-0025-05676,EXP-0002-0025,SNSPD-04,X,-,32.502277,8.315996,SIGNAL,0x0000,CAL-20260811-001,CLOCK-20260811-001,PASS
EVT-000000002062,SIM-0002,2026082281983000187,PULSE-EXP-0002-0025-05983,EXP-0002-0025,SNSPD-01,Z,+,31.343828,7.847145,SIGNAL,0x0000,CAL-20260811-001,CLOCK-20260811-001,PASS
EVT-000000002063,SIM-0002,2026082282011000137,PULSE-EXP-0002-0025-06011,EXP-0002-0025,SNSPD-06,Y,-,36.080023,8.893322,SIGNAL,0x0000,CAL-20260811-001,CLOCK-20260811-001,PASS
EVT-000000002064,SIM-0002,2026082282036000057,PULSE-EXP-0002-0025-06036,EXP-0002-0025,SNSPD-06,Y,-,32.699865,7.524058,SIGNAL,0x0000,CAL-20260811-001,CLOCK-20260811-001,PASS
EVT-000000002065,SIM-0002,2026082282131000057,PULSE-EXP-0002-0025-06131,EXP-0002-0025,SNSPD-01,Z,+,33.130741,7.758603,SIGNAL,0x0000,CAL-20260811-001,CLOCK-20260811-001,PASS
EVT-000000002066,SIM-0002,2026082282251000052,PULSE-EXP-0002-0025-06251,EXP-0002-0025,SNSPD-01,Z,+,34.083145,8.512785,SIGNAL,0x0000,CAL-20260811-001,CLOCK-20260811-001,PASS
EVT-000000002067,SIM-0002,2026082282406000171,PULSE-EXP-0002-0025-06406,EXP-0002-0025,SNSPD-06,Y,-,32.086964,7.820913,SIGNAL,0x0000,CAL-20260811-001,CLOCK-20260811-001,PASS
EVT-000000002068,SIM-0002,2026082282451000092,PULSE-EXP-0002-0025-06451,EXP-0002-0025,SNSPD-03,X,+,29.962368,9.887118,SIGNAL,0x0000,CAL-20260811-001,CLOCK-20260811-001,PASS
EVT-000000002069,SIM-0002,2026082282587000009,PULSE-EXP-0002-0025-06587,EXP-0002-0025,SNSPD-03,X,+,28.350586,8.885772,SIGNAL,0x0000,CAL-20260811-001,CLOCK-20260811-001,PASS
EVT-000000002070,SIM-0002,2026082282602000086,PULSE-EXP-0002-0025-06602,EXP-0002-0025,SNSPD-03,X,+,30.939485,7.166534,SIGNAL,0x0000,CAL-20260811-001,CLOCK-20260811-001,PASS
EVT-000000002071,SIM-0002,2026082282607000144,PULSE-EXP-0002-0025-06607,EXP-0002-0025,SNSPD-05,Y,+,32.404412,7.094838,SIGNAL,0x0000,CAL-20260811-001,CLOCK-20260811-001,PASS
EVT-000000002072,SIM-0002,2026082282610000173,PULSE-EXP-0002-0025-06610,EXP-0002-0025,SNSPD-05,Y,+,30.408377,6.780284,SIGNAL,0x0000,CAL-20260811-001,CLOCK-20260811-001,PASS
EVT-000000002073,SIM-0002,2026082282783000134,PULSE-EXP-0002-0025-06783,EXP-0002-0025,SNSPD-01,Z,+,31.616085,8.388941,SIGNAL,0x0000,CAL-20260811-001,CLOCK-20260811-001,PASS
EVT-000000002074,SIM-0002,2026082282824000011,PULSE-EXP-0002-0025-06824,EXP-0002-0025,SNSPD-06,Y,-,33.297846,8.033800,SIGNAL,0x0000,CAL-20260811-001,CLOCK-20260811-001,PASS
EVT-000000002075,SIM-0002,2026082282836000025,PULSE-EXP-0002-0025-06836,EXP-0002-0025,SNSPD-06,Y,-,33.082769,6.881423,SIGNAL,0x0000,CAL-20260811-001,CLOCK-20260811-001,PASS
EVT-000000002076,SIM-0002,2026082282841000004,PULSE-EXP-0002-0025-06841,EXP-0002-0025,SNSPD-02,Z,-,34.300965,8.663210,SIGNAL,0x0000,CAL-20260811-001,CLOCK-20260811-001,PASS
EVT-000000002077,SIM-0002,2026082282969000022,PULSE-EXP-0002-0025-06969,EXP-0002-0025,SNSPD-03,X,+,31.818165,7.916965,SIGNAL,0x0000,CAL-20260811-001,CLOCK-20260811-001,PASS
EVT-000000002078,SIM-0002,2026082283040000114,PULSE-EXP-0002-0025-07040,EXP-0002-0025,SNSPD-02,Z,-,34.393844,8.029757,SIGNAL,0x0000,CAL-20260811-001,CLOCK-20260811-001,PASS
EVT-000000002079,SIM-0002,2026082283167000031,PULSE-EXP-0002-0025-07167,EXP-0002-0025,SNSPD-05,Y,+,33.153547,9.779653,SIGNAL,0x0000,CAL-20260811-001,CLOCK-20260811-001,PASS
EVT-000000002080,SIM-0002,2026082283363000098,PULSE-EXP-0002-0025-07363,EXP-0002-0025,SNSPD-05,Y,+,32.917820,8.628698,SIGNAL,0x0000,CAL-20260811-001,CLOCK-20260811-001,PASS
EVT-000000002081,SIM-0002,2026082283429000080,PULSE-EXP-0002-0025-07429,EXP-0002-0025,SNSPD-06,Y,-,30.235948,7.392321,SIGNAL,0x0000,CAL-20260811-001,CLOCK-20260811-001,PASS
EVT-000000002082,SIM-0002,2026082283552000130,PULSE-EXP-0002-0025-07552,EXP-0002-0025,SNSPD-01,Z,+,36.230154,8.244200,SIGNAL,0x0000,CAL-20260811-001,CLOCK-20260811-001,PASS
EVT-000000002083,SIM-0002,2026082283619000069,PULSE-EXP-0002-0025-07619,EXP-0002-0025,SNSPD-06,Y,-,30.463790,7.579825,SIGNAL,0x0000,CAL-20260811-001,CLOCK-20260811-001,PASS
EVT-000000002084,SIM-0002,2026082283665000114,PULSE-EXP-0002-0025-07665,EXP-0002-0025,SNSPD-05,Y,+,32.488483,8.210695,SIGNAL,0x0000,CAL-20260811-001,CLOCK-20260811-001,PASS
EVT-000000002085,SIM-0002,2026082283714000178,PULSE-EXP-0002-0025-07714,EXP-0002-0025,SNSPD-06,Y,-,32.406392,7.076489,SIGNAL,0x0000,CAL-20260811-001,CLOCK-20260811-001,PASS
EVT-000000002086,SIM-0002,2026082283811000020,PULSE-EXP-0002-0025-07811,EXP-0002-0025,SNSPD-04,X,-,29.904680,8.316516,SIGNAL,0x0000,CAL-20260811-001,CLOCK-20260811-001,PASS
EVT-000000002087,SIM-0002,2026082283826000016,PULSE-EXP-0002-0025-07826,EXP-0002-0025,SNSPD-05,Y,+,27.812202,8.200328,SIGNAL,0x0000,CAL-20260811-001,CLOCK-20260811-001,PASS
EVT-000000002088,SIM-0002,2026082284015000147,PULSE-EXP-0002-0025-08015,EXP-0002-0025,SNSPD-04,X,-,34.335931,8.302466,SIGNAL,0x0000,CAL-20260811-001,CLOCK-20260811-001,PASS
EVT-000000002089,SIM-0002,2026082284136000163,PULSE-EXP-0002-0025-08136,EXP-0002-0025,SNSPD-05,Y,+,29.080560,7.623673,SIGNAL,0x0000,CAL-20260811-001,CLOCK-20260811-001,PASS
EVT-000000002090,SIM-0002,2026082284159000019,PULSE-EXP-0002-0025-08159,EXP-0002-0025,SNSPD-03,X,+,32.710996,8.024834,SIGNAL,0x0000,CAL-20260811-001,CLOCK-20260811-001,PASS
EVT-000000002091,SIM-0002,2026082284165000140,PULSE-EXP-0002-0025-08165,EXP-0002-0025,SNSPD-03,X,+,33.926355,7.592976,SIGNAL,0x0000,CAL-20260811-001,CLOCK-20260811-001,PASS
EVT-000000002092,SIM-0002,2026082284211000007,PULSE-EXP-0002-0025-08211,EXP-0002-0025,SNSPD-04,X,-,32.864069,8.563039,SIGNAL,0x0000,CAL-20260811-001,CLOCK-20260811-001,PASS
EVT-000000002093,SIM-0002,2026082284214000044,PULSE-EXP-0002-0025-08214,EXP-0002-0025,SNSPD-02,Z,-,29.127095,8.157136,SIGNAL,0x0000,CAL-20260811-001,CLOCK-20260811-001,PASS
EVT-000000002094,SIM-0002,2026082284322000013,PULSE-EXP-0002-0025-08322,EXP-0002-0025,SNSPD-03,X,+,29.566889,7.304238,SIGNAL,0x0000,CAL-20260811-001,CLOCK-20260811-001,PASS
EVT-000000002095,SIM-0002,2026082284376000070,PULSE-EXP-0002-0025-08376,EXP-0002-0025,SNSPD-04,X,-,32.234680,6.380797,SIGNAL,0x0000,CAL-20260811-001,CLOCK-20260811-001,PASS
EVT-000000002096,SIM-0002,2026082284398000112,PULSE-EXP-0002-0025-08398,EXP-0002-0025,SNSPD-03,X,+,31.393351,8.384337,SIGNAL,0x0000,CAL-20260811-001,CLOCK-20260811-001,PASS
EVT-000000002097,SIM-0002,2026082284400000087,PULSE-EXP-0002-0025-08400,EXP-0002-0025,SNSPD-05,Y,+,34.268844,8.090312,SIGNAL,0x0000,CAL-20260811-001,CLOCK-20260811-001,PASS
EVT-000000002098,SIM-0002,2026082284483000170,PULSE-EXP-0002-0025-08483,EXP-0002-0025,SNSPD-01,Z,+,31.722565,7.528467,SIGNAL,0x0000,CAL-20260811-001,CLOCK-20260811-001,PASS
EVT-000000002099,SIM-0002,2026082284582000126,PULSE-EXP-0002-0025-08582,EXP-0002-0025,SNSPD-02,Z,-,32.697018,8.333701,SIGNAL,0x0000,CAL-20260811-001,CLOCK-20260811-001,PASS
EVT-000000002100,SIM-0002,2026082284683000050,PULSE-EXP-0002-0025-08683,EXP-0002-0025,SNSPD-06,Y,-,31.974222,8.910622,SIGNAL,0x0000,CAL-20260811-001,CLOCK-20260811-001,PASS
EVT-000000002101,SIM-0002,2026082284684000028,PULSE-EXP-0002-0025-08684,EXP-0002-0025,SNSPD-06,Y,-,31.757017,7.320070,SIGNAL,0x0000,CAL-20260811-001,CLOCK-20260811-001,PASS
EVT-000000002102,SIM-0002,2026082284764000026,PULSE-EXP-0002-0025-08764,EXP-0002-0025,SNSPD-04,X,-,35.099470,7.617977,SIGNAL,0x0000,CAL-20260811-001,CLOCK-20260811-001,PASS
EVT-000000002103,SIM-0002,2026082284769000082,PULSE-EXP-0002-0025-08769,EXP-0002-0025,SNSPD-02,Z,-,32.173519,8.055813,SIGNAL,0x0000,CAL-20260811-001,CLOCK-20260811-001,PASS
EVT-000000002104,SIM-0002,2026082284849000059,PULSE-EXP-0002-0025-08849,EXP-0002-0025,SNSPD-06,Y,-,35.472913,7.067350,SIGNAL,0x0000,CAL-20260811-001,CLOCK-20260811-001,PASS
EVT-000000002105,SIM-0002,2026082284878000152,PULSE-EXP-0002-0025-08878,EXP-0002-0025,SNSPD-01,Z,+,33.464794,8.089580,SIGNAL,0x0000,CAL-20260811-001,CLOCK-20260811-001,PASS
EVT-000000002106,SIM-0002,2026082284933000168,PULSE-EXP-0002-0025-08933,EXP-0002-0025,SNSPD-03,X,+,31.470993,7.053496,SIGNAL,0x0000,CAL-20260811-001,CLOCK-20260811-001,PASS
EVT-000000002107,SIM-0002,2026082284946000179,PULSE-EXP-0002-0025-08946,EXP-0002-0025,SNSPD-05,Y,+,30.231831,9.219175,SIGNAL,0x0000,CAL-20260811-001,CLOCK-20260811-001,PASS
EVT-000000002108,SIM-0002,2026082285044000007,PULSE-EXP-0002-0025-09044,EXP-0002-0025,SNSPD-01,Z,+,35.115918,7.137694,SIGNAL,0x0000,CAL-20260811-001,CLOCK-20260811-001,PASS
EVT-000000002109,SIM-0002,2026082285062000066,PULSE-EXP-0002-0025-09062,EXP-0002-0025,SNSPD-01,Z,+,36.957171,6.904523,SIGNAL,0x0000,CAL-20260811-001,CLOCK-20260811-001,PASS
EVT-000000002110,SIM-0002,2026082285108000025,PULSE-EXP-0002-0025-09108,EXP-0002-0025,SNSPD-04,X,-,33.288898,7.569432,SIGNAL,0x0000,CAL-20260811-001,CLOCK-20260811-001,PASS
EVT-000000002111,SIM-0002,2026082285178000035,PULSE-EXP-0002-0025-09178,EXP-0002-0025,SNSPD-01,Z,+,33.186086,7.630524,SIGNAL,0x0000,CAL-20260811-001,CLOCK-20260811-001,PASS
EVT-000000002112,SIM-0002,2026082285221000054,PULSE-EXP-0002-0025-09221,EXP-0002-0025,SNSPD-02,Z,-,32.352287,8.202945,SIGNAL,0x0000,CAL-20260811-001,CLOCK-20260811-001,PASS
EVT-000000002113,SIM-0002,2026082285248000155,PULSE-EXP-0002-0025-09248,EXP-0002-0025,SNSPD-03,X,+,33.581169,7.064937,SIGNAL,0x0000,CAL-20260811-001,CLOCK-20260811-001,PASS
EVT-000000002114,SIM-0002,2026082285272000046,PULSE-EXP-0002-0025-09272,EXP-0002-0025,SNSPD-02,Z,-,29.637977,8.677188,SIGNAL,0x0000,CAL-20260811-001,CLOCK-20260811-001,PASS
EVT-000000002115,SIM-0002,2026082285311000114,PULSE-EXP-0002-0025-09311,EXP-0002-0025,SNSPD-04,X,-,29.749572,7.818224,SIGNAL,0x0000,CAL-20260811-001,CLOCK-20260811-001,PASS
EVT-000000002116,SIM-0002,2026082285320000031,PULSE-EXP-0002-0025-09320,EXP-0002-0025,SNSPD-03,X,+,29.666001,7.968044,SIGNAL,0x0000,CAL-20260811-001,CLOCK-20260811-001,PASS
EVT-000000002117,SIM-0002,2026082285502000050,PULSE-EXP-0002-0025-09502,EXP-0002-0025,SNSPD-04,X,-,35.983897,8.043454,SIGNAL,0x0000,CAL-20260811-001,CLOCK-20260811-001,PASS
EVT-000000002118,SIM-0002,2026082285517000063,PULSE-EXP-0002-0025-09517,EXP-0002-0025,SNSPD-06,Y,-,31.180465,8.057073,SIGNAL,0x0000,CAL-20260811-001,CLOCK-20260811-001,PASS
EVT-000000002119,SIM-0002,2026082285536000037,PULSE-EXP-0002-0025-09536,EXP-0002-0025,SNSPD-02,Z,-,32.305318,7.879096,SIGNAL,0x0000,CAL-20260811-001,CLOCK-20260811-001,PASS
EVT-000000002120,SIM-0002,2026082285629000040,PULSE-EXP-0002-0025-09629,EXP-0002-0025,SNSPD-01,Z,+,29.210774,8.745845,SIGNAL,0x0000,CAL-20260811-001,CLOCK-20260811-001,PASS
EVT-000000002121,SIM-0002,2026082285675000119,PULSE-EXP-0002-0025-09675,EXP-0002-0025,SNSPD-06,Y,-,29.500580,8.914826,SIGNAL,0x0000,CAL-20260811-001,CLOCK-20260811-001,PASS
EVT-000000002122,SIM-0002,2026082285685000005,PULSE-EXP-0002-0025-09685,EXP-0002-0025,SNSPD-03,X,+,30.159990,8.265450,SIGNAL,0x0000,CAL-20260811-001,CLOCK-20260811-001,PASS
EVT-000000002123,SIM-0002,2026082285687000044,PULSE-EXP-0002-0025-09687,EXP-0002-0025,SNSPD-06,Y,-,34.707038,8.457426,SIGNAL,0x0000,CAL-20260811-001,CLOCK-20260811-001,PASS
EVT-000000002124,SIM-0002,2026082285688000096,PULSE-EXP-0002-0025-09688,EXP-0002-0025,SNSPD-06,Y,-,30.829173,7.930184,SIGNAL,0x0000,CAL-20260811-001,CLOCK-20260811-001,PASS
EVT-000000002125,SIM-0002,2026082285698000143,PULSE-EXP-0002-0025-09698,EXP-0002-0025,SNSPD-01,Z,+,31.585085,8.451647,SIGNAL,0x0000,CAL-20260811-001,CLOCK-20260811-001,PASS
EVT-000000002126,SIM-0002,2026082285730000125,PULSE-EXP-0002-0025-09730,EXP-0002-0025,SNSPD-03,X,+,30.588496,8.245076,SIGNAL,0x0000,CAL-20260811-001,CLOCK-20260811-001,PASS
EVT-000000002127,SIM-0002,2026082285784000165,PULSE-EXP-0002-0025-09784,EXP-0002-0025,SNSPD-06,Y,-,30.806862,9.611200,SIGNAL,0x0000,CAL-20260811-001,CLOCK-20260811-001,PASS
EVT-000000002128,SIM-0002,2026082291162000135,PULSE-EXP-0002-0003-04162,EXP-0002-0003,SNSPD-02,Z,-,35.008342,7.467089,SIGNAL,0x0000,CAL-20260811-001,CLOCK-20260811-001,PASS
EVT-000000002129,SIM-0002,2026082292571000140,PULSE-EXP-0002-0003-05571,EXP-0002-0003,SNSPD-03,X,+,27.872040,7.885806,SIGNAL,0x0000,CAL-20260811-001,CLOCK-20260811-001,PASS
EVT-000000002130,SIM-0002,2026082293796000129,PULSE-EXP-0002-0003-06796,EXP-0002-0003,SNSPD-06,Y,-,30.721839,8.674052,SIGNAL,0x0000,CAL-20260811-001,CLOCK-20260811-001,PASS
EVT-000000002131,SIM-0002,2026082294653000105,PULSE-EXP-0002-0003-07653,EXP-0002-0003,SNSPD-02,Z,-,30.871171,5.656339,SIGNAL,0x0000,CAL-20260811-001,CLOCK-20260811-001,PASS
EVT-000000002132,SIM-0002,2026082295864000192,PULSE-EXP-0002-0003-08864,EXP-0002-0003,SNSPD-06,Y,-,33.405297,7.858742,SIGNAL,0x0000,CAL-20260811-001,CLOCK-20260811-001,PASS
EVT-000000002133,SIM-0002,2026082296494000056,PULSE-EXP-0002-0003-09494,EXP-0002-0003,SNSPD-03,X,+,33.860119,8.205407,SIGNAL,0x0000,CAL-20260811-001,CLOCK-20260811-001,PASS
EVT-000000002134,SIM-0002,2026082296609000143,PULSE-EXP-0002-0003-09609,EXP-0002-0003,SNSPD-01,Z,+,26.939400,6.519035,SIGNAL,0x0000,CAL-20260811-001,CLOCK-20260811-001,PASS
EVT-000000002135,SIM-0002,2026082298519000009,PULSE-EXP-0002-0014-00519,EXP-0002-0014,SNSPD-02,Z,-,32.218537,7.379504,SIGNAL,0x0000,CAL-20260811-001,CLOCK-20260811-001,PASS
EVT-000000002136,SIM-0002,2026082299159000134,PULSE-EXP-0002-0014-01159,EXP-0002-0014,SNSPD-05,Y,+,33.808911,7.794068,SIGNAL,0x0000,CAL-20260811-001,CLOCK-20260811-001,PASS
EVT-000000002137,SIM-0002,2026082299365000156,PULSE-EXP-0002-0014-01365,EXP-0002-0014,SNSPD-03,X,+,33.045425,8.092826,SIGNAL,0x0000,CAL-20260811-001,CLOCK-20260811-001,PASS
EVT-000000002138,SIM-0002,2026082299851000066,PULSE-EXP-0002-0014-01851,EXP-0002-0014,SNSPD-04,X,-,33.466917,7.232618,SIGNAL,0x0000,CAL-20260811-001,CLOCK-20260811-001,PASS
EVT-000000002139,SIM-0002,2026082299993000084,PULSE-EXP-0002-0014-01993,EXP-0002-0014,SNSPD-06,Y,-,33.563481,8.684342,SIGNAL,0x0000,CAL-20260811-001,CLOCK-20260811-001,PASS
EVT-000000002140,SIM-0002,2026082300529000110,PULSE-EXP-0002-0014-02529,EXP-0002-0014,SNSPD-06,Y,-,30.685673,7.223398,SIGNAL,0x0000,CAL-20260811-001,CLOCK-20260811-001,PASS
EVT-000000002141,SIM-0002,2026082300959000181,PULSE-EXP-0002-0014-02959,EXP-0002-0014,SNSPD-03,X,+,33.174355,7.943757,SIGNAL,0x0000,CAL-20260811-001,CLOCK-20260811-001,PASS
EVT-000000002142,SIM-0002,2026082301961000060,PULSE-EXP-0002-0014-03961,EXP-0002-0014,SNSPD-05,Y,+,32.627878,8.871998,SIGNAL,0x0000,CAL-20260811-001,CLOCK-20260811-001,PASS
EVT-000000002143,SIM-0002,2026082302027000112,PULSE-EXP-0002-0014-04027,EXP-0002-0014,SNSPD-04,X,-,35.003786,8.174824,SIGNAL,0x0000,CAL-20260811-001,CLOCK-20260811-001,PASS
EVT-000000002144,SIM-0002,2026082302217000098,PULSE-EXP-0002-0014-04217,EXP-0002-0014,SNSPD-01,Z,+,33.851290,7.408806,SIGNAL,0x0000,CAL-20260811-001,CLOCK-20260811-001,PASS
EVT-000000002145,SIM-0002,2026082302718000109,PULSE-EXP-0002-0014-04718,EXP-0002-0014,SNSPD-04,X,-,35.509820,7.969839,SIGNAL,0x0000,CAL-20260811-001,CLOCK-20260811-001,PASS
EVT-000000002146,SIM-0002,2026082303073000186,PULSE-EXP-0002-0014-05073,EXP-0002-0014,SNSPD-02,Z,-,30.325061,8.278190,SIGNAL,0x0000,CAL-20260811-001,CLOCK-20260811-001,PASS
EVT-000000002147,SIM-0002,2026082303084000170,PULSE-EXP-0002-0014-05084,EXP-0002-0014,SNSPD-05,Y,+,30.281717,7.243685,SIGNAL,0x0000,CAL-20260811-001,CLOCK-20260811-001,PASS
EVT-000000002148,SIM-0002,2026082303865000089,PULSE-EXP-0002-0014-05865,EXP-0002-0014,SNSPD-01,Z,+,31.881176,6.483750,SIGNAL,0x0000,CAL-20260811-001,CLOCK-20260811-001,PASS
EVT-000000002149,SIM-0002,2026082304597000154,PULSE-EXP-0002-0014-06597,EXP-0002-0014,SNSPD-02,Z,-,31.206658,7.519291,SIGNAL,0x0000,CAL-20260811-001,CLOCK-20260811-001,PASS
EVT-000000002150,SIM-0002,2026082305735000143,PULSE-EXP-0002-0014-07735,EXP-0002-0014,SNSPD-03,X,+,32.383112,7.342872,SIGNAL,0x0000,CAL-20260811-001,CLOCK-20260811-001,PASS
EVT-000000002151,SIM-0002,2026082307859000007,PULSE-EXP-0002-0014-09859,EXP-0002-0014,SNSPD-01,Z,+,32.543648,6.833770,SIGNAL,0x0000,CAL-20260811-001,CLOCK-20260811-001,PASS
EVT-000000002152,SIM-0002,2026082309010000043,PULSE-EXP-0002-0024-00010,EXP-0002-0024,SNSPD-05,Y,+,35.191332,7.412947,SIGNAL,0x0000,CAL-20260811-001,CLOCK-20260811-001,PASS
EVT-000000002153,SIM-0002,2026082309011000186,PULSE-EXP-0002-0024-00011,EXP-0002-0024,SNSPD-02,Z,-,29.927478,7.660060,SIGNAL,0x0000,CAL-20260811-001,CLOCK-20260811-001,PASS
EVT-000000002154,SIM-0002,2026082309309000014,PULSE-EXP-0002-0024-00309,EXP-0002-0024,SNSPD-01,Z,+,34.129430,8.564734,SIGNAL,0x0000,CAL-20260811-001,CLOCK-20260811-001,PASS
EVT-000000002155,SIM-0002,2026082309373000020,PULSE-EXP-0002-0024-00373,EXP-0002-0024,SNSPD-06,Y,-,32.972610,7.296129,SIGNAL,0x0000,CAL-20260811-001,CLOCK-20260811-001,PASS
EVT-000000002156,SIM-0002,2026082309491000013,PULSE-EXP-0002-0024-00491,EXP-0002-0024,SNSPD-03,X,+,33.135378,8.644828,SIGNAL,0x0000,CAL-20260811-001,CLOCK-20260811-001,PASS
EVT-000000002157,SIM-0002,2026082309522000083,PULSE-EXP-0002-0024-00522,EXP-0002-0024,SNSPD-01,Z,+,31.269527,8.301696,SIGNAL,0x0000,CAL-20260811-001,CLOCK-20260811-001,PASS
EVT-000000002158,SIM-0002,2026082309592000085,PULSE-EXP-0002-0024-00592,EXP-0002-0024,SNSPD-05,Y,+,28.725856,7.496995,SIGNAL,0x0000,CAL-20260811-001,CLOCK-20260811-001,PASS
EVT-000000002159,SIM-0002,2026082309617000040,PULSE-EXP-0002-0024-00617,EXP-0002-0024,SNSPD-04,X,-,32.806816,9.616181,SIGNAL,0x0000,CAL-20260811-001,CLOCK-20260811-001,PASS
EVT-000000002160,SIM-0002,2026082309618000024,PULSE-EXP-0002-0024-00618,EXP-0002-0024,SNSPD-01,Z,+,31.555579,8.461570,SIGNAL,0x0000,CAL-20260811-001,CLOCK-20260811-001,PASS
EVT-000000002161,SIM-0002,2026082309621000187,PULSE-EXP-0002-0024-00621,EXP-0002-0024,SNSPD-04,X,-,33.344113,7.802273,SIGNAL,0x0000,CAL-20260811-001,CLOCK-20260811-001,PASS
EVT-000000002162,SIM-0002,2026082309628000056,PULSE-EXP-0002-0024-00628,EXP-0002-0024,SNSPD-05,Y,+,30.177452,8.047194,SIGNAL,0x0000,CAL-20260811-001,CLOCK-20260811-001,PASS
EVT-000000002163,SIM-0002,2026082309703000153,PULSE-EXP-0002-0024-00703,EXP-0002-0024,SNSPD-04,X,-,32.534712,8.129847,SIGNAL,0x0000,CAL-20260811-001,CLOCK-20260811-001,PASS
EVT-000000002164,SIM-0002,2026082309812000073,PULSE-EXP-0002-0024-00812,EXP-0002-0024,SNSPD-03,X,+,32.343069,7.507613,SIGNAL,0x0000,CAL-20260811-001,CLOCK-20260811-001,PASS
EVT-000000002165,SIM-0002,2026082309821000058,PULSE-EXP-0002-0024-00821,EXP-0002-0024,SNSPD-01,Z,+,29.829495,8.314240,SIGNAL,0x0000,CAL-20260811-001,CLOCK-20260811-001,PASS
EVT-000000002166,SIM-0002,2026082309897000031,PULSE-EXP-0002-0024-00897,EXP-0002-0024,SNSPD-06,Y,-,31.461726,7.624697,SIGNAL,0x0000,CAL-20260811-001,CLOCK-20260811-001,PASS
EVT-000000002167,SIM-0002,2026082309899000059,PULSE-EXP-0002-0024-00899,EXP-0002-0024,SNSPD-02,Z,-,32.039165,7.725113,SIGNAL,0x0000,CAL-20260811-001,CLOCK-20260811-001,PASS
EVT-000000002168,SIM-0002,2026082309912000039,PULSE-EXP-0002-0024-00912,EXP-0002-0024,SNSPD-06,Y,-,31.323599,7.787962,SIGNAL,0x0000,CAL-20260811-001,CLOCK-20260811-001,PASS
EVT-000000002169,SIM-0002,2026082310104000084,PULSE-EXP-0002-0024-01104,EXP-0002-0024,SNSPD-01,Z,+,32.977561,7.235073,SIGNAL,0x0000,CAL-20260811-001,CLOCK-20260811-001,PASS
EVT-000000002170,SIM-0002,2026082310105000182,PULSE-EXP-0002-0024-01105,EXP-0002-0024,SNSPD-03,X,+,33.885423,7.458934,SIGNAL,0x0000,CAL-20260811-001,CLOCK-20260811-001,PASS
EVT-000000002171,SIM-0002,2026082310224000141,PULSE-EXP-0002-0024-01224,EXP-0002-0024,SNSPD-05,Y,+,33.085231,8.479672,SIGNAL,0x0000,CAL-20260811-001,CLOCK-20260811-001,PASS
EVT-000000002172,SIM-0002,2026082310225000174,PULSE-EXP-0002-0024-01225,EXP-0002-0024,SNSPD-05,Y,+,31.510276,7.819362,SIGNAL,0x0000,CAL-20260811-001,CLOCK-20260811-001,PASS
EVT-000000002173,SIM-0002,2026082310279000164,PULSE-EXP-0002-0024-01279,EXP-0002-0024,SNSPD-04,X,-,31.944178,8.100203,SIGNAL,0x0000,CAL-20260811-001,CLOCK-20260811-001,PASS
EVT-000000002174,SIM-0002,2026082310338000112,PULSE-EXP-0002-0024-01338,EXP-0002-0024,SNSPD-05,Y,+,32.647386,7.030175,SIGNAL,0x0000,CAL-20260811-001,CLOCK-20260811-001,PASS
EVT-000000002175,SIM-0002,2026082310363000018,PULSE-EXP-0002-0024-01363,EXP-0002-0024,SNSPD-03,X,+,33.553927,8.044234,SIGNAL,0x0000,CAL-20260811-001,CLOCK-20260811-001,PASS
EVT-000000002176,SIM-0002,2026082310437000030,PULSE-EXP-0002-0024-01437,EXP-0002-0024,SNSPD-03,X,+,30.869934,7.358007,SIGNAL,0x0000,CAL-20260811-001,CLOCK-20260811-001,PASS
EVT-000000002177,SIM-0002,2026082310522000038,PULSE-EXP-0002-0024-01522,EXP-0002-0024,SNSPD-06,Y,-,31.817315,7.792911,SIGNAL,0x0000,CAL-20260811-001,CLOCK-20260811-001,PASS
EVT-000000002178,SIM-0002,2026082310652000024,PULSE-EXP-0002-0024-01652,EXP-0002-0024,SNSPD-01,Z,+,33.457985,7.705469,SIGNAL,0x0000,CAL-20260811-001,CLOCK-20260811-001,PASS
EVT-000000002179,SIM-0002,2026082310656000052,PULSE-EXP-0002-0024-01656,EXP-0002-0024,SNSPD-05,Y,+,29.299024,7.280206,SIGNAL,0x0000,CAL-20260811-001,CLOCK-20260811-001,PASS
EVT-000000002180,SIM-0002,2026082310717000007,PULSE-EXP-0002-0024-01717,EXP-0002-0024,SNSPD-03,X,+,32.502152,7.165713,SIGNAL,0x0000,CAL-20260811-001,CLOCK-20260811-001,PASS
EVT-000000002181,SIM-0002,2026082310742000122,PULSE-EXP-0002-0024-01742,EXP-0002-0024,SNSPD-04,X,-,31.099310,8.092790,SIGNAL,0x0000,CAL-20260811-001,CLOCK-20260811-001,PASS
EVT-000000002182,SIM-0002,2026082310766000166,PULSE-EXP-0002-0024-01766,EXP-0002-0024,SNSPD-02,Z,-,31.800513,7.574112,SIGNAL,0x0000,CAL-20260811-001,CLOCK-20260811-001,PASS
EVT-000000002183,SIM-0002,2026082310889000032,PULSE-EXP-0002-0024-01889,EXP-0002-0024,SNSPD-04,X,-,31.659416,8.033621,SIGNAL,0x0000,CAL-20260811-001,CLOCK-20260811-001,PASS
EVT-000000002184,SIM-0002,2026082310957000113,PULSE-EXP-0002-0024-01957,EXP-0002-0024,SNSPD-05,Y,+,33.559190,8.207187,SIGNAL,0x0000,CAL-20260811-001,CLOCK-20260811-001,PASS
EVT-000000002185,SIM-0002,2026082311292000129,PULSE-EXP-0002-0024-02292,EXP-0002-0024,SNSPD-06,Y,-,32.653783,7.685696,SIGNAL,0x0000,CAL-20260811-001,CLOCK-20260811-001,PASS
EVT-000000002186,SIM-0002,2026082311390000093,PULSE-EXP-0002-0024-02390,EXP-0002-0024,SNSPD-05,Y,+,31.221926,7.770494,SIGNAL,0x0000,CAL-20260811-001,CLOCK-20260811-001,PASS
EVT-000000002187,SIM-0002,2026082311491000177,PULSE-EXP-0002-0024-02491,EXP-0002-0024,SNSPD-04,X,-,33.304882,8.344483,SIGNAL,0x0000,CAL-20260811-001,CLOCK-20260811-001,PASS
EVT-000000002188,SIM-0002,2026082311513000111,PULSE-EXP-0002-0024-02513,EXP-0002-0024,SNSPD-03,X,+,31.165060,7.479743,SIGNAL,0x0000,CAL-20260811-001,CLOCK-20260811-001,PASS
EVT-000000002189,SIM-0002,2026082311580000149,PULSE-EXP-0002-0024-02580,EXP-0002-0024,SNSPD-03,X,+,32.436346,7.239433,SIGNAL,0x0000,CAL-20260811-001,CLOCK-20260811-001,PASS
EVT-000000002190,SIM-0002,2026082311589000171,PULSE-EXP-0002-0024-02589,EXP-0002-0024,SNSPD-03,X,+,31.562374,8.554869,SIGNAL,0x0000,CAL-20260811-001,CLOCK-20260811-001,PASS
EVT-000000002191,SIM-0002,2026082311658000159,PULSE-EXP-0002-0024-02658,EXP-0002-0024,SNSPD-05,Y,+,34.611108,8.358053,SIGNAL,0x0000,CAL-20260811-001,CLOCK-20260811-001,PASS
EVT-000000002192,SIM-0002,2026082311708000091,PULSE-EXP-0002-0024-02708,EXP-0002-0024,SNSPD-04,X,-,31.390451,8.414628,SIGNAL,0x0000,CAL-20260811-001,CLOCK-20260811-001,PASS
EVT-000000002193,SIM-0002,2026082311732000168,PULSE-EXP-0002-0024-02732,EXP-0002-0024,SNSPD-06,Y,-,35.375001,8.450073,SIGNAL,0x0000,CAL-20260811-001,CLOCK-20260811-001,PASS
EVT-000000002194,SIM-0002,2026082311749000005,PULSE-EXP-0002-0024-02749,EXP-0002-0024,SNSPD-01,Z,+,28.202690,7.472076,SIGNAL,0x0000,CAL-20260811-001,CLOCK-20260811-001,PASS
EVT-000000002195,SIM-0002,2026082311772000158,PULSE-EXP-0002-0024-02772,EXP-0002-0024,SNSPD-05,Y,+,29.484581,8.151647,SIGNAL,0x0000,CAL-20260811-001,CLOCK-20260811-001,PASS
EVT-000000002196,SIM-0002,2026082311786000176,PULSE-EXP-0002-0024-02786,EXP-0002-0024,SNSPD-06,Y,-,32.311395,7.777618,SIGNAL,0x0000,CAL-20260811-001,CLOCK-20260811-001,PASS
EVT-000000002197,SIM-0002,2026082311822000033,PULSE-EXP-0002-0024-02822,EXP-0002-0024,SNSPD-01,Z,+,28.717674,9.153366,SIGNAL,0x0000,CAL-20260811-001,CLOCK-20260811-001,PASS
EVT-000000002198,SIM-0002,2026082311981000159,PULSE-EXP-0002-0024-02981,EXP-0002-0024,SNSPD-01,Z,+,34.550432,7.064295,SIGNAL,0x0000,CAL-20260811-001,CLOCK-20260811-001,PASS
EVT-000000002199,SIM-0002,2026082312080000081,PULSE-EXP-0002-0024-03080,EXP-0002-0024,SNSPD-05,Y,+,33.520941,8.753722,SIGNAL,0x0000,CAL-20260811-001,CLOCK-20260811-001,PASS
EVT-000000002200,SIM-0002,2026082312207000190,PULSE-EXP-0002-0024-03207,EXP-0002-0024,SNSPD-03,X,+,29.589227,7.974677,SIGNAL,0x0000,CAL-20260811-001,CLOCK-20260811-001,PASS
EVT-000000002201,SIM-0002,2026082312307000001,PULSE-EXP-0002-0024-03307,EXP-0002-0024,SNSPD-01,Z,+,34.408079,8.531674,SIGNAL,0x0000,CAL-20260811-001,CLOCK-20260811-001,PASS
EVT-000000002202,SIM-0002,2026082312323000160,PULSE-EXP-0002-0024-03323,EXP-0002-0024,SNSPD-06,Y,-,36.066517,7.719281,SIGNAL,0x0000,CAL-20260811-001,CLOCK-20260811-001,PASS
EVT-000000002203,SIM-0002,2026082312454000158,PULSE-EXP-0002-0024-03454,EXP-0002-0024,SNSPD-06,Y,-,32.336257,9.029361,SIGNAL,0x0000,CAL-20260811-001,CLOCK-20260811-001,PASS
EVT-000000002204,SIM-0002,2026082312699000133,PULSE-EXP-0002-0024-03699,EXP-0002-0024,SNSPD-04,X,-,34.127376,9.194535,SIGNAL,0x0000,CAL-20260811-001,CLOCK-20260811-001,PASS
EVT-000000002205,SIM-0002,2026082312778000075,PULSE-EXP-0002-0024-03778,EXP-0002-0024,SNSPD-05,Y,+,34.648284,7.438491,SIGNAL,0x0000,CAL-20260811-001,CLOCK-20260811-001,PASS
EVT-000000002206,SIM-0002,2026082312816000024,PULSE-EXP-0002-0024-03816,EXP-0002-0024,SNSPD-01,Z,+,33.936575,7.794897,SIGNAL,0x0000,CAL-20260811-001,CLOCK-20260811-001,PASS
EVT-000000002207,SIM-0002,2026082312875000026,PULSE-EXP-0002-0024-03875,EXP-0002-0024,SNSPD-06,Y,-,32.179022,7.925703,SIGNAL,0x0000,CAL-20260811-001,CLOCK-20260811-001,PASS
EVT-000000002208,SIM-0002,2026082312877000158,PULSE-EXP-0002-0024-03877,EXP-0002-0024,SNSPD-06,Y,-,33.400317,8.500950,SIGNAL,0x0000,CAL-20260811-001,CLOCK-20260811-001,PASS
EVT-000000002209,SIM-0002,2026082313197000024,PULSE-EXP-0002-0024-04197,EXP-0002-0024,SNSPD-01,Z,+,34.000221,7.481826,SIGNAL,0x0000,CAL-20260811-001,CLOCK-20260811-001,PASS
EVT-000000002210,SIM-0002,2026082313203000038,PULSE-EXP-0002-0024-04203,EXP-0002-0024,SNSPD-02,Z,-,31.815557,8.545473,SIGNAL,0x0000,CAL-20260811-001,CLOCK-20260811-001,PASS
EVT-000000002211,SIM-0002,2026082313254000166,PULSE-EXP-0002-0024-04254,EXP-0002-0024,SNSPD-02,Z,-,36.805812,8.084230,SIGNAL,0x0000,CAL-20260811-001,CLOCK-20260811-001,PASS
EVT-000000002212,SIM-0002,2026082313550000019,PULSE-EXP-0002-0024-04550,EXP-0002-0024,SNSPD-01,Z,+,31.832256,8.231557,SIGNAL,0x0000,CAL-20260811-001,CLOCK-20260811-001,PASS
EVT-000000002213,SIM-0002,2026082313825000011,PULSE-EXP-0002-0024-04825,EXP-0002-0024,SNSPD-06,Y,-,27.263290,8.277109,SIGNAL,0x0000,CAL-20260811-001,CLOCK-20260811-001,PASS
EVT-000000002214,SIM-0002,2026082313854000085,PULSE-EXP-0002-0024-04854,EXP-0002-0024,SNSPD-05,Y,+,34.367174,8.219137,SIGNAL,0x0000,CAL-20260811-001,CLOCK-20260811-001,PASS
EVT-000000002215,SIM-0002,2026082313910000149,PULSE-EXP-0002-0024-04910,EXP-0002-0024,SNSPD-03,X,+,33.288923,7.393104,SIGNAL,0x0000,CAL-20260811-001,CLOCK-20260811-001,PASS
EVT-000000002216,SIM-0002,2026082314021000144,PULSE-EXP-0002-0024-05021,EXP-0002-0024,SNSPD-04,X,-,31.905566,7.940815,SIGNAL,0x0000,CAL-20260811-001,CLOCK-20260811-001,PASS
EVT-000000002217,SIM-0002,2026082314054000073,PULSE-EXP-0002-0024-05054,EXP-0002-0024,SNSPD-01,Z,+,32.514808,8.717890,SIGNAL,0x0000,CAL-20260811-001,CLOCK-20260811-001,PASS
EVT-000000002218,SIM-0002,2026082314262000185,PULSE-EXP-0002-0024-05262,EXP-0002-0024,SNSPD-05,Y,+,31.858421,8.791096,SIGNAL,0x0000,CAL-20260811-001,CLOCK-20260811-001,PASS
EVT-000000002219,SIM-0002,2026082314296000069,PULSE-EXP-0002-0024-05296,EXP-0002-0024,SNSPD-01,Z,+,31.038166,7.178098,SIGNAL,0x0000,CAL-20260811-001,CLOCK-20260811-001,PASS
EVT-000000002220,SIM-0002,2026082314300000021,PULSE-EXP-0002-0024-05300,EXP-0002-0024,SNSPD-01,Z,+,33.344363,9.226397,SIGNAL,0x0000,CAL-20260811-001,CLOCK-20260811-001,PASS
EVT-000000002221,SIM-0002,2026082314363000113,PULSE-EXP-0002-0024-05363,EXP-0002-0024,SNSPD-02,Z,-,34.648448,8.186581,SIGNAL,0x0000,CAL-20260811-001,CLOCK-20260811-001,PASS
EVT-000000002222,SIM-0002,2026082314367000032,PULSE-EXP-0002-0024-05367,EXP-0002-0024,SNSPD-04,X,-,29.370597,8.608261,SIGNAL,0x0000,CAL-20260811-001,CLOCK-20260811-001,PASS
EVT-000000002223,SIM-0002,2026082314411000172,PULSE-EXP-0002-0024-05411,EXP-0002-0024,SNSPD-01,Z,+,30.067231,7.655261,SIGNAL,0x0000,CAL-20260811-001,CLOCK-20260811-001,PASS
EVT-000000002224,SIM-0002,2026082314472000000,PULSE-EXP-0002-0024-05472,EXP-0002-0024,SNSPD-01,Z,+,31.121769,6.470879,SIGNAL,0x0000,CAL-20260811-001,CLOCK-20260811-001,PASS
EVT-000000002225,SIM-0002,2026082314573000097,PULSE-EXP-0002-0024-05573,EXP-0002-0024,SNSPD-03,X,+,33.396885,8.193377,SIGNAL,0x0000,CAL-20260811-001,CLOCK-20260811-001,PASS
EVT-000000002226,SIM-0002,2026082314574000177,PULSE-EXP-0002-0024-05574,EXP-0002-0024,SNSPD-03,X,+,31.229995,7.837239,SIGNAL,0x0000,CAL-20260811-001,CLOCK-20260811-001,PASS
EVT-000000002227,SIM-0002,2026082314602000011,PULSE-EXP-0002-0024-05602,EXP-0002-0024,SNSPD-03,X,+,30.761364,7.876580,SIGNAL,0x0000,CAL-20260811-001,CLOCK-20260811-001,PASS
EVT-000000002228,SIM-0002,2026082314745000002,PULSE-EXP-0002-0024-05745,EXP-0002-0024,SNSPD-04,X,-,30.400949,8.500450,SIGNAL,0x0000,CAL-20260811-001,CLOCK-20260811-001,PASS
EVT-000000002229,SIM-0002,2026082314801000135,PULSE-EXP-0002-0024-05801,EXP-0002-0024,SNSPD-02,Z,-,31.293454,7.529667,SIGNAL,0x0000,CAL-20260811-001,CLOCK-20260811-001,PASS
EVT-000000002230,SIM-0002,2026082314802000149,PULSE-EXP-0002-0024-05802,EXP-0002-0024,SNSPD-06,Y,-,32.563790,8.105764,SIGNAL,0x0000,CAL-20260811-001,CLOCK-20260811-001,PASS
EVT-000000002231,SIM-0002,2026082314831000143,PULSE-EXP-0002-0024-05831,EXP-0002-0024,SNSPD-05,Y,+,32.795399,8.314851,SIGNAL,0x0000,CAL-20260811-001,CLOCK-20260811-001,PASS
EVT-000000002232,SIM-0002,2026082314842000062,PULSE-EXP-0002-0024-05842,EXP-0002-0024,SNSPD-05,Y,+,29.986859,7.134555,SIGNAL,0x0000,CAL-20260811-001,CLOCK-20260811-001,PASS
EVT-000000002233,SIM-0002,2026082314885000055,PULSE-EXP-0002-0024-05885,EXP-0002-0024,SNSPD-06,Y,-,32.081412,7.069475,SIGNAL,0x0000,CAL-20260811-001,CLOCK-20260811-001,PASS
EVT-000000002234,SIM-0002,2026082314948000050,PULSE-EXP-0002-0024-05948,EXP-0002-0024,SNSPD-01,Z,+,34.170599,7.896446,SIGNAL,0x0000,CAL-20260811-001,CLOCK-20260811-001,PASS
EVT-000000002235,SIM-0002,2026082314978000002,PULSE-EXP-0002-0024-05978,EXP-0002-0024,SNSPD-03,X,+,32.757403,7.986559,SIGNAL,0x0000,CAL-20260811-001,CLOCK-20260811-001,PASS
EVT-000000002236,SIM-0002,2026082315084000156,PULSE-EXP-0002-0024-06084,EXP-0002-0024,SNSPD-02,Z,-,33.251546,7.845364,SIGNAL,0x0000,CAL-20260811-001,CLOCK-20260811-001,PASS
EVT-000000002237,SIM-0002,2026082315236000130,PULSE-EXP-0002-0024-06236,EXP-0002-0024,SNSPD-06,Y,-,29.586052,8.664301,SIGNAL,0x0000,CAL-20260811-001,CLOCK-20260811-001,PASS
EVT-000000002238,SIM-0002,2026082315256000145,PULSE-EXP-0002-0024-06256,EXP-0002-0024,SNSPD-05,Y,+,34.728302,8.783613,SIGNAL,0x0000,CAL-20260811-001,CLOCK-20260811-001,PASS
EVT-000000002239,SIM-0002,2026082315453000155,PULSE-EXP-0002-0024-06453,EXP-0002-0024,SNSPD-02,Z,-,32.619043,8.740140,SIGNAL,0x0000,CAL-20260811-001,CLOCK-20260811-001,PASS
EVT-000000002240,SIM-0002,2026082315454000089,PULSE-EXP-0002-0024-06454,EXP-0002-0024,SNSPD-04,X,-,34.310151,8.595609,SIGNAL,0x0000,CAL-20260811-001,CLOCK-20260811-001,PASS
EVT-000000002241,SIM-0002,2026082315456000056,PULSE-EXP-0002-0024-06456,EXP-0002-0024,SNSPD-05,Y,+,34.153063,8.157242,SIGNAL,0x0000,CAL-20260811-001,CLOCK-20260811-001,PASS
EVT-000000002242,SIM-0002,2026082315485000162,PULSE-EXP-0002-0024-06485,EXP-0002-0024,SNSPD-03,X,+,33.164356,7.503670,SIGNAL,0x0000,CAL-20260811-001,CLOCK-20260811-001,PASS
EVT-000000002243,SIM-0002,2026082315498000194,PULSE-EXP-0002-0024-06498,EXP-0002-0024,SNSPD-02,Z,-,32.448089,7.430387,SIGNAL,0x0000,CAL-20260811-001,CLOCK-20260811-001,PASS
EVT-000000002244,SIM-0002,2026082315575000038,PULSE-EXP-0002-0024-06575,EXP-0002-0024,SNSPD-04,X,-,33.765596,7.749054,SIGNAL,0x0000,CAL-20260811-001,CLOCK-20260811-001,PASS
EVT-000000002245,SIM-0002,2026082315680000105,PULSE-EXP-0002-0024-06680,EXP-0002-0024,SNSPD-05,Y,+,29.465352,7.182217,SIGNAL,0x0000,CAL-20260811-001,CLOCK-20260811-001,PASS
EVT-000000002246,SIM-0002,2026082315888000049,PULSE-EXP-0002-0024-06888,EXP-0002-0024,SNSPD-01,Z,+,30.961848,7.687035,SIGNAL,0x0000,CAL-20260811-001,CLOCK-20260811-001,PASS
EVT-000000002247,SIM-0002,2026082315893000100,PULSE-EXP-0002-0024-06893,EXP-0002-0024,SNSPD-01,Z,+,31.913064,7.989017,SIGNAL,0x0000,CAL-20260811-001,CLOCK-20260811-001,PASS
EVT-000000002248,SIM-0002,2026082315940000128,PULSE-EXP-0002-0024-06940,EXP-0002-0024,SNSPD-05,Y,+,31.402009,7.883330,SIGNAL,0x0000,CAL-20260811-001,CLOCK-20260811-001,PASS
EVT-000000002249,SIM-0002,2026082316098000072,PULSE-EXP-0002-0024-07098,EXP-0002-0024,SNSPD-01,Z,+,30.975587,8.411186,SIGNAL,0x0000,CAL-20260811-001,CLOCK-20260811-001,PASS
EVT-000000002250,SIM-0002,2026082316101000004,PULSE-EXP-0002-0024-07101,EXP-0002-0024,SNSPD-05,Y,+,29.862831,7.145150,SIGNAL,0x0000,CAL-20260811-001,CLOCK-20260811-001,PASS
EVT-000000002251,SIM-0002,2026082316203000045,PULSE-EXP-0002-0024-07203,EXP-0002-0024,SNSPD-03,X,+,29.544283,7.989001,SIGNAL,0x0000,CAL-20260811-001,CLOCK-20260811-001,PASS
EVT-000000002252,SIM-0002,2026082316228000146,PULSE-EXP-0002-0024-07228,EXP-0002-0024,SNSPD-06,Y,-,31.239727,7.727153,SIGNAL,0x0000,CAL-20260811-001,CLOCK-20260811-001,PASS
EVT-000000002253,SIM-0002,2026082316280000184,PULSE-EXP-0002-0024-07280,EXP-0002-0024,SNSPD-04,X,-,32.349250,8.452800,SIGNAL,0x0000,CAL-20260811-001,CLOCK-20260811-001,PASS
EVT-000000002254,SIM-0002,2026082316517000085,PULSE-EXP-0002-0024-07517,EXP-0002-0024,SNSPD-02,Z,-,31.136561,8.751846,SIGNAL,0x0000,CAL-20260811-001,CLOCK-20260811-001,PASS
EVT-000000002255,SIM-0002,2026082316742000041,PULSE-EXP-0002-0024-07742,EXP-0002-0024,SNSPD-06,Y,-,32.456936,7.668913,SIGNAL,0x0000,CAL-20260811-001,CLOCK-20260811-001,PASS
EVT-000000002256,SIM-0002,2026082316780000169,PULSE-EXP-0002-0024-07780,EXP-0002-0024,SNSPD-02,Z,-,35.003260,7.407412,SIGNAL,0x0000,CAL-20260811-001,CLOCK-20260811-001,PASS
EVT-000000002257,SIM-0002,2026082316820000104,PULSE-EXP-0002-0024-07820,EXP-0002-0024,SNSPD-01,Z,+,32.489114,8.689204,SIGNAL,0x0000,CAL-20260811-001,CLOCK-20260811-001,PASS
EVT-000000002258,SIM-0002,2026082316869000038,PULSE-EXP-0002-0024-07869,EXP-0002-0024,SNSPD-01,Z,+,33.625397,8.392599,SIGNAL,0x0000,CAL-20260811-001,CLOCK-20260811-001,PASS
EVT-000000002259,SIM-0002,2026082316877000191,PULSE-EXP-0002-0024-07877,EXP-0002-0024,SNSPD-02,Z,-,33.951063,8.244524,SIGNAL,0x0000,CAL-20260811-001,CLOCK-20260811-001,PASS
EVT-000000002260,SIM-0002,2026082317019000177,PULSE-EXP-0002-0024-08019,EXP-0002-0024,SNSPD-04,X,-,32.716017,7.013860,SIGNAL,0x0000,CAL-20260811-001,CLOCK-20260811-001,PASS
EVT-000000002261,SIM-0002,2026082317083000119,PULSE-EXP-0002-0024-08083,EXP-0002-0024,SNSPD-01,Z,+,32.513052,7.918788,SIGNAL,0x0000,CAL-20260811-001,CLOCK-20260811-001,PASS
EVT-000000002262,SIM-0002,2026082317178000071,PULSE-EXP-0002-0024-08178,EXP-0002-0024,SNSPD-03,X,+,31.150928,8.180994,SIGNAL,0x0000,CAL-20260811-001,CLOCK-20260811-001,PASS
EVT-000000002263,SIM-0002,2026082317222000196,PULSE-EXP-0002-0024-08222,EXP-0002-0024,SNSPD-05,Y,+,32.020085,8.490542,SIGNAL,0x0000,CAL-20260811-001,CLOCK-20260811-001,PASS
EVT-000000002264,SIM-0002,2026082317251000199,PULSE-EXP-0002-0024-08251,EXP-0002-0024,SNSPD-03,X,+,28.451183,7.423756,SIGNAL,0x0000,CAL-20260811-001,CLOCK-20260811-001,PASS
EVT-000000002265,SIM-0002,2026082317267000017,PULSE-EXP-0002-0024-08267,EXP-0002-0024,SNSPD-05,Y,+,32.566090,7.727664,SIGNAL,0x0000,CAL-20260811-001,CLOCK-20260811-001,PASS
EVT-000000002266,SIM-0002,2026082317297000043,PULSE-EXP-0002-0024-08297,EXP-0002-0024,SNSPD-01,Z,+,29.860529,8.329225,SIGNAL,0x0000,CAL-20260811-001,CLOCK-20260811-001,PASS
EVT-000000002267,SIM-0002,2026082317300000111,PULSE-EXP-0002-0024-08300,EXP-0002-0024,SNSPD-05,Y,+,28.896336,8.268183,SIGNAL,0x0000,CAL-20260811-001,CLOCK-20260811-001,PASS
EVT-000000002268,SIM-0002,2026082317404000104,PULSE-EXP-0002-0024-08404,EXP-0002-0024,SNSPD-01,Z,+,29.974245,8.976414,SIGNAL,0x0000,CAL-20260811-001,CLOCK-20260811-001,PASS
EVT-000000002269,SIM-0002,2026082317410000073,PULSE-EXP-0002-0024-08410,EXP-0002-0024,SNSPD-01,Z,+,32.504935,9.311225,SIGNAL,0x0000,CAL-20260811-001,CLOCK-20260811-001,PASS
EVT-000000002270,SIM-0002,2026082317437000182,PULSE-EXP-0002-0024-08437,EXP-0002-0024,SNSPD-02,Z,-,36.019540,8.332745,SIGNAL,0x0000,CAL-20260811-001,CLOCK-20260811-001,PASS
EVT-000000002271,SIM-0002,2026082317483000183,PULSE-EXP-0002-0024-08483,EXP-0002-0024,SNSPD-02,Z,-,32.482268,7.297683,SIGNAL,0x0000,CAL-20260811-001,CLOCK-20260811-001,PASS
EVT-000000002272,SIM-0002,2026082317495000041,PULSE-EXP-0002-0024-08495,EXP-0002-0024,SNSPD-05,Y,+,33.369245,8.920587,SIGNAL,0x0000,CAL-20260811-001,CLOCK-20260811-001,PASS
EVT-000000002273,SIM-0002,2026082317507000078,PULSE-EXP-0002-0024-08507,EXP-0002-0024,SNSPD-05,Y,+,29.504874,9.865363,SIGNAL,0x0000,CAL-20260811-001,CLOCK-20260811-001,PASS
EVT-000000002274,SIM-0002,2026082317598000059,PULSE-EXP-0002-0024-08598,EXP-0002-0024,SNSPD-03,X,+,33.634116,8.465418,SIGNAL,0x0000,CAL-20260811-001,CLOCK-20260811-001,PASS
EVT-000000002275,SIM-0002,2026082317610000082,PULSE-EXP-0002-0024-08610,EXP-0002-0024,SNSPD-05,Y,+,31.448151,8.575976,SIGNAL,0x0000,CAL-20260811-001,CLOCK-20260811-001,PASS
EVT-000000002276,SIM-0002,2026082317657000002,PULSE-EXP-0002-0024-08657,EXP-0002-0024,SNSPD-06,Y,-,33.209320,8.489545,SIGNAL,0x0000,CAL-20260811-001,CLOCK-20260811-001,PASS
EVT-000000002277,SIM-0002,2026082317679000167,PULSE-EXP-0002-0024-08679,EXP-0002-0024,SNSPD-01,Z,+,29.466795,7.809857,SIGNAL,0x0000,CAL-20260811-001,CLOCK-20260811-001,PASS
EVT-000000002278,SIM-0002,2026082317717000008,PULSE-EXP-0002-0024-08717,EXP-0002-0024,SNSPD-06,Y,-,29.885128,7.052410,SIGNAL,0x0000,CAL-20260811-001,CLOCK-20260811-001,PASS
EVT-000000002279,SIM-0002,2026082317777000178,PULSE-EXP-0002-0024-08777,EXP-0002-0024,SNSPD-01,Z,+,34.101179,9.045960,SIGNAL,0x0000,CAL-20260811-001,CLOCK-20260811-001,PASS
EVT-000000002280,SIM-0002,2026082317932000186,PULSE-EXP-0002-0024-08932,EXP-0002-0024,SNSPD-03,X,+,31.226776,7.949484,SIGNAL,0x0000,CAL-20260811-001,CLOCK-20260811-001,PASS
EVT-000000002281,SIM-0002,2026082317939000020,PULSE-EXP-0002-0024-08939,EXP-0002-0024,SNSPD-03,X,+,33.547940,7.840745,SIGNAL,0x0000,CAL-20260811-001,CLOCK-20260811-001,PASS
EVT-000000002282,SIM-0002,2026082317960000062,PULSE-EXP-0002-0024-08960,EXP-0002-0024,SNSPD-06,Y,-,29.355263,8.306673,SIGNAL,0x0000,CAL-20260811-001,CLOCK-20260811-001,PASS
EVT-000000002283,SIM-0002,2026082317964000161,PULSE-EXP-0002-0024-08964,EXP-0002-0024,SNSPD-05,Y,+,34.468021,7.922786,SIGNAL,0x0000,CAL-20260811-001,CLOCK-20260811-001,PASS
EVT-000000002284,SIM-0002,2026082318098000052,PULSE-EXP-0002-0024-09098,EXP-0002-0024,SNSPD-05,Y,+,30.375830,7.294503,SIGNAL,0x0000,CAL-20260811-001,CLOCK-20260811-001,PASS
EVT-000000002285,SIM-0002,2026082318241000138,PULSE-EXP-0002-0024-09241,EXP-0002-0024,SNSPD-02,Z,-,28.041737,9.244359,SIGNAL,0x0000,CAL-20260811-001,CLOCK-20260811-001,PASS
EVT-000000002286,SIM-0002,2026082318301000147,PULSE-EXP-0002-0024-09301,EXP-0002-0024,SNSPD-03,X,+,34.461448,9.374649,SIGNAL,0x0000,CAL-20260811-001,CLOCK-20260811-001,PASS
EVT-000000002287,SIM-0002,2026082318510000187,PULSE-EXP-0002-0024-09510,EXP-0002-0024,SNSPD-06,Y,-,33.438002,7.984331,SIGNAL,0x0000,CAL-20260811-001,CLOCK-20260811-001,PASS
EVT-000000002288,SIM-0002,2026082318524000181,PULSE-EXP-0002-0024-09524,EXP-0002-0024,SNSPD-03,X,+,32.544415,7.755185,SIGNAL,0x0000,CAL-20260811-001,CLOCK-20260811-001,PASS
EVT-000000002289,SIM-0002,2026082318556000040,PULSE-EXP-0002-0024-09556,EXP-0002-0024,SNSPD-04,X,-,32.713368,7.598382,SIGNAL,0x0000,CAL-20260811-001,CLOCK-20260811-001,PASS
EVT-000000002290,SIM-0002,2026082318558000193,PULSE-EXP-0002-0024-09558,EXP-0002-0024,SNSPD-01,Z,+,30.461325,8.564308,SIGNAL,0x0000,CAL-20260811-001,CLOCK-20260811-001,PASS
EVT-000000002291,SIM-0002,2026082318676000182,PULSE-EXP-0002-0024-09676,EXP-0002-0024,SNSPD-06,Y,-,33.014181,8.299255,SIGNAL,0x0000,CAL-20260811-001,CLOCK-20260811-001,PASS
EVT-000000002292,SIM-0002,2026082318681000054,PULSE-EXP-0002-0024-09681,EXP-0002-0024,SNSPD-04,X,-,29.484570,8.424543,SIGNAL,0x0000,CAL-20260811-001,CLOCK-20260811-001,PASS
EVT-000000002293,SIM-0002,2026082318712000037,PULSE-EXP-0002-0024-09712,EXP-0002-0024,SNSPD-02,Z,-,33.767273,8.041288,SIGNAL,0x0000,CAL-20260811-001,CLOCK-20260811-001,PASS
EVT-000000002294,SIM-0002,2026082318845000098,PULSE-EXP-0002-0024-09845,EXP-0002-0024,SNSPD-03,X,+,30.088573,8.208579,SIGNAL,0x0000,CAL-20260811-001,CLOCK-20260811-001,PASS
EVT-000000002295,SIM-0002,2026082318859000083,PULSE-EXP-0002-0024-09859,EXP-0002-0024,SNSPD-06,Y,-,30.971319,8.440541,SIGNAL,0x0000,CAL-20260811-001,CLOCK-20260811-001,PASS
EVT-000000002296,SIM-0002,2026082318869000008,PULSE-EXP-0002-0024-09869,EXP-0002-0024,SNSPD-06,Y,-,28.051022,8.327087,SIGNAL,0x0000,CAL-20260811-001,CLOCK-20260811-001,PASS
EVT-000000002297,SIM-0002,2026082320852000049,PULSE-EXP-0002-0015-00852,EXP-0002-0015,SNSPD-03,X,+,33.237829,8.326360,SIGNAL,0x0000,CAL-20260811-001,CLOCK-20260811-001,PASS
EVT-000000002298,SIM-0002,2026082321429000003,PULSE-EXP-0002-0015-01429,EXP-0002-0015,SNSPD-05,Y,+,31.142261,8.264267,SIGNAL,0x0000,CAL-20260811-001,CLOCK-20260811-001,PASS
EVT-000000002299,SIM-0002,2026082322032000126,PULSE-EXP-0002-0015-02032,EXP-0002-0015,SNSPD-02,Z,-,31.725578,8.071729,SIGNAL,0x0000,CAL-20260811-001,CLOCK-20260811-001,PASS
EVT-000000002300,SIM-0002,2026082323002000063,PULSE-EXP-0002-0015-03002,EXP-0002-0015,SNSPD-01,Z,+,34.985261,7.946301,SIGNAL,0x0000,CAL-20260811-001,CLOCK-20260811-001,PASS
EVT-000000002301,SIM-0002,2026082323398000109,PULSE-EXP-0002-0015-03398,EXP-0002-0015,SNSPD-04,X,-,30.078468,7.888645,SIGNAL,0x0000,CAL-20260811-001,CLOCK-20260811-001,PASS
EVT-000000002302,SIM-0002,2026082323948000177,PULSE-EXP-0002-0015-03948,EXP-0002-0015,SNSPD-03,X,+,34.321368,8.817110,SIGNAL,0x0000,CAL-20260811-001,CLOCK-20260811-001,PASS
EVT-000000002303,SIM-0002,2026082325294000076,PULSE-EXP-0002-0015-05294,EXP-0002-0015,SNSPD-04,X,-,32.080861,7.995383,SIGNAL,0x0000,CAL-20260811-001,CLOCK-20260811-001,PASS
EVT-000000002304,SIM-0002,2026082325509000092,PULSE-EXP-0002-0015-05509,EXP-0002-0015,SNSPD-05,Y,+,32.735595,7.222535,SIGNAL,0x0000,CAL-20260811-001,CLOCK-20260811-001,PASS
EVT-000000002305,SIM-0002,2026082327083000068,PULSE-EXP-0002-0015-07083,EXP-0002-0015,SNSPD-03,X,+,34.708695,7.334688,SIGNAL,0x0000,CAL-20260811-001,CLOCK-20260811-001,PASS
EVT-000000002306,SIM-0002,2026082327217000145,PULSE-EXP-0002-0015-07217,EXP-0002-0015,SNSPD-02,Z,-,33.876071,7.907464,SIGNAL,0x0000,CAL-20260811-001,CLOCK-20260811-001,PASS
EVT-000000002307,SIM-0002,2026082327648000056,PULSE-EXP-0002-0015-07648,EXP-0002-0015,SNSPD-03,X,+,31.048635,7.712826,SIGNAL,0x0000,CAL-20260811-001,CLOCK-20260811-001,PASS
EVT-000000002308,SIM-0002,2026082327957000051,PULSE-EXP-0002-0015-07957,EXP-0002-0015,SNSPD-03,X,+,34.782316,7.412462,SIGNAL,0x0000,CAL-20260811-001,CLOCK-20260811-001,PASS
EVT-000000002309,SIM-0002,2026082328136000034,PULSE-EXP-0002-0015-08136,EXP-0002-0015,SNSPD-06,Y,-,30.248516,8.090136,SIGNAL,0x0000,CAL-20260811-001,CLOCK-20260811-001,PASS
EVT-000000002310,SIM-0002,2026082328776000125,PULSE-EXP-0002-0015-08776,EXP-0002-0015,SNSPD-06,Y,-,34.552921,9.449805,SIGNAL,0x0000,CAL-20260811-001,CLOCK-20260811-001,PASS
EVT-000000002311,SIM-0002,2026082328807000044,PULSE-EXP-0002-0015-08807,EXP-0002-0015,SNSPD-05,Y,+,30.363786,7.960139,SIGNAL,0x0000,CAL-20260811-001,CLOCK-20260811-001,PASS
EVT-000000002312,SIM-0002,2026082329032000161,PULSE-EXP-0002-0015-09032,EXP-0002-0015,SNSPD-06,Y,-,32.641677,7.985931,SIGNAL,0x0000,CAL-20260811-001,CLOCK-20260811-001,PASS
EVT-000000002313,SIM-0002,2026082329089000083,PULSE-EXP-0002-0015-09089,EXP-0002-0015,SNSPD-03,X,+,30.429879,7.774782,SIGNAL,0x0000,CAL-20260811-001,CLOCK-20260811-001,PASS
EVT-000000002314,SIM-0002,2026082329209000190,PULSE-EXP-0002-0015-09209,EXP-0002-0015,SNSPD-01,Z,+,29.890395,9.271869,SIGNAL,0x0000,CAL-20260811-001,CLOCK-20260811-001,PASS
EVT-000000002315,SIM-0002,2026082329514000178,PULSE-EXP-0002-0015-09514,EXP-0002-0015,SNSPD-02,Z,-,30.655200,7.904678,SIGNAL,0x0000,CAL-20260811-001,CLOCK-20260811-001,PASS
EVT-000000002316,SIM-0002,2026082331517000155,PULSE-EXP-0002-0020-00517,EXP-0002-0020,SNSPD-06,Y,-,28.666683,7.815422,SIGNAL,0x0000,CAL-20260811-001,CLOCK-20260811-001,PASS
EVT-000000002317,SIM-0002,2026082332098000093,PULSE-EXP-0002-0020-01098,EXP-0002-0020,SNSPD-06,Y,-,30.253133,7.862715,SIGNAL,0x0000,CAL-20260811-001,CLOCK-20260811-001,PASS
EVT-000000002318,SIM-0002,2026082332404000049,PULSE-EXP-0002-0020-01404,EXP-0002-0020,SNSPD-01,Z,+,34.827624,8.760140,SIGNAL,0x0000,CAL-20260811-001,CLOCK-20260811-001,PASS
EVT-000000002319,SIM-0002,2026082332728000139,PULSE-EXP-0002-0020-01728,EXP-0002-0020,SNSPD-02,Z,-,33.999084,7.993186,SIGNAL,0x0000,CAL-20260811-001,CLOCK-20260811-001,PASS
EVT-000000002320,SIM-0002,2026082333186000148,PULSE-EXP-0002-0020-02186,EXP-0002-0020,SNSPD-05,Y,+,33.760016,8.850206,SIGNAL,0x0000,CAL-20260811-001,CLOCK-20260811-001,PASS
EVT-000000002321,SIM-0002,2026082333669000160,PULSE-EXP-0002-0020-02669,EXP-0002-0020,SNSPD-01,Z,+,34.762900,8.440078,SIGNAL,0x0000,CAL-20260811-001,CLOCK-20260811-001,PASS
EVT-000000002322,SIM-0002,2026082333899000178,PULSE-EXP-0002-0020-02899,EXP-0002-0020,SNSPD-01,Z,+,34.528803,8.708699,SIGNAL,0x0000,CAL-20260811-001,CLOCK-20260811-001,PASS
EVT-000000002323,SIM-0002,2026082334486000062,PULSE-EXP-0002-0020-03486,EXP-0002-0020,SNSPD-01,Z,+,31.847318,8.000623,SIGNAL,0x0000,CAL-20260811-001,CLOCK-20260811-001,PASS
EVT-000000002324,SIM-0002,2026082334502000166,PULSE-EXP-0002-0020-03502,EXP-0002-0020,SNSPD-04,X,-,28.559331,7.783442,SIGNAL,0x0000,CAL-20260811-001,CLOCK-20260811-001,PASS
EVT-000000002325,SIM-0002,2026082334584000087,PULSE-EXP-0002-0020-03584,EXP-0002-0020,SNSPD-06,Y,-,34.257482,8.326208,SIGNAL,0x0000,CAL-20260811-001,CLOCK-20260811-001,PASS
EVT-000000002326,SIM-0002,2026082334903000111,PULSE-EXP-0002-0020-03903,EXP-0002-0020,SNSPD-05,Y,+,33.488159,7.825837,SIGNAL,0x0000,CAL-20260811-001,CLOCK-20260811-001,PASS
EVT-000000002327,SIM-0002,2026082334991000091,PULSE-EXP-0002-0020-03991,EXP-0002-0020,SNSPD-05,Y,+,32.231838,8.513181,SIGNAL,0x0000,CAL-20260811-001,CLOCK-20260811-001,PASS
EVT-000000002328,SIM-0002,2026082335209000107,PULSE-EXP-0002-0020-04209,EXP-0002-0020,SNSPD-02,Z,-,34.953071,7.370837,SIGNAL,0x0000,CAL-20260811-001,CLOCK-20260811-001,PASS
EVT-000000002329,SIM-0002,2026082335355000183,PULSE-EXP-0002-0020-04355,EXP-0002-0020,SNSPD-01,Z,+,31.114571,8.050591,SIGNAL,0x0000,CAL-20260811-001,CLOCK-20260811-001,PASS
EVT-000000002330,SIM-0002,2026082335686000068,PULSE-EXP-0002-0020-04686,EXP-0002-0020,SNSPD-01,Z,+,31.907002,8.603427,SIGNAL,0x0000,CAL-20260811-001,CLOCK-20260811-001,PASS
EVT-000000002331,SIM-0002,2026082335781000135,PULSE-EXP-0002-0020-04781,EXP-0002-0020,SNSPD-01,Z,+,32.773643,8.640318,SIGNAL,0x0000,CAL-20260811-001,CLOCK-20260811-001,PASS
EVT-000000002332,SIM-0002,2026082336068000191,PULSE-EXP-0002-0020-05068,EXP-0002-0020,SNSPD-06,Y,-,31.156493,8.325502,SIGNAL,0x0000,CAL-20260811-001,CLOCK-20260811-001,PASS
EVT-000000002333,SIM-0002,2026082336117000091,PULSE-EXP-0002-0020-05117,EXP-0002-0020,SNSPD-01,Z,+,32.253872,6.935411,SIGNAL,0x0000,CAL-20260811-001,CLOCK-20260811-001,PASS
EVT-000000002334,SIM-0002,2026082336221000165,PULSE-EXP-0002-0020-05221,EXP-0002-0020,SNSPD-02,Z,-,29.844789,8.108406,SIGNAL,0x0000,CAL-20260811-001,CLOCK-20260811-001,PASS
EVT-000000002335,SIM-0002,2026082336753000056,PULSE-EXP-0002-0020-05753,EXP-0002-0020,SNSPD-05,Y,+,32.091578,9.193814,SIGNAL,0x0000,CAL-20260811-001,CLOCK-20260811-001,PASS
EVT-000000002336,SIM-0002,2026082337081000082,PULSE-EXP-0002-0020-06081,EXP-0002-0020,SNSPD-03,X,+,31.546675,7.626236,SIGNAL,0x0000,CAL-20260811-001,CLOCK-20260811-001,PASS
EVT-000000002337,SIM-0002,2026082337314000177,PULSE-EXP-0002-0020-06314,EXP-0002-0020,SNSPD-01,Z,+,32.076404,8.421205,SIGNAL,0x0000,CAL-20260811-001,CLOCK-20260811-001,PASS
EVT-000000002338,SIM-0002,2026082337326000033,PULSE-EXP-0002-0020-06326,EXP-0002-0020,SNSPD-06,Y,-,28.934077,7.695644,SIGNAL,0x0000,CAL-20260811-001,CLOCK-20260811-001,PASS
EVT-000000002339,SIM-0002,2026082337492000049,PULSE-EXP-0002-0020-06492,EXP-0002-0020,SNSPD-04,X,-,34.181548,8.540334,SIGNAL,0x0000,CAL-20260811-001,CLOCK-20260811-001,PASS
EVT-000000002340,SIM-0002,2026082337568000155,PULSE-EXP-0002-0020-06568,EXP-0002-0020,SNSPD-04,X,-,37.284992,7.854438,SIGNAL,0x0000,CAL-20260811-001,CLOCK-20260811-001,PASS
EVT-000000002341,SIM-0002,2026082337761000099,PULSE-EXP-0002-0020-06761,EXP-0002-0020,SNSPD-03,X,+,27.746088,8.813636,SIGNAL,0x0000,CAL-20260811-001,CLOCK-20260811-001,PASS
EVT-000000002342,SIM-0002,2026082338045000022,PULSE-EXP-0002-0020-07045,EXP-0002-0020,SNSPD-04,X,-,29.377068,7.725853,SIGNAL,0x0000,CAL-20260811-001,CLOCK-20260811-001,PASS
EVT-000000002343,SIM-0002,2026082338120000034,PULSE-EXP-0002-0020-07120,EXP-0002-0020,SNSPD-04,X,-,34.950749,8.847302,SIGNAL,0x0000,CAL-20260811-001,CLOCK-20260811-001,PASS
EVT-000000002344,SIM-0002,2026082338149000017,PULSE-EXP-0002-0020-07149,EXP-0002-0020,SNSPD-05,Y,+,31.875535,8.069872,SIGNAL,0x0000,CAL-20260811-001,CLOCK-20260811-001,PASS
EVT-000000002345,SIM-0002,2026082338208000150,PULSE-EXP-0002-0020-07208,EXP-0002-0020,SNSPD-01,Z,+,33.555173,8.060972,SIGNAL,0x0000,CAL-20260811-001,CLOCK-20260811-001,PASS
EVT-000000002346,SIM-0002,2026082338423000165,PULSE-EXP-0002-0020-07423,EXP-0002-0020,SNSPD-03,X,+,33.422472,8.230436,SIGNAL,0x0000,CAL-20260811-001,CLOCK-20260811-001,PASS
EVT-000000002347,SIM-0002,2026082339044000199,PULSE-EXP-0002-0020-08044,EXP-0002-0020,SNSPD-01,Z,+,29.916051,8.667405,SIGNAL,0x0000,CAL-20260811-001,CLOCK-20260811-001,PASS
EVT-000000002348,SIM-0002,2026082339318000198,PULSE-EXP-0002-0020-08318,EXP-0002-0020,SNSPD-04,X,-,32.086906,7.281700,SIGNAL,0x0000,CAL-20260811-001,CLOCK-20260811-001,PASS
EVT-000000002349,SIM-0002,2026082339383000005,PULSE-EXP-0002-0020-08383,EXP-0002-0020,SNSPD-01,Z,+,32.208758,7.432854,SIGNAL,0x0000,CAL-20260811-001,CLOCK-20260811-001,PASS
EVT-000000002350,SIM-0002,2026082339693000127,PULSE-EXP-0002-0020-08693,EXP-0002-0020,SNSPD-01,Z,+,29.612417,7.727845,SIGNAL,0x0000,CAL-20260811-001,CLOCK-20260811-001,PASS
EVT-000000002351,SIM-0002,2026082339802000168,PULSE-EXP-0002-0020-08802,EXP-0002-0020,SNSPD-02,Z,-,28.166200,7.207449,SIGNAL,0x0000,CAL-20260811-001,CLOCK-20260811-001,PASS
EVT-000000002352,SIM-0002,2026082339900000069,PULSE-EXP-0002-0020-08900,EXP-0002-0020,SNSPD-01,Z,+,33.094596,9.072252,SIGNAL,0x0000,CAL-20260811-001,CLOCK-20260811-001,PASS
EVT-000000002353,SIM-0002,2026082339996000038,PULSE-EXP-0002-0020-08996,EXP-0002-0020,SNSPD-04,X,-,37.004767,7.803433,SIGNAL,0x0000,CAL-20260811-001,CLOCK-20260811-001,PASS
EVT-000000002354,SIM-0002,2026082340052000090,PULSE-EXP-0002-0020-09052,EXP-0002-0020,SNSPD-06,Y,-,32.458357,7.996577,SIGNAL,0x0000,CAL-20260811-001,CLOCK-20260811-001,PASS
EVT-000000002355,SIM-0002,2026082340274000071,PULSE-EXP-0002-0020-09274,EXP-0002-0020,SNSPD-05,Y,+,31.618987,8.153611,SIGNAL,0x0000,CAL-20260811-001,CLOCK-20260811-001,PASS
EVT-000000002356,SIM-0002,2026082340429000140,PULSE-EXP-0002-0020-09429,EXP-0002-0020,SNSPD-04,X,-,32.479270,8.073280,SIGNAL,0x0000,CAL-20260811-001,CLOCK-20260811-001,PASS
EVT-000000002357,SIM-0002,2026082340452000032,PULSE-EXP-0002-0020-09452,EXP-0002-0020,SNSPD-06,Y,-,31.469350,8.204457,SIGNAL,0x0000,CAL-20260811-001,CLOCK-20260811-001,PASS
EVT-000000002358,SIM-0002,2026082342134000128,PULSE-EXP-0002-0026-00134,EXP-0002-0026,SNSPD-05,Y,+,30.769084,7.866764,SIGNAL,0x0000,CAL-20260811-001,CLOCK-20260811-001,PASS
EVT-000000002359,SIM-0002,2026082342139000092,PULSE-EXP-0002-0026-00139,EXP-0002-0026,SNSPD-03,X,+,31.402515,8.041474,SIGNAL,0x0000,CAL-20260811-001,CLOCK-20260811-001,PASS
EVT-000000002360,SIM-0002,2026082342140000153,PULSE-EXP-0002-0026-00140,EXP-0002-0026,SNSPD-01,Z,+,33.678763,8.784421,SIGNAL,0x0000,CAL-20260811-001,CLOCK-20260811-001,PASS
EVT-000000002361,SIM-0002,2026082342195000041,PULSE-EXP-0002-0026-00195,EXP-0002-0026,SNSPD-03,X,+,32.420456,8.773912,SIGNAL,0x0000,CAL-20260811-001,CLOCK-20260811-001,PASS
EVT-000000002362,SIM-0002,2026082342289000107,PULSE-EXP-0002-0026-00289,EXP-0002-0026,SNSPD-01,Z,+,31.313354,8.617482,SIGNAL,0x0000,CAL-20260811-001,CLOCK-20260811-001,PASS
EVT-000000002363,SIM-0002,2026082342306000000,PULSE-EXP-0002-0026-00306,EXP-0002-0026,SNSPD-02,Z,-,35.190684,7.394154,SIGNAL,0x0000,CAL-20260811-001,CLOCK-20260811-001,PASS
EVT-000000002364,SIM-0002,2026082342454000013,PULSE-EXP-0002-0026-00454,EXP-0002-0026,SNSPD-06,Y,-,32.955869,8.649234,SIGNAL,0x0000,CAL-20260811-001,CLOCK-20260811-001,PASS
EVT-000000002365,SIM-0002,2026082342515000090,PULSE-EXP-0002-0026-00515,EXP-0002-0026,SNSPD-03,X,+,33.309049,7.818231,SIGNAL,0x0000,CAL-20260811-001,CLOCK-20260811-001,PASS
EVT-000000002366,SIM-0002,2026082342604000087,PULSE-EXP-0002-0026-00604,EXP-0002-0026,SNSPD-01,Z,+,36.930267,8.410553,SIGNAL,0x0000,CAL-20260811-001,CLOCK-20260811-001,PASS
EVT-000000002367,SIM-0002,2026082342663000162,PULSE-EXP-0002-0026-00663,EXP-0002-0026,SNSPD-05,Y,+,34.041970,7.950215,SIGNAL,0x0000,CAL-20260811-001,CLOCK-20260811-001,PASS
EVT-000000002368,SIM-0002,2026082342666000188,PULSE-EXP-0002-0026-00666,EXP-0002-0026,SNSPD-05,Y,+,30.473592,6.614859,SIGNAL,0x0000,CAL-20260811-001,CLOCK-20260811-001,PASS
EVT-000000002369,SIM-0002,2026082342754000013,PULSE-EXP-0002-0026-00754,EXP-0002-0026,SNSPD-04,X,-,31.395219,8.770470,SIGNAL,0x0000,CAL-20260811-001,CLOCK-20260811-001,PASS
EVT-000000002370,SIM-0002,2026082342887000161,PULSE-EXP-0002-0026-00887,EXP-0002-0026,SNSPD-05,Y,+,34.070518,8.165861,SIGNAL,0x0000,CAL-20260811-001,CLOCK-20260811-001,PASS
EVT-000000002371,SIM-0002,2026082342907000134,PULSE-EXP-0002-0026-00907,EXP-0002-0026,SNSPD-04,X,-,31.172409,9.041443,SIGNAL,0x0000,CAL-20260811-001,CLOCK-20260811-001,PASS
EVT-000000002372,SIM-0002,2026082342914000128,PULSE-EXP-0002-0026-00914,EXP-0002-0026,SNSPD-03,X,+,32.512848,8.116977,SIGNAL,0x0000,CAL-20260811-001,CLOCK-20260811-001,PASS
EVT-000000002373,SIM-0002,2026082342955000100,PULSE-EXP-0002-0026-00955,EXP-0002-0026,SNSPD-03,X,+,33.351382,7.485671,SIGNAL,0x0000,CAL-20260811-001,CLOCK-20260811-001,PASS
EVT-000000002374,SIM-0002,2026082342955000133,PULSE-EXP-0002-0026-00955,EXP-0002-0026,SNSPD-02,Z,-,30.237014,8.267483,SIGNAL,0x0000,CAL-20260811-001,CLOCK-20260811-001,PASS
EVT-000000002375,SIM-0002,2026082343132000005,PULSE-EXP-0002-0026-01132,EXP-0002-0026,SNSPD-05,Y,+,32.511552,6.439871,SIGNAL,0x0000,CAL-20260811-001,CLOCK-20260811-001,PASS
EVT-000000002376,SIM-0002,2026082343156000145,PULSE-EXP-0002-0026-01156,EXP-0002-0026,SNSPD-01,Z,+,35.226239,8.240057,SIGNAL,0x0000,CAL-20260811-001,CLOCK-20260811-001,PASS
EVT-000000002377,SIM-0002,2026082343238000174,PULSE-EXP-0002-0026-01238,EXP-0002-0026,SNSPD-01,Z,+,33.409663,8.648761,SIGNAL,0x0000,CAL-20260811-001,CLOCK-20260811-001,PASS
EVT-000000002378,SIM-0002,2026082343263000188,PULSE-EXP-0002-0026-01263,EXP-0002-0026,SNSPD-03,X,+,31.772825,7.664059,SIGNAL,0x0000,CAL-20260811-001,CLOCK-20260811-001,PASS
EVT-000000002379,SIM-0002,2026082343333000037,PULSE-EXP-0002-0026-01333,EXP-0002-0026,SNSPD-04,X,-,34.919867,7.890335,SIGNAL,0x0000,CAL-20260811-001,CLOCK-20260811-001,PASS
EVT-000000002380,SIM-0002,2026082343432000006,PULSE-EXP-0002-0026-01432,EXP-0002-0026,SNSPD-03,X,+,30.820537,9.381360,SIGNAL,0x0000,CAL-20260811-001,CLOCK-20260811-001,PASS
EVT-000000002381,SIM-0002,2026082343502000014,PULSE-EXP-0002-0026-01502,EXP-0002-0026,SNSPD-06,Y,-,31.673306,8.644245,SIGNAL,0x0000,CAL-20260811-001,CLOCK-20260811-001,PASS
EVT-000000002382,SIM-0002,2026082343599000034,PULSE-EXP-0002-0026-01599,EXP-0002-0026,SNSPD-05,Y,+,34.199433,7.907097,SIGNAL,0x0000,CAL-20260811-001,CLOCK-20260811-001,PASS
EVT-000000002383,SIM-0002,2026082343602000075,PULSE-EXP-0002-0026-01602,EXP-0002-0026,SNSPD-01,Z,+,32.446482,8.244476,SIGNAL,0x0000,CAL-20260811-001,CLOCK-20260811-001,PASS
EVT-000000002384,SIM-0002,2026082343617000124,PULSE-EXP-0002-0026-01617,EXP-0002-0026,SNSPD-04,X,-,33.133012,8.253094,SIGNAL,0x0000,CAL-20260811-001,CLOCK-20260811-001,PASS
EVT-000000002385,SIM-0002,2026082343701000159,PULSE-EXP-0002-0026-01701,EXP-0002-0026,SNSPD-03,X,+,32.287930,8.757278,SIGNAL,0x0000,CAL-20260811-001,CLOCK-20260811-001,PASS
EVT-000000002386,SIM-0002,2026082343816000084,PULSE-EXP-0002-0026-01816,EXP-0002-0026,SNSPD-05,Y,+,32.086014,7.509205,SIGNAL,0x0000,CAL-20260811-001,CLOCK-20260811-001,PASS
EVT-000000002387,SIM-0002,2026082343838000124,PULSE-EXP-0002-0026-01838,EXP-0002-0026,SNSPD-06,Y,-,33.863037,8.072414,SIGNAL,0x0000,CAL-20260811-001,CLOCK-20260811-001,PASS
EVT-000000002388,SIM-0002,2026082343876000133,PULSE-EXP-0002-0026-01876,EXP-0002-0026,SNSPD-06,Y,-,30.199741,8.581041,SIGNAL,0x0000,CAL-20260811-001,CLOCK-20260811-001,PASS
EVT-000000002389,SIM-0002,2026082344307000196,PULSE-EXP-0002-0026-02307,EXP-0002-0026,SNSPD-01,Z,+,32.073826,8.201372,SIGNAL,0x0000,CAL-20260811-001,CLOCK-20260811-001,PASS
EVT-000000002390,SIM-0002,2026082344321000168,PULSE-EXP-0002-0026-02321,EXP-0002-0026,SNSPD-05,Y,+,31.127584,7.466892,SIGNAL,0x0000,CAL-20260811-001,CLOCK-20260811-001,PASS
EVT-000000002391,SIM-0002,2026082344433000110,PULSE-EXP-0002-0026-02433,EXP-0002-0026,SNSPD-03,X,+,31.807924,7.386113,SIGNAL,0x0000,CAL-20260811-001,CLOCK-20260811-001,PASS
EVT-000000002392,SIM-0002,2026082344446000008,PULSE-EXP-0002-0026-02446,EXP-0002-0026,SNSPD-03,X,+,33.035919,8.208164,SIGNAL,0x0000,CAL-20260811-001,CLOCK-20260811-001,PASS
EVT-000000002393,SIM-0002,2026082344634000040,PULSE-EXP-0002-0026-02634,EXP-0002-0026,SNSPD-02,Z,-,31.295514,8.737538,SIGNAL,0x0000,CAL-20260811-001,CLOCK-20260811-001,PASS
EVT-000000002394,SIM-0002,2026082344638000029,PULSE-EXP-0002-0026-02638,EXP-0002-0026,SNSPD-05,Y,+,31.825510,6.543206,SIGNAL,0x0000,CAL-20260811-001,CLOCK-20260811-001,PASS
EVT-000000002395,SIM-0002,2026082344649000015,PULSE-EXP-0002-0026-02649,EXP-0002-0026,SNSPD-06,Y,-,32.933642,7.548842,SIGNAL,0x0000,CAL-20260811-001,CLOCK-20260811-001,PASS
EVT-000000002396,SIM-0002,2026082344786000184,PULSE-EXP-0002-0026-02786,EXP-0002-0026,SNSPD-05,Y,+,33.848230,8.422989,SIGNAL,0x0000,CAL-20260811-001,CLOCK-20260811-001,PASS
EVT-000000002397,SIM-0002,2026082344843000182,PULSE-EXP-0002-0026-02843,EXP-0002-0026,SNSPD-01,Z,+,30.884493,9.533991,SIGNAL,0x0000,CAL-20260811-001,CLOCK-20260811-001,PASS
EVT-000000002398,SIM-0002,2026082344878000029,PULSE-EXP-0002-0026-02878,EXP-0002-0026,SNSPD-05,Y,+,32.340582,8.495372,SIGNAL,0x0000,CAL-20260811-001,CLOCK-20260811-001,PASS
EVT-000000002399,SIM-0002,2026082344909000191,PULSE-EXP-0002-0026-02909,EXP-0002-0026,SNSPD-05,Y,+,31.779641,8.680233,SIGNAL,0x0000,CAL-20260811-001,CLOCK-20260811-001,PASS
EVT-000000002400,SIM-0002,2026082345010000061,PULSE-EXP-0002-0026-03010,EXP-0002-0026,SNSPD-05,Y,+,31.977245,8.054687,SIGNAL,0x0000,CAL-20260811-001,CLOCK-20260811-001,PASS
EVT-000000002401,SIM-0002,2026082345093000184,PULSE-EXP-0002-0026-03093,EXP-0002-0026,SNSPD-04,X,-,30.055646,8.471893,SIGNAL,0x0000,CAL-20260811-001,CLOCK-20260811-001,PASS
EVT-000000002402,SIM-0002,2026082345155000093,PULSE-EXP-0002-0026-03155,EXP-0002-0026,SNSPD-01,Z,+,30.218690,6.723191,SIGNAL,0x0000,CAL-20260811-001,CLOCK-20260811-001,PASS
EVT-000000002403,SIM-0002,2026082345174000184,PULSE-EXP-0002-0026-03174,EXP-0002-0026,SNSPD-05,Y,+,36.518143,8.361659,SIGNAL,0x0000,CAL-20260811-001,CLOCK-20260811-001,PASS
EVT-000000002404,SIM-0002,2026082345182000097,PULSE-EXP-0002-0026-03182,EXP-0002-0026,SNSPD-03,X,+,30.641515,6.853530,SIGNAL,0x0000,CAL-20260811-001,CLOCK-20260811-001,PASS
EVT-000000002405,SIM-0002,2026082345247000188,PULSE-EXP-0002-0026-03247,EXP-0002-0026,SNSPD-06,Y,-,31.641406,8.370177,SIGNAL,0x0000,CAL-20260811-001,CLOCK-20260811-001,PASS
EVT-000000002406,SIM-0002,2026082345309000103,PULSE-EXP-0002-0026-03309,EXP-0002-0026,SNSPD-01,Z,+,34.013225,8.297096,SIGNAL,0x0000,CAL-20260811-001,CLOCK-20260811-001,PASS
EVT-000000002407,SIM-0002,2026082345490000063,PULSE-EXP-0002-0026-03490,EXP-0002-0026,SNSPD-02,Z,-,29.366507,7.510729,SIGNAL,0x0000,CAL-20260811-001,CLOCK-20260811-001,PASS
EVT-000000002408,SIM-0002,2026082345545000135,PULSE-EXP-0002-0026-03545,EXP-0002-0026,SNSPD-03,X,+,33.419247,7.424073,SIGNAL,0x0000,CAL-20260811-001,CLOCK-20260811-001,PASS
EVT-000000002409,SIM-0002,2026082345879000055,PULSE-EXP-0002-0026-03879,EXP-0002-0026,SNSPD-03,X,+,32.406156,8.427511,SIGNAL,0x0000,CAL-20260811-001,CLOCK-20260811-001,PASS
EVT-000000002410,SIM-0002,2026082345905000155,PULSE-EXP-0002-0026-03905,EXP-0002-0026,SNSPD-04,X,-,35.459455,7.166956,SIGNAL,0x0000,CAL-20260811-001,CLOCK-20260811-001,PASS
EVT-000000002411,SIM-0002,2026082345978000115,PULSE-EXP-0002-0026-03978,EXP-0002-0026,SNSPD-03,X,+,29.438741,8.266649,SIGNAL,0x0000,CAL-20260811-001,CLOCK-20260811-001,PASS
EVT-000000002412,SIM-0002,2026082346005000042,PULSE-EXP-0002-0026-04005,EXP-0002-0026,SNSPD-06,Y,-,30.643246,7.790594,SIGNAL,0x0000,CAL-20260811-001,CLOCK-20260811-001,PASS
EVT-000000002413,SIM-0002,2026082346080000092,PULSE-EXP-0002-0026-04080,EXP-0002-0026,SNSPD-05,Y,+,29.700561,8.740757,SIGNAL,0x0000,CAL-20260811-001,CLOCK-20260811-001,PASS
EVT-000000002414,SIM-0002,2026082346082000010,PULSE-EXP-0002-0026-04082,EXP-0002-0026,SNSPD-05,Y,+,31.384271,7.849615,SIGNAL,0x0000,CAL-20260811-001,CLOCK-20260811-001,PASS
EVT-000000002415,SIM-0002,2026082346104000079,PULSE-EXP-0002-0026-04104,EXP-0002-0026,SNSPD-05,Y,+,29.912212,7.616141,SIGNAL,0x0000,CAL-20260811-001,CLOCK-20260811-001,PASS
EVT-000000002416,SIM-0002,2026082346176000075,PULSE-EXP-0002-0026-04176,EXP-0002-0026,SNSPD-05,Y,+,30.833599,8.067590,SIGNAL,0x0000,CAL-20260811-001,CLOCK-20260811-001,PASS
EVT-000000002417,SIM-0002,2026082346297000137,PULSE-EXP-0002-0026-04297,EXP-0002-0026,SNSPD-04,X,-,31.160560,7.956782,SIGNAL,0x0000,CAL-20260811-001,CLOCK-20260811-001,PASS
EVT-000000002418,SIM-0002,2026082346444000119,PULSE-EXP-0002-0026-04444,EXP-0002-0026,SNSPD-06,Y,-,34.046520,8.598538,SIGNAL,0x0000,CAL-20260811-001,CLOCK-20260811-001,PASS
EVT-000000002419,SIM-0002,2026082346450000083,PULSE-EXP-0002-0026-04450,EXP-0002-0026,SNSPD-06,Y,-,34.354756,7.830978,SIGNAL,0x0000,CAL-20260811-001,CLOCK-20260811-001,PASS
EVT-000000002420,SIM-0002,2026082346528000070,PULSE-EXP-0002-0026-04528,EXP-0002-0026,SNSPD-04,X,-,31.480171,8.973168,SIGNAL,0x0000,CAL-20260811-001,CLOCK-20260811-001,PASS
EVT-000000002421,SIM-0002,2026082346544000131,PULSE-EXP-0002-0026-04544,EXP-0002-0026,SNSPD-05,Y,+,32.189488,9.522039,SIGNAL,0x0000,CAL-20260811-001,CLOCK-20260811-001,PASS
EVT-000000002422,SIM-0002,2026082346624000065,PULSE-EXP-0002-0026-04624,EXP-0002-0026,SNSPD-01,Z,+,28.516702,9.358286,SIGNAL,0x0000,CAL-20260811-001,CLOCK-20260811-001,PASS
EVT-000000002423,SIM-0002,2026082346632000078,PULSE-EXP-0002-0026-04632,EXP-0002-0026,SNSPD-01,Z,+,28.585536,7.629173,SIGNAL,0x0000,CAL-20260811-001,CLOCK-20260811-001,PASS
EVT-000000002424,SIM-0002,2026082346658000179,PULSE-EXP-0002-0026-04658,EXP-0002-0026,SNSPD-06,Y,-,31.792563,7.980972,SIGNAL,0x0000,CAL-20260811-001,CLOCK-20260811-001,PASS
EVT-000000002425,SIM-0002,2026082346694000119,PULSE-EXP-0002-0026-04694,EXP-0002-0026,SNSPD-05,Y,+,32.300260,7.920746,SIGNAL,0x0000,CAL-20260811-001,CLOCK-20260811-001,PASS
EVT-000000002426,SIM-0002,2026082346765000131,PULSE-EXP-0002-0026-04765,EXP-0002-0026,SNSPD-06,Y,-,33.296909,7.888182,SIGNAL,0x0000,CAL-20260811-001,CLOCK-20260811-001,PASS
EVT-000000002427,SIM-0002,2026082346784000044,PULSE-EXP-0002-0026-04784,EXP-0002-0026,SNSPD-06,Y,-,31.117641,8.737975,SIGNAL,0x0000,CAL-20260811-001,CLOCK-20260811-001,PASS
EVT-000000002428,SIM-0002,2026082346815000169,PULSE-EXP-0002-0026-04815,EXP-0002-0026,SNSPD-03,X,+,29.183318,8.398687,SIGNAL,0x0000,CAL-20260811-001,CLOCK-20260811-001,PASS
EVT-000000002429,SIM-0002,2026082346829000182,PULSE-EXP-0002-0026-04829,EXP-0002-0026,SNSPD-05,Y,+,32.828861,7.467470,SIGNAL,0x0000,CAL-20260811-001,CLOCK-20260811-001,PASS
EVT-000000002430,SIM-0002,2026082346869000021,PULSE-EXP-0002-0026-04869,EXP-0002-0026,SNSPD-03,X,+,31.015271,7.715180,SIGNAL,0x0000,CAL-20260811-001,CLOCK-20260811-001,PASS
EVT-000000002431,SIM-0002,2026082346962000077,PULSE-EXP-0002-0026-04962,EXP-0002-0026,SNSPD-03,X,+,31.577099,7.269493,SIGNAL,0x0000,CAL-20260811-001,CLOCK-20260811-001,PASS
EVT-000000002432,SIM-0002,2026082347018000115,PULSE-EXP-0002-0026-05018,EXP-0002-0026,SNSPD-02,Z,-,30.963056,7.132655,SIGNAL,0x0000,CAL-20260811-001,CLOCK-20260811-001,PASS
EVT-000000002433,SIM-0002,2026082347046000025,PULSE-EXP-0002-0026-05046,EXP-0002-0026,SNSPD-05,Y,+,31.812873,7.415165,SIGNAL,0x0000,CAL-20260811-001,CLOCK-20260811-001,PASS
EVT-000000002434,SIM-0002,2026082347081000130,PULSE-EXP-0002-0026-05081,EXP-0002-0026,SNSPD-06,Y,-,30.626890,8.668554,SIGNAL,0x0000,CAL-20260811-001,CLOCK-20260811-001,PASS
EVT-000000002435,SIM-0002,2026082347239000101,PULSE-EXP-0002-0026-05239,EXP-0002-0026,SNSPD-03,X,+,32.639632,7.613162,SIGNAL,0x0000,CAL-20260811-001,CLOCK-20260811-001,PASS
EVT-000000002436,SIM-0002,2026082347401000009,PULSE-EXP-0002-0026-05401,EXP-0002-0026,SNSPD-02,Z,-,33.126078,7.846814,SIGNAL,0x0000,CAL-20260811-001,CLOCK-20260811-001,PASS
EVT-000000002437,SIM-0002,2026082347457000071,PULSE-EXP-0002-0026-05457,EXP-0002-0026,SNSPD-04,X,-,32.383659,9.352115,SIGNAL,0x0000,CAL-20260811-001,CLOCK-20260811-001,PASS
EVT-000000002438,SIM-0002,2026082347507000064,PULSE-EXP-0002-0026-05507,EXP-0002-0026,SNSPD-03,X,+,33.360345,8.529793,SIGNAL,0x0000,CAL-20260811-001,CLOCK-20260811-001,PASS
EVT-000000002439,SIM-0002,2026082347703000034,PULSE-EXP-0002-0026-05703,EXP-0002-0026,SNSPD-06,Y,-,31.460199,8.345476,SIGNAL,0x0000,CAL-20260811-001,CLOCK-20260811-001,PASS
EVT-000000002440,SIM-0002,2026082347748000174,PULSE-EXP-0002-0026-05748,EXP-0002-0026,SNSPD-02,Z,-,30.256950,8.349367,SIGNAL,0x0000,CAL-20260811-001,CLOCK-20260811-001,PASS
EVT-000000002441,SIM-0002,2026082347830000190,PULSE-EXP-0002-0026-05830,EXP-0002-0026,SNSPD-02,Z,-,32.205452,8.078725,SIGNAL,0x0000,CAL-20260811-001,CLOCK-20260811-001,PASS
EVT-000000002442,SIM-0002,2026082347854000085,PULSE-EXP-0002-0026-05854,EXP-0002-0026,SNSPD-05,Y,+,32.344313,6.737493,SIGNAL,0x0000,CAL-20260811-001,CLOCK-20260811-001,PASS
EVT-000000002443,SIM-0002,2026082347900000026,PULSE-EXP-0002-0026-05900,EXP-0002-0026,SNSPD-03,X,+,29.478091,7.484243,SIGNAL,0x0000,CAL-20260811-001,CLOCK-20260811-001,PASS
EVT-000000002444,SIM-0002,2026082347908000187,PULSE-EXP-0002-0026-05908,EXP-0002-0026,SNSPD-01,Z,+,29.160237,8.099467,SIGNAL,0x0000,CAL-20260811-001,CLOCK-20260811-001,PASS
EVT-000000002445,SIM-0002,2026082347926000194,PULSE-EXP-0002-0026-05926,EXP-0002-0026,SNSPD-01,Z,+,30.261085,8.179164,SIGNAL,0x0000,CAL-20260811-001,CLOCK-20260811-001,PASS
EVT-000000002446,SIM-0002,2026082348031000123,PULSE-EXP-0002-0026-06031,EXP-0002-0026,SNSPD-04,X,-,35.295087,8.907275,SIGNAL,0x0000,CAL-20260811-001,CLOCK-20260811-001,PASS
EVT-000000002447,SIM-0002,2026082348043000163,PULSE-EXP-0002-0026-06043,EXP-0002-0026,SNSPD-06,Y,-,34.241073,7.439329,SIGNAL,0x0000,CAL-20260811-001,CLOCK-20260811-001,PASS
EVT-000000002448,SIM-0002,2026082348055000187,PULSE-EXP-0002-0026-06055,EXP-0002-0026,SNSPD-03,X,+,29.609478,9.111251,SIGNAL,0x0000,CAL-20260811-001,CLOCK-20260811-001,PASS
EVT-000000002449,SIM-0002,2026082348087000047,PULSE-EXP-0002-0026-06087,EXP-0002-0026,SNSPD-02,Z,-,31.042753,7.048077,SIGNAL,0x0000,CAL-20260811-001,CLOCK-20260811-001,PASS
EVT-000000002450,SIM-0002,2026082348337000029,PULSE-EXP-0002-0026-06337,EXP-0002-0026,SNSPD-06,Y,-,32.955616,8.046670,SIGNAL,0x0000,CAL-20260811-001,CLOCK-20260811-001,PASS
EVT-000000002451,SIM-0002,2026082348408000113,PULSE-EXP-0002-0026-06408,EXP-0002-0026,SNSPD-01,Z,+,29.294499,9.176209,SIGNAL,0x0000,CAL-20260811-001,CLOCK-20260811-001,PASS
EVT-000000002452,SIM-0002,2026082348429000198,PULSE-EXP-0002-0026-06429,EXP-0002-0026,SNSPD-04,X,-,28.761013,7.822137,SIGNAL,0x0000,CAL-20260811-001,CLOCK-20260811-001,PASS
EVT-000000002453,SIM-0002,2026082348434000091,PULSE-EXP-0002-0026-06434,EXP-0002-0026,SNSPD-01,Z,+,26.342839,7.854657,SIGNAL,0x0000,CAL-20260811-001,CLOCK-20260811-001,PASS
EVT-000000002454,SIM-0002,2026082348514000029,PULSE-EXP-0002-0026-06514,EXP-0002-0026,SNSPD-03,X,+,35.167748,7.076190,SIGNAL,0x0000,CAL-20260811-001,CLOCK-20260811-001,PASS
EVT-000000002455,SIM-0002,2026082348528000002,PULSE-EXP-0002-0026-06528,EXP-0002-0026,SNSPD-03,X,+,30.733288,8.393921,SIGNAL,0x0000,CAL-20260811-001,CLOCK-20260811-001,PASS
EVT-000000002456,SIM-0002,2026082348622000096,PULSE-EXP-0002-0026-06622,EXP-0002-0026,SNSPD-01,Z,+,28.504656,8.680701,SIGNAL,0x0000,CAL-20260811-001,CLOCK-20260811-001,PASS
EVT-000000002457,SIM-0002,2026082348634000026,PULSE-EXP-0002-0026-06634,EXP-0002-0026,SNSPD-03,X,+,34.347740,7.146763,SIGNAL,0x0000,CAL-20260811-001,CLOCK-20260811-001,PASS
EVT-000000002458,SIM-0002,2026082348634000078,PULSE-EXP-0002-0026-06634,EXP-0002-0026,SNSPD-01,Z,+,30.821742,6.941696,SIGNAL,0x0000,CAL-20260811-001,CLOCK-20260811-001,PASS
EVT-000000002459,SIM-0002,2026082348716000083,PULSE-EXP-0002-0026-06716,EXP-0002-0026,SNSPD-06,Y,-,32.898880,8.679657,SIGNAL,0x0000,CAL-20260811-001,CLOCK-20260811-001,PASS
EVT-000000002460,SIM-0002,2026082348815000089,PULSE-EXP-0002-0026-06815,EXP-0002-0026,SNSPD-03,X,+,29.886482,7.617400,SIGNAL,0x0000,CAL-20260811-001,CLOCK-20260811-001,PASS
EVT-000000002461,SIM-0002,2026082348997000063,PULSE-EXP-0002-0026-06997,EXP-0002-0026,SNSPD-01,Z,+,34.770675,7.451846,SIGNAL,0x0000,CAL-20260811-001,CLOCK-20260811-001,PASS
EVT-000000002462,SIM-0002,2026082349004000092,PULSE-EXP-0002-0026-07004,EXP-0002-0026,SNSPD-06,Y,-,33.676845,8.469398,SIGNAL,0x0000,CAL-20260811-001,CLOCK-20260811-001,PASS
EVT-000000002463,SIM-0002,2026082349011000001,PULSE-EXP-0002-0026-07011,EXP-0002-0026,SNSPD-01,Z,+,32.674109,7.950255,SIGNAL,0x0000,CAL-20260811-001,CLOCK-20260811-001,PASS
EVT-000000002464,SIM-0002,2026082349079000155,PULSE-EXP-0002-0026-07079,EXP-0002-0026,SNSPD-05,Y,+,31.936321,7.253014,SIGNAL,0x0000,CAL-20260811-001,CLOCK-20260811-001,PASS
EVT-000000002465,SIM-0002,2026082349109000040,PULSE-EXP-0002-0026-07109,EXP-0002-0026,SNSPD-06,Y,-,27.670259,8.177927,SIGNAL,0x0000,CAL-20260811-001,CLOCK-20260811-001,PASS
EVT-000000002466,SIM-0002,2026082349134000187,PULSE-EXP-0002-0026-07134,EXP-0002-0026,SNSPD-03,X,+,34.155208,7.733397,SIGNAL,0x0000,CAL-20260811-001,CLOCK-20260811-001,PASS
EVT-000000002467,SIM-0002,2026082349168000193,PULSE-EXP-0002-0026-07168,EXP-0002-0026,SNSPD-05,Y,+,29.620509,8.235914,SIGNAL,0x0000,CAL-20260811-001,CLOCK-20260811-001,PASS
EVT-000000002468,SIM-0002,2026082349195000122,PULSE-EXP-0002-0026-07195,EXP-0002-0026,SNSPD-05,Y,+,35.353707,8.236078,SIGNAL,0x0000,CAL-20260811-001,CLOCK-20260811-001,PASS
EVT-000000002469,SIM-0002,2026082349204000090,PULSE-EXP-0002-0026-07204,EXP-0002-0026,SNSPD-01,Z,+,31.889567,8.793939,SIGNAL,0x0000,CAL-20260811-001,CLOCK-20260811-001,PASS
EVT-000000002470,SIM-0002,2026082349211000194,PULSE-EXP-0002-0026-07211,EXP-0002-0026,SNSPD-01,Z,+,32.373758,8.738002,SIGNAL,0x0000,CAL-20260811-001,CLOCK-20260811-001,PASS
EVT-000000002471,SIM-0002,2026082349224000095,PULSE-EXP-0002-0026-07224,EXP-0002-0026,SNSPD-01,Z,+,27.939907,8.591119,SIGNAL,0x0000,CAL-20260811-001,CLOCK-20260811-001,PASS
EVT-000000002472,SIM-0002,2026082349288000005,PULSE-EXP-0002-0026-07288,EXP-0002-0026,SNSPD-03,X,+,33.318277,7.821752,SIGNAL,0x0000,CAL-20260811-001,CLOCK-20260811-001,PASS
EVT-000000002473,SIM-0002,2026082349293000027,PULSE-EXP-0002-0026-07293,EXP-0002-0026,SNSPD-04,X,-,30.386402,7.393013,SIGNAL,0x0000,CAL-20260811-001,CLOCK-20260811-001,PASS
EVT-000000002474,SIM-0002,2026082349399000005,PULSE-EXP-0002-0026-07399,EXP-0002-0026,SNSPD-03,X,+,30.882028,8.484654,SIGNAL,0x0000,CAL-20260811-001,CLOCK-20260811-001,PASS
EVT-000000002475,SIM-0002,2026082349425000172,PULSE-EXP-0002-0026-07425,EXP-0002-0026,SNSPD-04,X,-,30.687962,8.563935,SIGNAL,0x0000,CAL-20260811-001,CLOCK-20260811-001,PASS
EVT-000000002476,SIM-0002,2026082349430000036,PULSE-EXP-0002-0026-07430,EXP-0002-0026,SNSPD-04,X,-,31.941473,8.168305,SIGNAL,0x0000,CAL-20260811-001,CLOCK-20260811-001,PASS
EVT-000000002477,SIM-0002,2026082349447000095,PULSE-EXP-0002-0026-07447,EXP-0002-0026,SNSPD-01,Z,+,30.365886,8.357149,SIGNAL,0x0000,CAL-20260811-001,CLOCK-20260811-001,PASS
EVT-000000002478,SIM-0002,2026082349453000003,PULSE-EXP-0002-0026-07453,EXP-0002-0026,SNSPD-06,Y,-,33.165114,7.847631,SIGNAL,0x0000,CAL-20260811-001,CLOCK-20260811-001,PASS
EVT-000000002479,SIM-0002,2026082349473000139,PULSE-EXP-0002-0026-07473,EXP-0002-0026,SNSPD-01,Z,+,34.287376,6.906025,SIGNAL,0x0000,CAL-20260811-001,CLOCK-20260811-001,PASS
EVT-000000002480,SIM-0002,2026082349489000101,PULSE-EXP-0002-0026-07489,EXP-0002-0026,SNSPD-02,Z,-,33.333691,7.316077,SIGNAL,0x0000,CAL-20260811-001,CLOCK-20260811-001,PASS
EVT-000000002481,SIM-0002,2026082349502000140,PULSE-EXP-0002-0026-07502,EXP-0002-0026,SNSPD-03,X,+,35.007325,8.210121,SIGNAL,0x0000,CAL-20260811-001,CLOCK-20260811-001,PASS
EVT-000000002482,SIM-0002,2026082349590000025,PULSE-EXP-0002-0026-07590,EXP-0002-0026,SNSPD-01,Z,+,33.212215,7.823396,SIGNAL,0x0000,CAL-20260811-001,CLOCK-20260811-001,PASS
EVT-000000002483,SIM-0002,2026082349669000128,PULSE-EXP-0002-0026-07669,EXP-0002-0026,SNSPD-01,Z,+,30.432950,7.881526,SIGNAL,0x0000,CAL-20260811-001,CLOCK-20260811-001,PASS
EVT-000000002484,SIM-0002,2026082349698000149,PULSE-EXP-0002-0026-07698,EXP-0002-0026,SNSPD-04,X,-,31.190258,7.587006,SIGNAL,0x0000,CAL-20260811-001,CLOCK-20260811-001,PASS
EVT-000000002485,SIM-0002,2026082349865000068,PULSE-EXP-0002-0026-07865,EXP-0002-0026,SNSPD-05,Y,+,31.840839,6.871994,SIGNAL,0x0000,CAL-20260811-001,CLOCK-20260811-001,PASS
EVT-000000002486,SIM-0002,2026082349947000188,PULSE-EXP-0002-0026-07947,EXP-0002-0026,SNSPD-06,Y,-,35.767915,7.952696,SIGNAL,0x0000,CAL-20260811-001,CLOCK-20260811-001,PASS
EVT-000000002487,SIM-0002,2026082350022000194,PULSE-EXP-0002-0026-08022,EXP-0002-0026,SNSPD-06,Y,-,31.556460,8.297277,SIGNAL,0x0000,CAL-20260811-001,CLOCK-20260811-001,PASS
EVT-000000002488,SIM-0002,2026082350240000059,PULSE-EXP-0002-0026-08240,EXP-0002-0026,SNSPD-03,X,+,29.298297,7.722293,SIGNAL,0x0000,CAL-20260811-001,CLOCK-20260811-001,PASS
EVT-000000002489,SIM-0002,2026082350328000155,PULSE-EXP-0002-0026-08328,EXP-0002-0026,SNSPD-06,Y,-,32.750672,8.479254,SIGNAL,0x0000,CAL-20260811-001,CLOCK-20260811-001,PASS
EVT-000000002490,SIM-0002,2026082350424000149,PULSE-EXP-0002-0026-08424,EXP-0002-0026,SNSPD-03,X,+,32.719271,8.939529,SIGNAL,0x0000,CAL-20260811-001,CLOCK-20260811-001,PASS
EVT-000000002491,SIM-0002,2026082350449000115,PULSE-EXP-0002-0026-08449,EXP-0002-0026,SNSPD-02,Z,-,32.160917,7.769758,SIGNAL,0x0000,CAL-20260811-001,CLOCK-20260811-001,PASS
EVT-000000002492,SIM-0002,2026082350461000115,PULSE-EXP-0002-0026-08461,EXP-0002-0026,SNSPD-04,X,-,28.582942,7.582977,SIGNAL,0x0000,CAL-20260811-001,CLOCK-20260811-001,PASS
EVT-000000002493,SIM-0002,2026082350498000179,PULSE-EXP-0002-0026-08498,EXP-0002-0026,SNSPD-01,Z,+,29.010734,7.584443,SIGNAL,0x0000,CAL-20260811-001,CLOCK-20260811-001,PASS
EVT-000000002494,SIM-0002,2026082350558000094,PULSE-EXP-0002-0026-08558,EXP-0002-0026,SNSPD-01,Z,+,28.716655,8.098387,SIGNAL,0x0000,CAL-20260811-001,CLOCK-20260811-001,PASS
EVT-000000002495,SIM-0002,2026082350642000030,PULSE-EXP-0002-0026-08642,EXP-0002-0026,SNSPD-06,Y,-,31.058190,7.988360,SIGNAL,0x0000,CAL-20260811-001,CLOCK-20260811-001,PASS
EVT-000000002496,SIM-0002,2026082350675000098,PULSE-EXP-0002-0026-08675,EXP-0002-0026,SNSPD-01,Z,+,33.441185,8.914264,SIGNAL,0x0000,CAL-20260811-001,CLOCK-20260811-001,PASS
EVT-000000002497,SIM-0002,2026082350785000120,PULSE-EXP-0002-0026-08785,EXP-0002-0026,SNSPD-03,X,+,30.171783,7.519303,SIGNAL,0x0000,CAL-20260811-001,CLOCK-20260811-001,PASS
EVT-000000002498,SIM-0002,2026082350820000196,PULSE-EXP-0002-0026-08820,EXP-0002-0026,SNSPD-05,Y,+,32.179251,7.341086,SIGNAL,0x0000,CAL-20260811-001,CLOCK-20260811-001,PASS
EVT-000000002499,SIM-0002,2026082350886000077,PULSE-EXP-0002-0026-08886,EXP-0002-0026,SNSPD-03,X,+,31.697568,8.505296,SIGNAL,0x0000,CAL-20260811-001,CLOCK-20260811-001,PASS
EVT-000000002500,SIM-0002,2026082350897000022,PULSE-EXP-0002-0026-08897,EXP-0002-0026,SNSPD-02,Z,-,31.902512,8.150665,SIGNAL,0x0000,CAL-20260811-001,CLOCK-20260811-001,PASS
EVT-000000002501,SIM-0002,2026082350996000108,PULSE-EXP-0002-0026-08996,EXP-0002-0026,SNSPD-01,Z,+,29.687390,7.721428,SIGNAL,0x0000,CAL-20260811-001,CLOCK-20260811-001,PASS
EVT-000000002502,SIM-0002,2026082351076000003,PULSE-EXP-0002-0026-09076,EXP-0002-0026,SNSPD-01,Z,+,31.683058,8.649776,SIGNAL,0x0000,CAL-20260811-001,CLOCK-20260811-001,PASS
EVT-000000002503,SIM-0002,2026082351080000055,PULSE-EXP-0002-0026-09080,EXP-0002-0026,SNSPD-05,Y,+,34.207757,8.429121,SIGNAL,0x0000,CAL-20260811-001,CLOCK-20260811-001,PASS
EVT-000000002504,SIM-0002,2026082351098000003,PULSE-EXP-0002-0026-09098,EXP-0002-0026,SNSPD-01,Z,+,32.231786,8.764272,SIGNAL,0x0000,CAL-20260811-001,CLOCK-20260811-001,PASS
EVT-000000002505,SIM-0002,2026082351114000083,PULSE-EXP-0002-0026-09114,EXP-0002-0026,SNSPD-06,Y,-,32.635934,9.357725,SIGNAL,0x0000,CAL-20260811-001,CLOCK-20260811-001,PASS
EVT-000000002506,SIM-0002,2026082351119000151,PULSE-EXP-0002-0026-09119,EXP-0002-0026,SNSPD-03,X,+,29.732405,8.362546,SIGNAL,0x0000,CAL-20260811-001,CLOCK-20260811-001,PASS
EVT-000000002507,SIM-0002,2026082351276000155,PULSE-EXP-0002-0026-09276,EXP-0002-0026,SNSPD-05,Y,+,33.294396,8.712267,SIGNAL,0x0000,CAL-20260811-001,CLOCK-20260811-001,PASS
EVT-000000002508,SIM-0002,2026082351319000158,PULSE-EXP-0002-0026-09319,EXP-0002-0026,SNSPD-04,X,-,25.865076,8.374864,SIGNAL,0x0000,CAL-20260811-001,CLOCK-20260811-001,PASS
EVT-000000002509,SIM-0002,2026082351411000074,PULSE-EXP-0002-0026-09411,EXP-0002-0026,SNSPD-01,Z,+,33.889891,8.380816,SIGNAL,0x0000,CAL-20260811-001,CLOCK-20260811-001,PASS
EVT-000000002510,SIM-0002,2026082351532000096,PULSE-EXP-0002-0026-09532,EXP-0002-0026,SNSPD-06,Y,-,29.361171,6.357696,SIGNAL,0x0000,CAL-20260811-001,CLOCK-20260811-001,PASS
EVT-000000002511,SIM-0002,2026082351554000114,PULSE-EXP-0002-0026-09554,EXP-0002-0026,SNSPD-01,Z,+,30.576519,8.863158,SIGNAL,0x0000,CAL-20260811-001,CLOCK-20260811-001,PASS
EVT-000000002512,SIM-0002,2026082351560000159,PULSE-EXP-0002-0026-09560,EXP-0002-0026,SNSPD-05,Y,+,30.475913,7.267638,SIGNAL,0x0000,CAL-20260811-001,CLOCK-20260811-001,PASS
EVT-000000002513,SIM-0002,2026082351577000150,PULSE-EXP-0002-0026-09577,EXP-0002-0026,SNSPD-05,Y,+,31.725212,8.153972,SIGNAL,0x0000,CAL-20260811-001,CLOCK-20260811-001,PASS
EVT-000000002514,SIM-0002,2026082351682000170,PULSE-EXP-0002-0026-09682,EXP-0002-0026,SNSPD-03,X,+,32.930461,8.945229,SIGNAL,0x0000,CAL-20260811-001,CLOCK-20260811-001,PASS
EVT-000000002515,SIM-0002,2026082351752000119,PULSE-EXP-0002-0026-09752,EXP-0002-0026,SNSPD-01,Z,+,33.721679,7.315271,SIGNAL,0x0000,CAL-20260811-001,CLOCK-20260811-001,PASS
EVT-000000002516,SIM-0002,2026082351899000098,PULSE-EXP-0002-0026-09899,EXP-0002-0026,SNSPD-05,Y,+,32.870097,8.208900,SIGNAL,0x0000,CAL-20260811-001,CLOCK-20260811-001,PASS
EVT-000000002517,SIM-0002,2026082351912000076,PULSE-EXP-0002-0026-09912,EXP-0002-0026,SNSPD-04,X,-,29.795209,8.934196,SIGNAL,0x0000,CAL-20260811-001,CLOCK-20260811-001,PASS
EVT-000000002518,SIM-0002,2026082351912000086,PULSE-EXP-0002-0026-09912,EXP-0002-0026,SNSPD-06,Y,-,37.122769,8.237104,SIGNAL,0x0000,CAL-20260811-001,CLOCK-20260811-001,PASS
EVT-000000002519,SIM-0002,2026082351937000007,PULSE-EXP-0002-0026-09937,EXP-0002-0026,SNSPD-05,Y,+,35.564269,7.855803,SIGNAL,0x0000,CAL-20260811-001,CLOCK-20260811-001,PASS
EVT-000000002520,SIM-0002,2026082351975000162,PULSE-EXP-0002-0026-09975,EXP-0002-0026,SNSPD-03,X,+,32.086803,7.488398,SIGNAL,0x0000,CAL-20260811-001,CLOCK-20260811-001,PASS
EVT-000000002521,SIM-0002,2026082351977000044,PULSE-EXP-0002-0026-09977,EXP-0002-0026,SNSPD-05,Y,+,33.195774,7.562351,SIGNAL,0x0000,CAL-20260811-001,CLOCK-20260811-001,PASS
EVT-000000002522,SIM-0002,2026082353238000182,PULSE-EXP-0002-0009-00238,EXP-0002-0009,SNSPD-04,X,-,30.268385,7.915620,SIGNAL,0x0000,CAL-20260811-001,CLOCK-20260811-001,PASS
EVT-000000002523,SIM-0002,2026082354461000132,PULSE-EXP-0002-0009-01461,EXP-0002-0009,SNSPD-03,X,+,30.727878,7.904889,SIGNAL,0x0000,CAL-20260811-001,CLOCK-20260811-001,PASS
EVT-000000002524,SIM-0002,2026082355938000054,PULSE-EXP-0002-0009-02938,EXP-0002-0009,SNSPD-03,X,+,29.881170,8.799851,SIGNAL,0x0000,CAL-20260811-001,CLOCK-20260811-001,PASS
EVT-000000002525,SIM-0002,2026082357108000087,PULSE-EXP-0002-0009-04108,EXP-0002-0009,SNSPD-06,Y,-,33.035183,8.436116,SIGNAL,0x0000,CAL-20260811-001,CLOCK-20260811-001,PASS
EVT-000000002526,SIM-0002,2026082358162000151,PULSE-EXP-0002-0009-05162,EXP-0002-0009,SNSPD-04,X,-,33.197904,9.033446,SIGNAL,0x0000,CAL-20260811-001,CLOCK-20260811-001,PASS
EVT-000000002527,SIM-0002,2026082358666000170,PULSE-EXP-0002-0009-05666,EXP-0002-0009,SNSPD-01,Z,+,31.592352,8.055920,SIGNAL,0x0000,CAL-20260811-001,CLOCK-20260811-001,PASS
EVT-000000002528,SIM-0002,2026082359693000187,PULSE-EXP-0002-0009-06693,EXP-0002-0009,SNSPD-06,Y,-,27.820773,8.325599,SIGNAL,0x0000,CAL-20260811-001,CLOCK-20260811-001,PASS
EVT-000000002529,SIM-0002,2026082360094000189,PULSE-EXP-0002-0009-07094,EXP-0002-0009,SNSPD-03,X,+,31.137972,7.835830,SIGNAL,0x0000,CAL-20260811-001,CLOCK-20260811-001,PASS
EVT-000000002530,SIM-0002,2026082360182000175,PULSE-EXP-0002-0009-07182,EXP-0002-0009,SNSPD-05,Y,+,31.695265,8.365455,SIGNAL,0x0000,CAL-20260811-001,CLOCK-20260811-001,PASS
EVT-000000002531,SIM-0002,2026082361312000018,PULSE-EXP-0002-0009-08312,EXP-0002-0009,SNSPD-04,X,-,34.113664,7.824305,SIGNAL,0x0000,CAL-20260811-001,CLOCK-20260811-001,PASS
EVT-000000002532,SIM-0002,2026082362587000137,PULSE-EXP-0002-0009-09587,EXP-0002-0009,SNSPD-01,Z,+,32.641268,7.836743,SIGNAL,0x0000,CAL-20260811-001,CLOCK-20260811-001,PASS
EVT-000000002533,SIM-0002,2026082364081000053,PULSE-EXP-0002-0019-00081,EXP-0002-0019,SNSPD-02,Z,-,31.648529,8.699479,SIGNAL,0x0000,CAL-20260811-001,CLOCK-20260811-001,PASS
EVT-000000002534,SIM-0002,2026082364474000049,PULSE-EXP-0002-0019-00474,EXP-0002-0019,SNSPD-02,Z,-,28.479088,8.348232,SIGNAL,0x0000,CAL-20260811-001,CLOCK-20260811-001,PASS
EVT-000000002535,SIM-0002,2026082364507000158,PULSE-EXP-0002-0019-00507,EXP-0002-0019,SNSPD-03,X,+,31.073187,8.740116,SIGNAL,0x0000,CAL-20260811-001,CLOCK-20260811-001,PASS
EVT-000000002536,SIM-0002,2026082364563000189,PULSE-EXP-0002-0019-00563,EXP-0002-0019,SNSPD-01,Z,+,36.156551,7.833310,SIGNAL,0x0000,CAL-20260811-001,CLOCK-20260811-001,PASS
EVT-000000002537,SIM-0002,2026082364663000067,PULSE-EXP-0002-0019-00663,EXP-0002-0019,SNSPD-05,Y,+,31.727361,7.908671,SIGNAL,0x0000,CAL-20260811-001,CLOCK-20260811-001,PASS
EVT-000000002538,SIM-0002,2026082364754000164,PULSE-EXP-0002-0019-00754,EXP-0002-0019,SNSPD-01,Z,+,33.801837,7.248927,SIGNAL,0x0000,CAL-20260811-001,CLOCK-20260811-001,PASS
EVT-000000002539,SIM-0002,2026082364782000116,PULSE-EXP-0002-0019-00782,EXP-0002-0019,SNSPD-01,Z,+,34.549836,7.215404,SIGNAL,0x0000,CAL-20260811-001,CLOCK-20260811-001,PASS
EVT-000000002540,SIM-0002,2026082364784000021,PULSE-EXP-0002-0019-00784,EXP-0002-0019,SNSPD-06,Y,-,32.543232,6.976269,SIGNAL,0x0000,CAL-20260811-001,CLOCK-20260811-001,PASS
EVT-000000002541,SIM-0002,2026082365103000064,PULSE-EXP-0002-0019-01103,EXP-0002-0019,SNSPD-01,Z,+,33.786806,7.902772,SIGNAL,0x0000,CAL-20260811-001,CLOCK-20260811-001,PASS
EVT-000000002542,SIM-0002,2026082365373000127,PULSE-EXP-0002-0019-01373,EXP-0002-0019,SNSPD-05,Y,+,32.660840,6.633855,SIGNAL,0x0000,CAL-20260811-001,CLOCK-20260811-001,PASS
EVT-000000002543,SIM-0002,2026082365392000092,PULSE-EXP-0002-0019-01392,EXP-0002-0019,SNSPD-04,X,-,37.205644,7.203309,SIGNAL,0x0000,CAL-20260811-001,CLOCK-20260811-001,PASS
EVT-000000002544,SIM-0002,2026082366058000019,PULSE-EXP-0002-0019-02058,EXP-0002-0019,SNSPD-03,X,+,33.417326,7.410567,SIGNAL,0x0000,CAL-20260811-001,CLOCK-20260811-001,PASS
EVT-000000002545,SIM-0002,2026082366422000138,PULSE-EXP-0002-0019-02422,EXP-0002-0019,SNSPD-06,Y,-,29.392109,7.737275,SIGNAL,0x0000,CAL-20260811-001,CLOCK-20260811-001,PASS
EVT-000000002546,SIM-0002,2026082366555000175,PULSE-EXP-0002-0019-02555,EXP-0002-0019,SNSPD-01,Z,+,29.382519,7.807709,SIGNAL,0x0000,CAL-20260811-001,CLOCK-20260811-001,PASS
EVT-000000002547,SIM-0002,2026082366558000148,PULSE-EXP-0002-0019-02558,EXP-0002-0019,SNSPD-05,Y,+,31.409197,9.282365,SIGNAL,0x0000,CAL-20260811-001,CLOCK-20260811-001,PASS
EVT-000000002548,SIM-0002,2026082366593000193,PULSE-EXP-0002-0019-02593,EXP-0002-0019,SNSPD-04,X,-,31.351349,8.539371,SIGNAL,0x0000,CAL-20260811-001,CLOCK-20260811-001,PASS
EVT-000000002549,SIM-0002,2026082367060000115,PULSE-EXP-0002-0019-03060,EXP-0002-0019,SNSPD-02,Z,-,31.292714,8.319570,SIGNAL,0x0000,CAL-20260811-001,CLOCK-20260811-001,PASS
EVT-000000002550,SIM-0002,2026082367082000097,PULSE-EXP-0002-0019-03082,EXP-0002-0019,SNSPD-04,X,-,31.984486,7.980524,SIGNAL,0x0000,CAL-20260811-001,CLOCK-20260811-001,PASS
EVT-000000002551,SIM-0002,2026082367316000074,PULSE-EXP-0002-0019-03316,EXP-0002-0019,SNSPD-06,Y,-,33.018843,8.375670,SIGNAL,0x0000,CAL-20260811-001,CLOCK-20260811-001,PASS
EVT-000000002552,SIM-0002,2026082367407000046,PULSE-EXP-0002-0019-03407,EXP-0002-0019,SNSPD-04,X,-,29.705685,9.033921,SIGNAL,0x0000,CAL-20260811-001,CLOCK-20260811-001,PASS
EVT-000000002553,SIM-0002,2026082367688000050,PULSE-EXP-0002-0019-03688,EXP-0002-0019,SNSPD-06,Y,-,26.976706,8.035562,SIGNAL,0x0000,CAL-20260811-001,CLOCK-20260811-001,PASS
EVT-000000002554,SIM-0002,2026082367959000063,PULSE-EXP-0002-0019-03959,EXP-0002-0019,SNSPD-01,Z,+,30.205206,8.307725,SIGNAL,0x0000,CAL-20260811-001,CLOCK-20260811-001,PASS
EVT-000000002555,SIM-0002,2026082368012000040,PULSE-EXP-0002-0019-04012,EXP-0002-0019,SNSPD-03,X,+,32.399650,8.306881,SIGNAL,0x0000,CAL-20260811-001,CLOCK-20260811-001,PASS
EVT-000000002556,SIM-0002,2026082368095000016,PULSE-EXP-0002-0019-04095,EXP-0002-0019,SNSPD-06,Y,-,30.856726,8.905649,SIGNAL,0x0000,CAL-20260811-001,CLOCK-20260811-001,PASS
EVT-000000002557,SIM-0002,2026082368340000067,PULSE-EXP-0002-0019-04340,EXP-0002-0019,SNSPD-06,Y,-,35.839590,8.016756,SIGNAL,0x0000,CAL-20260811-001,CLOCK-20260811-001,PASS
EVT-000000002558,SIM-0002,2026082368886000051,PULSE-EXP-0002-0019-04886,EXP-0002-0019,SNSPD-04,X,-,35.511008,7.127217,SIGNAL,0x0000,CAL-20260811-001,CLOCK-20260811-001,PASS
EVT-000000002559,SIM-0002,2026082368980000067,PULSE-EXP-0002-0019-04980,EXP-0002-0019,SNSPD-01,Z,+,33.064272,7.785869,SIGNAL,0x0000,CAL-20260811-001,CLOCK-20260811-001,PASS
EVT-000000002560,SIM-0002,2026082369474000037,PULSE-EXP-0002-0019-05474,EXP-0002-0019,SNSPD-06,Y,-,30.722626,8.261711,SIGNAL,0x0000,CAL-20260811-001,CLOCK-20260811-001,PASS
EVT-000000002561,SIM-0002,2026082369831000144,PULSE-EXP-0002-0019-05831,EXP-0002-0019,SNSPD-01,Z,+,28.868730,7.314427,SIGNAL,0x0000,CAL-20260811-001,CLOCK-20260811-001,PASS
EVT-000000002562,SIM-0002,2026082370032000085,PULSE-EXP-0002-0019-06032,EXP-0002-0019,SNSPD-03,X,+,33.076597,8.571784,SIGNAL,0x0000,CAL-20260811-001,CLOCK-20260811-001,PASS
EVT-000000002563,SIM-0002,2026082370369000100,PULSE-EXP-0002-0019-06369,EXP-0002-0019,SNSPD-01,Z,+,34.201004,8.782281,SIGNAL,0x0000,CAL-20260811-001,CLOCK-20260811-001,PASS
EVT-000000002564,SIM-0002,2026082370381000192,PULSE-EXP-0002-0019-06381,EXP-0002-0019,SNSPD-01,Z,+,32.998378,8.488320,SIGNAL,0x0000,CAL-20260811-001,CLOCK-20260811-001,PASS
EVT-000000002565,SIM-0002,2026082370531000085,PULSE-EXP-0002-0019-06531,EXP-0002-0019,SNSPD-06,Y,-,32.482160,8.286472,SIGNAL,0x0000,CAL-20260811-001,CLOCK-20260811-001,PASS
EVT-000000002566,SIM-0002,2026082370544000171,PULSE-EXP-0002-0019-06544,EXP-0002-0019,SNSPD-01,Z,+,30.511713,8.357078,SIGNAL,0x0000,CAL-20260811-001,CLOCK-20260811-001,PASS
EVT-000000002567,SIM-0002,2026082370670000015,PULSE-EXP-0002-0019-06670,EXP-0002-0019,SNSPD-04,X,-,31.221923,7.566745,SIGNAL,0x0000,CAL-20260811-001,CLOCK-20260811-001,PASS
EVT-000000002568,SIM-0002,2026082370696000023,PULSE-EXP-0002-0019-06696,EXP-0002-0019,SNSPD-06,Y,-,32.483191,8.651293,SIGNAL,0x0000,CAL-20260811-001,CLOCK-20260811-001,PASS
EVT-000000002569,SIM-0002,2026082370702000068,PULSE-EXP-0002-0019-06702,EXP-0002-0019,SNSPD-02,Z,-,33.453964,8.298049,SIGNAL,0x0000,CAL-20260811-001,CLOCK-20260811-001,PASS
EVT-000000002570,SIM-0002,2026082370773000151,PULSE-EXP-0002-0019-06773,EXP-0002-0019,SNSPD-03,X,+,30.783957,8.443720,SIGNAL,0x0000,CAL-20260811-001,CLOCK-20260811-001,PASS
EVT-000000002571,SIM-0002,2026082370863000163,PULSE-EXP-0002-0019-06863,EXP-0002-0019,SNSPD-06,Y,-,31.345254,8.072872,SIGNAL,0x0000,CAL-20260811-001,CLOCK-20260811-001,PASS
EVT-000000002572,SIM-0002,2026082370990000083,PULSE-EXP-0002-0019-06990,EXP-0002-0019,SNSPD-04,X,-,32.681460,7.770115,SIGNAL,0x0000,CAL-20260811-001,CLOCK-20260811-001,PASS
EVT-000000002573,SIM-0002,2026082371144000036,PULSE-EXP-0002-0019-07144,EXP-0002-0019,SNSPD-05,Y,+,32.338246,8.165043,SIGNAL,0x0000,CAL-20260811-001,CLOCK-20260811-001,PASS
EVT-000000002574,SIM-0002,2026082371162000014,PULSE-EXP-0002-0019-07162,EXP-0002-0019,SNSPD-04,X,-,29.020401,8.937863,SIGNAL,0x0000,CAL-20260811-001,CLOCK-20260811-001,PASS
EVT-000000002575,SIM-0002,2026082371457000037,PULSE-EXP-0002-0019-07457,EXP-0002-0019,SNSPD-05,Y,+,37.010938,8.356079,SIGNAL,0x0000,CAL-20260811-001,CLOCK-20260811-001,PASS
EVT-000000002576,SIM-0002,2026082371583000138,PULSE-EXP-0002-0019-07583,EXP-0002-0019,SNSPD-03,X,+,30.517666,8.303726,SIGNAL,0x0000,CAL-20260811-001,CLOCK-20260811-001,PASS
EVT-000000002577,SIM-0002,2026082371645000141,PULSE-EXP-0002-0019-07645,EXP-0002-0019,SNSPD-06,Y,-,31.629221,7.944929,SIGNAL,0x0000,CAL-20260811-001,CLOCK-20260811-001,PASS
EVT-000000002578,SIM-0002,2026082371874000150,PULSE-EXP-0002-0019-07874,EXP-0002-0019,SNSPD-02,Z,-,31.810199,7.910022,SIGNAL,0x0000,CAL-20260811-001,CLOCK-20260811-001,PASS
EVT-000000002579,SIM-0002,2026082371962000046,PULSE-EXP-0002-0019-07962,EXP-0002-0019,SNSPD-03,X,+,32.966899,8.356272,SIGNAL,0x0000,CAL-20260811-001,CLOCK-20260811-001,PASS
EVT-000000002580,SIM-0002,2026082372418000150,PULSE-EXP-0002-0019-08418,EXP-0002-0019,SNSPD-06,Y,-,32.754834,7.974591,SIGNAL,0x0000,CAL-20260811-001,CLOCK-20260811-001,PASS
EVT-000000002581,SIM-0002,2026082372465000171,PULSE-EXP-0002-0019-08465,EXP-0002-0019,SNSPD-01,Z,+,33.541423,8.800146,SIGNAL,0x0000,CAL-20260811-001,CLOCK-20260811-001,PASS
EVT-000000002582,SIM-0002,2026082372584000074,PULSE-EXP-0002-0019-08584,EXP-0002-0019,SNSPD-05,Y,+,33.697103,8.180391,SIGNAL,0x0000,CAL-20260811-001,CLOCK-20260811-001,PASS
EVT-000000002583,SIM-0002,2026082373793000084,PULSE-EXP-0002-0019-09793,EXP-0002-0019,SNSPD-01,Z,+,32.633291,8.324398,SIGNAL,0x0000,CAL-20260811-001,CLOCK-20260811-001,PASS
EVT-000000002584,SIM-0002,2026082375673000088,PULSE-EXP-0002-0008-00673,EXP-0002-0008,SNSPD-04,X,-,33.265445,8.975147,SIGNAL,0x0000,CAL-20260811-001,CLOCK-20260811-001,PASS
EVT-000000002585,SIM-0002,2026082375790000162,PULSE-EXP-0002-0008-00790,EXP-0002-0008,SNSPD-03,X,+,33.584903,8.371124,SIGNAL,0x0000,CAL-20260811-001,CLOCK-20260811-001,PASS
EVT-000000002586,SIM-0002,2026082375921000101,PULSE-EXP-0002-0008-00921,EXP-0002-0008,SNSPD-05,Y,+,32.926849,8.973288,SIGNAL,0x0000,CAL-20260811-001,CLOCK-20260811-001,PASS
EVT-000000002587,SIM-0002,2026082376355000055,PULSE-EXP-0002-0008-01355,EXP-0002-0008,SNSPD-06,Y,-,32.590093,8.366332,SIGNAL,0x0000,CAL-20260811-001,CLOCK-20260811-001,PASS
EVT-000000002588,SIM-0002,2026082377646000095,PULSE-EXP-0002-0008-02646,EXP-0002-0008,SNSPD-01,Z,+,33.659726,7.823601,SIGNAL,0x0000,CAL-20260811-001,CLOCK-20260811-001,PASS
EVT-000000002589,SIM-0002,2026082378002000195,PULSE-EXP-0002-0008-03002,EXP-0002-0008,SNSPD-06,Y,-,30.778968,7.880008,SIGNAL,0x0000,CAL-20260811-001,CLOCK-20260811-001,PASS
EVT-000000002590,SIM-0002,2026082378803000040,PULSE-EXP-0002-0008-03803,EXP-0002-0008,SNSPD-05,Y,+,30.142445,8.473574,SIGNAL,0x0000,CAL-20260811-001,CLOCK-20260811-001,PASS
EVT-000000002591,SIM-0002,2026082380195000027,PULSE-EXP-0002-0008-05195,EXP-0002-0008,SNSPD-01,Z,+,31.343401,7.077237,SIGNAL,0x0000,CAL-20260811-001,CLOCK-20260811-001,PASS
EVT-000000002592,SIM-0002,2026082382141000102,PULSE-EXP-0002-0008-07141,EXP-0002-0008,SNSPD-03,X,+,32.785485,7.947845,SIGNAL,0x0000,CAL-20260811-001,CLOCK-20260811-001,PASS
EVT-000000002593,SIM-0002,2026082383025000186,PULSE-EXP-0002-0008-08025,EXP-0002-0008,SNSPD-03,X,+,31.256198,7.507698,SIGNAL,0x0000,CAL-20260811-001,CLOCK-20260811-001,PASS
EVT-000000002594,SIM-0002,2026082383515000137,PULSE-EXP-0002-0008-08515,EXP-0002-0008,SNSPD-03,X,+,31.532341,8.119250,SIGNAL,0x0000,CAL-20260811-001,CLOCK-20260811-001,PASS
EVT-000000002595,SIM-0002,2026082388278000191,PULSE-EXP-0002-0013-02278,EXP-0002-0013,SNSPD-04,X,-,29.846603,9.010875,SIGNAL,0x0000,CAL-20260811-001,CLOCK-20260811-001,PASS
EVT-000000002596,SIM-0002,2026082388724000133,PULSE-EXP-0002-0013-02724,EXP-0002-0013,SNSPD-06,Y,-,29.211668,8.561914,SIGNAL,0x0000,CAL-20260811-001,CLOCK-20260811-001,PASS
EVT-000000002597,SIM-0002,2026082388765000055,PULSE-EXP-0002-0013-02765,EXP-0002-0013,SNSPD-02,Z,-,30.970595,8.037637,SIGNAL,0x0000,CAL-20260811-001,CLOCK-20260811-001,PASS
EVT-000000002598,SIM-0002,2026082390117000082,PULSE-EXP-0002-0013-04117,EXP-0002-0013,SNSPD-01,Z,+,33.654425,8.250985,SIGNAL,0x0000,CAL-20260811-001,CLOCK-20260811-001,PASS
EVT-000000002599,SIM-0002,2026082390782000116,PULSE-EXP-0002-0013-04782,EXP-0002-0013,SNSPD-05,Y,+,32.898366,7.972760,SIGNAL,0x0000,CAL-20260811-001,CLOCK-20260811-001,PASS
EVT-000000002600,SIM-0002,2026082390925000155,PULSE-EXP-0002-0013-04925,EXP-0002-0013,SNSPD-03,X,+,33.776359,8.416760,SIGNAL,0x0000,CAL-20260811-001,CLOCK-20260811-001,PASS
EVT-000000002601,SIM-0002,2026082391780000046,PULSE-EXP-0002-0013-05780,EXP-0002-0013,SNSPD-04,X,-,34.328633,7.927690,SIGNAL,0x0000,CAL-20260811-001,CLOCK-20260811-001,PASS
EVT-000000002602,SIM-0002,2026082392349000174,PULSE-EXP-0002-0013-06349,EXP-0002-0013,SNSPD-06,Y,-,30.949348,8.051008,SIGNAL,0x0000,CAL-20260811-001,CLOCK-20260811-001,PASS
EVT-000000002603,SIM-0002,2026082392464000189,PULSE-EXP-0002-0013-06464,EXP-0002-0013,SNSPD-05,Y,+,28.992958,7.754039,SIGNAL,0x0000,CAL-20260811-001,CLOCK-20260811-001,PASS
EVT-000000002604,SIM-0002,2026082392486000101,PULSE-EXP-0002-0013-06486,EXP-0002-0013,SNSPD-01,Z,+,31.700567,8.179352,SIGNAL,0x0000,CAL-20260811-001,CLOCK-20260811-001,PASS
EVT-000000002605,SIM-0002,2026082393142000056,PULSE-EXP-0002-0013-07142,EXP-0002-0013,SNSPD-03,X,+,29.523469,8.199616,SIGNAL,0x0000,CAL-20260811-001,CLOCK-20260811-001,PASS
EVT-000000002606,SIM-0002,2026082393395000127,PULSE-EXP-0002-0013-07395,EXP-0002-0013,SNSPD-06,Y,-,31.711567,7.225173,SIGNAL,0x0000,CAL-20260811-001,CLOCK-20260811-001,PASS
EVT-000000002607,SIM-0002,2026082393551000029,PULSE-EXP-0002-0013-07551,EXP-0002-0013,SNSPD-01,Z,+,31.387322,7.794213,SIGNAL,0x0000,CAL-20260811-001,CLOCK-20260811-001,PASS
EVT-000000002608,SIM-0002,2026082393732000018,PULSE-EXP-0002-0013-07732,EXP-0002-0013,SNSPD-05,Y,+,33.727119,7.973352,SIGNAL,0x0000,CAL-20260811-001,CLOCK-20260811-001,PASS
EVT-000000002609,SIM-0002,2026082394356000161,PULSE-EXP-0002-0013-08356,EXP-0002-0013,SNSPD-01,Z,+,29.079315,7.449181,SIGNAL,0x0000,CAL-20260811-001,CLOCK-20260811-001,PASS
EVT-000000002610,SIM-0002,2026082394811000042,PULSE-EXP-0002-0013-08811,EXP-0002-0013,SNSPD-05,Y,+,31.972706,8.872541,SIGNAL,0x0000,CAL-20260811-001,CLOCK-20260811-001,PASS
EVT-000000002611,SIM-0002,2026082394847000105,PULSE-EXP-0002-0013-08847,EXP-0002-0013,SNSPD-04,X,-,28.984279,6.882272,SIGNAL,0x0000,CAL-20260811-001,CLOCK-20260811-001,PASS
EVT-000000002612,SIM-0002,2026082395346000195,PULSE-EXP-0002-0013-09346,EXP-0002-0013,SNSPD-01,Z,+,31.036282,7.280367,SIGNAL,0x0000,CAL-20260811-001,CLOCK-20260811-001,PASS
EVT-000000002613,SIM-0002,2026082395411000180,PULSE-EXP-0002-0013-09411,EXP-0002-0013,SNSPD-05,Y,+,34.246589,8.617340,SIGNAL,0x0000,CAL-20260811-001,CLOCK-20260811-001,PASS
EVT-000000002614,SIM-0002,2026082395511000104,PULSE-EXP-0002-0013-09511,EXP-0002-0013,SNSPD-01,Z,+,32.582894,8.431559,SIGNAL,0x0000,CAL-20260811-001,CLOCK-20260811-001,PASS
EVT-000000002615,SIM-0003,2026083100782000090,PULSE-EXP-0003-0005-00782,EXP-0003-0005,SNSPD-06,Y,-,32.542781,6.698678,SIGNAL,0x0000,CAL-20260811-001,CLOCK-20260811-001,PASS
EVT-000000002616,SIM-0003,2026083105727000018,PULSE-EXP-0003-0005-05727,EXP-0003-0005,SNSPD-05,Y,+,35.567187,7.846301,SIGNAL,0x0000,CAL-20260811-001,CLOCK-20260811-001,PASS
EVT-000000002617,SIM-0003,2026083106026000050,PULSE-EXP-0003-0005-06026,EXP-0003-0005,SNSPD-01,Z,+,31.265318,8.233466,SIGNAL,0x0000,CAL-20260811-001,CLOCK-20260811-001,PASS
EVT-000000002618,SIM-0003,2026083106492000007,PULSE-EXP-0003-0005-06492,EXP-0003-0005,SNSPD-03,X,+,30.358246,7.353308,SIGNAL,0x0000,CAL-20260811-001,CLOCK-20260811-001,PASS
EVT-000000002619,SIM-0003,2026083107873000173,PULSE-EXP-0003-0005-07873,EXP-0003-0005,SNSPD-06,Y,-,28.909987,8.223966,SIGNAL,0x0000,CAL-20260811-001,CLOCK-20260811-001,PASS
EVT-000000002620,SIM-0003,2026083109470000186,PULSE-EXP-0003-0005-09470,EXP-0003-0005,SNSPD-01,Z,+,27.895647,8.008517,SIGNAL,0x0000,CAL-20260811-001,CLOCK-20260811-001,PASS
EVT-000000002621,SIM-0003,2026083113070000110,PULSE-EXP-0003-0025-02070,EXP-0003-0025,SNSPD-03,X,+,30.859761,7.790007,SIGNAL,0x0000,CAL-20260811-001,CLOCK-20260811-001,PASS
EVT-000000002622,SIM-0003,2026083115450000008,PULSE-EXP-0003-0025-04450,EXP-0003-0025,SNSPD-02,Z,-,32.573952,7.642223,SIGNAL,0x0000,CAL-20260811-001,CLOCK-20260811-001,PASS
EVT-000000002623,SIM-0003,2026083119287000040,PULSE-EXP-0003-0025-08287,EXP-0003-0025,SNSPD-02,Z,-,29.386731,8.318103,SIGNAL,0x0000,CAL-20260811-001,CLOCK-20260811-001,PASS
EVT-000000002624,SIM-0003,2026083123129000182,PULSE-EXP-0003-0019-01129,EXP-0003-0019,SNSPD-04,X,-,33.360479,7.286858,SIGNAL,0x0000,CAL-20260811-001,CLOCK-20260811-001,PASS
EVT-000000002625,SIM-0003,2026083126859000083,PULSE-EXP-0003-0019-04859,EXP-0003-0019,SNSPD-04,X,-,34.031523,7.716824,SIGNAL,0x0000,CAL-20260811-001,CLOCK-20260811-001,PASS
EVT-000000002626,SIM-0003,2026083134759000186,PULSE-EXP-0003-0024-01759,EXP-0003-0024,SNSPD-06,Y,-,33.378838,6.614141,SIGNAL,0x0000,CAL-20260811-001,CLOCK-20260811-001,PASS
EVT-000000002627,SIM-0003,2026083135598000166,PULSE-EXP-0003-0024-02598,EXP-0003-0024,SNSPD-02,Z,-,33.540630,7.709458,SIGNAL,0x0000,CAL-20260811-001,CLOCK-20260811-001,PASS
EVT-000000002628,SIM-0003,2026083140580000075,PULSE-EXP-0003-0024-07580,EXP-0003-0024,SNSPD-03,X,+,30.593027,8.250734,SIGNAL,0x0000,CAL-20260811-001,CLOCK-20260811-001,PASS
EVT-000000002629,SIM-0003,2026083146647000087,PULSE-EXP-0003-0007-02647,EXP-0003-0007,SNSPD-01,Z,+,35.161843,7.669471,SIGNAL,0x0000,CAL-20260811-001,CLOCK-20260811-001,PASS
EVT-000000002630,SIM-0003,2026083148695000159,PULSE-EXP-0003-0007-04695,EXP-0003-0007,SNSPD-06,Y,-,30.843886,8.025670,SIGNAL,0x0000,CAL-20260811-001,CLOCK-20260811-001,PASS
EVT-000000002631,SIM-0003,2026083149979000026,PULSE-EXP-0003-0007-05979,EXP-0003-0007,SNSPD-06,Y,-,30.911320,6.821271,SIGNAL,0x0000,CAL-20260811-001,CLOCK-20260811-001,PASS
EVT-000000002632,SIM-0003,2026083150469000198,PULSE-EXP-0003-0007-06469,EXP-0003-0007,SNSPD-05,Y,+,28.807237,7.746908,SIGNAL,0x0000,CAL-20260811-001,CLOCK-20260811-001,PASS
EVT-000000002633,SIM-0003,2026083151658000014,PULSE-EXP-0003-0007-07658,EXP-0003-0007,SNSPD-03,X,+,31.241070,7.815154,SIGNAL,0x0000,CAL-20260811-001,CLOCK-20260811-001,PASS
EVT-000000002634,SIM-0003,2026083152243000095,PULSE-EXP-0003-0007-08243,EXP-0003-0007,SNSPD-06,Y,-,33.929081,8.113367,SIGNAL,0x0000,CAL-20260811-001,CLOCK-20260811-001,PASS
EVT-000000002635,SIM-0003,2026083160163000071,PULSE-EXP-0003-0022-05163,EXP-0003-0022,SNSPD-03,X,+,35.939797,7.885279,SIGNAL,0x0000,CAL-20260811-001,CLOCK-20260811-001,PASS
EVT-000000002636,SIM-0003,2026083160242000112,PULSE-EXP-0003-0022-05242,EXP-0003-0022,SNSPD-03,X,+,33.392217,8.245004,SIGNAL,0x0000,CAL-20260811-001,CLOCK-20260811-001,PASS
EVT-000000002637,SIM-0003,2026083162830000053,PULSE-EXP-0003-0022-07830,EXP-0003-0022,SNSPD-06,Y,-,32.344648,8.711004,SIGNAL,0x0000,CAL-20260811-001,CLOCK-20260811-001,PASS
EVT-000000002638,SIM-0003,2026083164725000070,PULSE-EXP-0003-0022-09725,EXP-0003-0022,SNSPD-02,Z,-,33.399081,9.413808,SIGNAL,0x0000,CAL-20260811-001,CLOCK-20260811-001,PASS
EVT-000000002639,SIM-0003,2026083166845000100,PULSE-EXP-0003-0004-00845,EXP-0003-0004,SNSPD-04,X,-,30.850311,8.628770,SIGNAL,0x0000,CAL-20260811-001,CLOCK-20260811-001,PASS
EVT-000000002640,SIM-0003,2026083167567000065,PULSE-EXP-0003-0004-01567,EXP-0003-0004,SNSPD-02,Z,-,34.185553,8.625607,SIGNAL,0x0000,CAL-20260811-001,CLOCK-20260811-001,PASS
EVT-000000002641,SIM-0003,2026083167943000007,PULSE-EXP-0003-0004-01943,EXP-0003-0004,SNSPD-06,Y,-,32.726084,8.866926,SIGNAL,0x0000,CAL-20260811-001,CLOCK-20260811-001,PASS
EVT-000000002642,SIM-0003,2026083168330000178,PULSE-EXP-0003-0004-02330,EXP-0003-0004,SNSPD-05,Y,+,29.159396,6.879809,SIGNAL,0x0000,CAL-20260811-001,CLOCK-20260811-001,PASS
EVT-000000002643,SIM-0003,2026083169471000046,PULSE-EXP-0003-0004-03471,EXP-0003-0004,SNSPD-04,X,-,27.536535,8.041991,SIGNAL,0x0000,CAL-20260811-001,CLOCK-20260811-001,PASS
EVT-000000002644,SIM-0003,2026083172559000184,PULSE-EXP-0003-0004-06559,EXP-0003-0004,SNSPD-01,Z,+,33.630106,8.177954,SIGNAL,0x0000,CAL-20260811-001,CLOCK-20260811-001,PASS
EVT-000000002645,SIM-0003,2026083175219000088,PULSE-EXP-0003-0004-09219,EXP-0003-0004,SNSPD-05,Y,+,34.422077,7.866730,SIGNAL,0x0000,CAL-20260811-001,CLOCK-20260811-001,PASS
EVT-000000002646,SIM-0003,2026083175692000154,PULSE-EXP-0003-0004-09692,EXP-0003-0004,SNSPD-06,Y,-,29.270129,8.556506,SIGNAL,0x0000,CAL-20260811-001,CLOCK-20260811-001,PASS
EVT-000000002647,SIM-0003,2026083177351000125,PULSE-EXP-0003-0001-00351,EXP-0003-0001,SNSPD-04,X,-,34.565525,7.299579,SIGNAL,0x0000,CAL-20260811-001,CLOCK-20260811-001,PASS
EVT-000000002648,SIM-0003,2026083180832000012,PULSE-EXP-0003-0001-03832,EXP-0003-0001,SNSPD-03,X,+,33.984233,8.308580,SIGNAL,0x0000,CAL-20260811-001,CLOCK-20260811-001,PASS
EVT-000000002649,SIM-0003,2026083183095000028,PULSE-EXP-0003-0001-06095,EXP-0003-0001,SNSPD-04,X,-,27.067216,7.221086,SIGNAL,0x0000,CAL-20260811-001,CLOCK-20260811-001,PASS
EVT-000000002650,SIM-0003,2026083186510000134,PULSE-EXP-0003-0001-09510,EXP-0003-0001,SNSPD-03,X,+,34.146943,8.476066,SIGNAL,0x0000,CAL-20260811-001,CLOCK-20260811-001,PASS
EVT-000000002651,SIM-0003,2026083189947000127,PULSE-EXP-0003-0009-01947,EXP-0003-0009,SNSPD-02,Z,-,33.739843,8.107847,SIGNAL,0x0000,CAL-20260811-001,CLOCK-20260811-001,PASS
EVT-000000002652,SIM-0003,2026083191011000075,PULSE-EXP-0003-0009-03011,EXP-0003-0009,SNSPD-04,X,-,30.833462,7.903896,SIGNAL,0x0000,CAL-20260811-001,CLOCK-20260811-001,PASS
EVT-000000002653,SIM-0003,2026083192415000150,PULSE-EXP-0003-0009-04415,EXP-0003-0009,SNSPD-04,X,-,29.614198,8.117621,SIGNAL,0x0000,CAL-20260811-001,CLOCK-20260811-001,PASS
EVT-000000002654,SIM-0003,2026083196439000118,PULSE-EXP-0003-0009-08439,EXP-0003-0009,SNSPD-02,Z,-,32.465542,8.535612,SIGNAL,0x0000,CAL-20260811-001,CLOCK-20260811-001,PASS
EVT-000000002655,SIM-0003,2026083196638000144,PULSE-EXP-0003-0009-08638,EXP-0003-0009,SNSPD-05,Y,+,32.332705,7.085843,SIGNAL,0x0000,CAL-20260811-001,CLOCK-20260811-001,PASS
EVT-000000002656,SIM-0003,2026083199029000183,PULSE-EXP-0003-0003-00029,EXP-0003-0003,SNSPD-03,X,+,32.538275,6.038017,SIGNAL,0x0000,CAL-20260811-001,CLOCK-20260811-001,PASS
EVT-000000002657,SIM-0003,2026083199671000191,PULSE-EXP-0003-0003-00671,EXP-0003-0003,SNSPD-03,X,+,29.674005,8.116020,SIGNAL,0x0000,CAL-20260811-001,CLOCK-20260811-001,PASS
EVT-000000002658,SIM-0003,2026083199850000067,PULSE-EXP-0003-0003-00850,EXP-0003-0003,SNSPD-01,Z,+,30.354167,8.155091,SIGNAL,0x0000,CAL-20260811-001,CLOCK-20260811-001,PASS
EVT-000000002659,SIM-0003,2026083200031000170,PULSE-EXP-0003-0003-01031,EXP-0003-0003,SNSPD-01,Z,+,29.930327,8.961570,SIGNAL,0x0000,CAL-20260811-001,CLOCK-20260811-001,PASS
EVT-000000002660,SIM-0003,2026083201243000049,PULSE-EXP-0003-0003-02243,EXP-0003-0003,SNSPD-01,Z,+,28.879833,8.400697,SIGNAL,0x0000,CAL-20260811-001,CLOCK-20260811-001,PASS
EVT-000000002661,SIM-0003,2026083202910000154,PULSE-EXP-0003-0003-03910,EXP-0003-0003,SNSPD-03,X,+,30.852807,6.927158,SIGNAL,0x0000,CAL-20260811-001,CLOCK-20260811-001,PASS
EVT-000000002662,SIM-0003,2026083204434000112,PULSE-EXP-0003-0003-05434,EXP-0003-0003,SNSPD-06,Y,-,33.628540,7.946989,SIGNAL,0x0000,CAL-20260811-001,CLOCK-20260811-001,PASS
EVT-000000002663,SIM-0003,2026083204879000165,PULSE-EXP-0003-0003-05879,EXP-0003-0003,SNSPD-06,Y,-,30.632627,7.789704,SIGNAL,0x0000,CAL-20260811-001,CLOCK-20260811-001,PASS
EVT-000000002664,SIM-0003,2026083217884000036,PULSE-EXP-0003-0014-07884,EXP-0003-0014,SNSPD-03,X,+,29.869540,9.743768,SIGNAL,0x0000,CAL-20260811-001,CLOCK-20260811-001,PASS
EVT-000000002665,SIM-0003,2026083219677000166,PULSE-EXP-0003-0014-09677,EXP-0003-0014,SNSPD-06,Y,-,30.444739,8.700547,SIGNAL,0x0000,CAL-20260811-001,CLOCK-20260811-001,PASS
EVT-000000002666,SIM-0003,2026083219770000037,PULSE-EXP-0003-0014-09770,EXP-0003-0014,SNSPD-06,Y,-,32.976930,7.638354,SIGNAL,0x0000,CAL-20260811-001,CLOCK-20260811-001,PASS
EVT-000000002667,SIM-0003,2026083221081000169,PULSE-EXP-0003-0018-00081,EXP-0003-0018,SNSPD-06,Y,-,32.727279,7.504499,SIGNAL,0x0000,CAL-20260811-001,CLOCK-20260811-001,PASS
EVT-000000002668,SIM-0003,2026083221554000112,PULSE-EXP-0003-0018-00554,EXP-0003-0018,SNSPD-04,X,-,32.273665,8.420329,SIGNAL,0x0000,CAL-20260811-001,CLOCK-20260811-001,PASS
EVT-000000002669,SIM-0003,2026083223261000024,PULSE-EXP-0003-0018-02261,EXP-0003-0018,SNSPD-05,Y,+,32.071447,8.519570,SIGNAL,0x0000,CAL-20260811-001,CLOCK-20260811-001,PASS
EVT-000000002670,SIM-0003,2026083223946000076,PULSE-EXP-0003-0018-02946,EXP-0003-0018,SNSPD-01,Z,+,30.953991,6.677562,SIGNAL,0x0000,CAL-20260811-001,CLOCK-20260811-001,PASS
EVT-000000002671,SIM-0003,2026083225188000024,PULSE-EXP-0003-0018-04188,EXP-0003-0018,SNSPD-04,X,-,30.665606,7.456029,SIGNAL,0x0000,CAL-20260811-001,CLOCK-20260811-001,PASS
EVT-000000002672,SIM-0003,2026083226742000143,PULSE-EXP-0003-0018-05742,EXP-0003-0018,SNSPD-04,X,-,30.179027,8.071084,SIGNAL,0x0000,CAL-20260811-001,CLOCK-20260811-001,PASS
EVT-000000002673,SIM-0003,2026083227564000125,PULSE-EXP-0003-0018-06564,EXP-0003-0018,SNSPD-05,Y,+,30.323862,7.070917,SIGNAL,0x0000,CAL-20260811-001,CLOCK-20260811-001,PASS
EVT-000000002674,SIM-0003,2026083227846000158,PULSE-EXP-0003-0018-06846,EXP-0003-0018,SNSPD-06,Y,-,28.481646,7.948883,SIGNAL,0x0000,CAL-20260811-001,CLOCK-20260811-001,PASS
EVT-000000002675,SIM-0003,2026083234026000097,PULSE-EXP-0003-0017-02026,EXP-0003-0017,SNSPD-05,Y,+,31.749424,8.391151,SIGNAL,0x0000,CAL-20260811-001,CLOCK-20260811-001,PASS
EVT-000000002676,SIM-0003,2026083243366000122,PULSE-EXP-0003-0006-00366,EXP-0003-0006,SNSPD-02,Z,-,32.388288,7.233067,SIGNAL,0x0000,CAL-20260811-001,CLOCK-20260811-001,PASS
EVT-000000002677,SIM-0003,2026083243526000181,PULSE-EXP-0003-0006-00526,EXP-0003-0006,SNSPD-06,Y,-,30.576405,8.347007,SIGNAL,0x0000,CAL-20260811-001,CLOCK-20260811-001,PASS
EVT-000000002678,SIM-0003,2026083246144000110,PULSE-EXP-0003-0006-03144,EXP-0003-0006,SNSPD-04,X,-,32.023789,8.012466,SIGNAL,0x0000,CAL-20260811-001,CLOCK-20260811-001,PASS
EVT-000000002679,SIM-0003,2026083247705000153,PULSE-EXP-0003-0006-04705,EXP-0003-0006,SNSPD-06,Y,-,36.935529,7.615763,SIGNAL,0x0000,CAL-20260811-001,CLOCK-20260811-001,PASS
EVT-000000002680,SIM-0003,2026083248571000106,PULSE-EXP-0003-0006-05571,EXP-0003-0006,SNSPD-06,Y,-,32.568231,8.811177,SIGNAL,0x0000,CAL-20260811-001,CLOCK-20260811-001,PASS
EVT-000000002681,SIM-0003,2026083250395000120,PULSE-EXP-0003-0006-07395,EXP-0003-0006,SNSPD-06,Y,-,29.356743,8.226617,SIGNAL,0x0000,CAL-20260811-001,CLOCK-20260811-001,PASS
EVT-000000002682,SIM-0003,2026083251863000040,PULSE-EXP-0003-0006-08863,EXP-0003-0006,SNSPD-04,X,-,31.945835,8.088231,SIGNAL,0x0000,CAL-20260811-001,CLOCK-20260811-001,PASS
EVT-000000002683,SIM-0003,2026083256339000076,PULSE-EXP-0003-0010-02339,EXP-0003-0010,SNSPD-05,Y,+,33.324236,8.528847,SIGNAL,0x0000,CAL-20260811-001,CLOCK-20260811-001,PASS
EVT-000000002684,SIM-0003,2026083258383000163,PULSE-EXP-0003-0010-04383,EXP-0003-0010,SNSPD-06,Y,-,31.455753,8.072741,SIGNAL,0x0000,CAL-20260811-001,CLOCK-20260811-001,PASS
EVT-000000002685,SIM-0003,2026083260615000194,PULSE-EXP-0003-0010-06615,EXP-0003-0010,SNSPD-05,Y,+,33.066864,7.890834,SIGNAL,0x0000,CAL-20260811-001,CLOCK-20260811-001,PASS
EVT-000000002686,SIM-0003,2026083260708000082,PULSE-EXP-0003-0010-06708,EXP-0003-0010,SNSPD-04,X,-,32.547105,7.732455,SIGNAL,0x0000,CAL-20260811-001,CLOCK-20260811-001,PASS
EVT-000000002687,SIM-0003,2026083269803000082,PULSE-EXP-0003-0020-04803,EXP-0003-0020,SNSPD-01,Z,+,27.292455,8.057486,SIGNAL,0x0000,CAL-20260811-001,CLOCK-20260811-001,PASS
EVT-000000002688,SIM-0003,2026083270441000141,PULSE-EXP-0003-0020-05441,EXP-0003-0020,SNSPD-05,Y,+,30.472218,8.069388,SIGNAL,0x0000,CAL-20260811-001,CLOCK-20260811-001,PASS
EVT-000000002689,SIM-0003,2026083271766000171,PULSE-EXP-0003-0020-06766,EXP-0003-0020,SNSPD-04,X,-,32.753298,7.619294,SIGNAL,0x0000,CAL-20260811-001,CLOCK-20260811-001,PASS
EVT-000000002690,SIM-0003,2026083273152000045,PULSE-EXP-0003-0020-08152,EXP-0003-0020,SNSPD-03,X,+,30.775888,7.594850,SIGNAL,0x0000,CAL-20260811-001,CLOCK-20260811-001,PASS
EVT-000000002691,SIM-0003,2026083273863000186,PULSE-EXP-0003-0020-08863,EXP-0003-0020,SNSPD-05,Y,+,30.785260,7.394765,SIGNAL,0x0000,CAL-20260811-001,CLOCK-20260811-001,PASS
EVT-000000002692,SIM-0003,2026083274517000077,PULSE-EXP-0003-0020-09517,EXP-0003-0020,SNSPD-02,Z,-,30.719825,8.400130,SIGNAL,0x0000,CAL-20260811-001,CLOCK-20260811-001,PASS
EVT-000000002693,SIM-0003,2026083277940000156,PULSE-EXP-0003-0023-01940,EXP-0003-0023,SNSPD-06,Y,-,33.431879,7.972810,SIGNAL,0x0000,CAL-20260811-001,CLOCK-20260811-001,PASS
EVT-000000002694,SIM-0003,2026083278420000069,PULSE-EXP-0003-0023-02420,EXP-0003-0023,SNSPD-03,X,+,33.739681,7.188802,SIGNAL,0x0000,CAL-20260811-001,CLOCK-20260811-001,PASS
EVT-000000002695,SIM-0003,2026083279955000124,PULSE-EXP-0003-0023-03955,EXP-0003-0023,SNSPD-03,X,+,28.762637,8.779982,SIGNAL,0x0000,CAL-20260811-001,CLOCK-20260811-001,PASS
EVT-000000002696,SIM-0003,2026083281116000045,PULSE-EXP-0003-0023-05116,EXP-0003-0023,SNSPD-03,X,+,29.739509,7.898736,SIGNAL,0x0000,CAL-20260811-001,CLOCK-20260811-001,PASS
EVT-000000002697,SIM-0003,2026083282632000023,PULSE-EXP-0003-0023-06632,EXP-0003-0023,SNSPD-03,X,+,33.627264,7.823481,SIGNAL,0x0000,CAL-20260811-001,CLOCK-20260811-001,PASS
EVT-000000002698,SIM-0003,2026083282810000170,PULSE-EXP-0003-0023-06810,EXP-0003-0023,SNSPD-02,Z,-,33.110576,7.680760,SIGNAL,0x0000,CAL-20260811-001,CLOCK-20260811-001,PASS
EVT-000000002699,SIM-0003,2026083283886000081,PULSE-EXP-0003-0023-07886,EXP-0003-0023,SNSPD-06,Y,-,33.099156,7.990167,SIGNAL,0x0000,CAL-20260811-001,CLOCK-20260811-001,PASS
EVT-000000002700,SIM-0003,2026083284008000001,PULSE-EXP-0003-0023-08008,EXP-0003-0023,SNSPD-03,X,+,31.461462,7.944792,SIGNAL,0x0000,CAL-20260811-001,CLOCK-20260811-001,PASS
EVT-000000002701,SIM-0003,2026083284226000007,PULSE-EXP-0003-0023-08226,EXP-0003-0023,SNSPD-01,Z,+,33.889919,8.135652,SIGNAL,0x0000,CAL-20260811-001,CLOCK-20260811-001,PASS
EVT-000000002702,SIM-0003,2026083287513000072,PULSE-EXP-0003-0015-00513,EXP-0003-0015,SNSPD-02,Z,-,31.562767,7.459989,SIGNAL,0x0000,CAL-20260811-001,CLOCK-20260811-001,PASS
EVT-000000002703,SIM-0003,2026083288298000181,PULSE-EXP-0003-0015-01298,EXP-0003-0015,SNSPD-02,Z,-,34.506342,8.600336,SIGNAL,0x0000,CAL-20260811-001,CLOCK-20260811-001,PASS
EVT-000000002704,SIM-0003,2026083289684000195,PULSE-EXP-0003-0015-02684,EXP-0003-0015,SNSPD-01,Z,+,32.775811,8.521815,SIGNAL,0x0000,CAL-20260811-001,CLOCK-20260811-001,PASS
EVT-000000002705,SIM-0003,2026083290350000158,PULSE-EXP-0003-0015-03350,EXP-0003-0015,SNSPD-01,Z,+,31.195092,7.155067,SIGNAL,0x0000,CAL-20260811-001,CLOCK-20260811-001,PASS
EVT-000000002706,SIM-0003,2026083304194000091,PULSE-EXP-0003-0013-06194,EXP-0003-0013,SNSPD-02,Z,-,31.318572,7.301010,SIGNAL,0x0000,CAL-20260811-001,CLOCK-20260811-001,PASS
EVT-000000002707,SIM-0003,2026083304983000164,PULSE-EXP-0003-0013-06983,EXP-0003-0013,SNSPD-02,Z,-,30.476996,8.309530,SIGNAL,0x0000,CAL-20260811-001,CLOCK-20260811-001,PASS
EVT-000000002708,SIM-0003,2026083305990000018,PULSE-EXP-0003-0013-07990,EXP-0003-0013,SNSPD-01,Z,+,32.530419,7.959511,SIGNAL,0x0000,CAL-20260811-001,CLOCK-20260811-001,PASS
EVT-000000002709,SIM-0003,2026083309460000006,PULSE-EXP-0003-0008-00460,EXP-0003-0008,SNSPD-03,X,+,31.372430,8.933698,SIGNAL,0x0000,CAL-20260811-001,CLOCK-20260811-001,PASS
EVT-000000002710,SIM-0003,2026083310831000107,PULSE-EXP-0003-0008-01831,EXP-0003-0008,SNSPD-01,Z,+,32.494750,7.444732,SIGNAL,0x0000,CAL-20260811-001,CLOCK-20260811-001,PASS
EVT-000000002711,SIM-0003,2026083313367000036,PULSE-EXP-0003-0008-04367,EXP-0003-0008,SNSPD-03,X,+,31.828486,8.318845,SIGNAL,0x0000,CAL-20260811-001,CLOCK-20260811-001,PASS
EVT-000000002712,SIM-0003,2026083315411000068,PULSE-EXP-0003-0008-06411,EXP-0003-0008,SNSPD-02,Z,-,31.364410,8.069099,SIGNAL,0x0000,CAL-20260811-001,CLOCK-20260811-001,PASS
EVT-000000002713,SIM-0003,2026083315845000019,PULSE-EXP-0003-0008-06845,EXP-0003-0008,SNSPD-05,Y,+,31.598060,8.137825,SIGNAL,0x0000,CAL-20260811-001,CLOCK-20260811-001,PASS
EVT-000000002714,SIM-0003,2026083316966000093,PULSE-EXP-0003-0008-07966,EXP-0003-0008,SNSPD-04,X,-,32.934456,7.745542,SIGNAL,0x0000,CAL-20260811-001,CLOCK-20260811-001,PASS
EVT-000000002715,SIM-0003,2026083317043000199,PULSE-EXP-0003-0008-08043,EXP-0003-0008,SNSPD-03,X,+,30.451153,8.005909,SIGNAL,0x0000,CAL-20260811-001,CLOCK-20260811-001,PASS
EVT-000000002716,SIM-0003,2026083317345000134,PULSE-EXP-0003-0008-08345,EXP-0003-0008,SNSPD-04,X,-,32.759434,8.375787,SIGNAL,0x0000,CAL-20260811-001,CLOCK-20260811-001,PASS
EVT-000000002717,SIM-0003,2026083322245000147,PULSE-EXP-0003-0021-02245,EXP-0003-0021,SNSPD-02,Z,-,28.697117,8.151237,SIGNAL,0x0000,CAL-20260811-001,CLOCK-20260811-001,PASS
EVT-000000002718,SIM-0003,2026083327790000047,PULSE-EXP-0003-0021-07790,EXP-0003-0021,SNSPD-05,Y,+,32.237053,6.525120,SIGNAL,0x0000,CAL-20260811-001,CLOCK-20260811-001,PASS
EVT-000000002719,SIM-0003,2026083339918000059,PULSE-EXP-0003-0016-08918,EXP-0003-0016,SNSPD-05,Y,+,33.139298,7.832426,SIGNAL,0x0000,CAL-20260811-001,CLOCK-20260811-001,PASS
EVT-000000002720,SIM-0003,2026083340686000070,PULSE-EXP-0003-0016-09686,EXP-0003-0016,SNSPD-04,X,-,30.467197,9.180986,SIGNAL,0x0000,CAL-20260811-001,CLOCK-20260811-001,PASS
EVT-000000002721,SIM-0003,2026083345635000108,PULSE-EXP-0003-0027-03635,EXP-0003-0027,SNSPD-03,X,+,30.829711,7.832602,SIGNAL,0x0000,CAL-20260811-001,CLOCK-20260811-001,PASS
EVT-000000002722,SIM-0003,2026083346104000165,PULSE-EXP-0003-0027-04104,EXP-0003-0027,SNSPD-03,X,+,33.291140,6.564462,SIGNAL,0x0000,CAL-20260811-001,CLOCK-20260811-001,PASS
EVT-000000002723,SIM-0003,2026083346129000034,PULSE-EXP-0003-0027-04129,EXP-0003-0027,SNSPD-03,X,+,30.157584,8.625234,SIGNAL,0x0000,CAL-20260811-001,CLOCK-20260811-001,PASS
EVT-000000002724,SIM-0003,2026083346720000023,PULSE-EXP-0003-0027-04720,EXP-0003-0027,SNSPD-04,X,-,31.035778,8.880800,SIGNAL,0x0000,CAL-20260811-001,CLOCK-20260811-001,PASS
EVT-000000002725,SIM-0003,2026083347708000164,PULSE-EXP-0003-0027-05708,EXP-0003-0027,SNSPD-06,Y,-,32.519662,8.119612,SIGNAL,0x0000,CAL-20260811-001,CLOCK-20260811-001,PASS
EVT-000000002726,SIM-0003,2026083349177000096,PULSE-EXP-0003-0027-07177,EXP-0003-0027,SNSPD-06,Y,-,31.439765,6.987458,SIGNAL,0x0000,CAL-20260811-001,CLOCK-20260811-001,PASS
EVT-000000002727,SIM-0003,2026083350869000105,PULSE-EXP-0003-0027-08869,EXP-0003-0027,SNSPD-01,Z,+,31.952762,8.588283,SIGNAL,0x0000,CAL-20260811-001,CLOCK-20260811-001,PASS
EVT-000000002728,SIM-0003,2026083353986000083,PULSE-EXP-0003-0002-00986,EXP-0003-0002,SNSPD-02,Z,-,28.110061,8.917922,SIGNAL,0x0000,CAL-20260811-001,CLOCK-20260811-001,PASS
EVT-000000002729,SIM-0003,2026083355716000160,PULSE-EXP-0003-0002-02716,EXP-0003-0002,SNSPD-06,Y,-,32.399541,7.804980,SIGNAL,0x0000,CAL-20260811-001,CLOCK-20260811-001,PASS
EVT-000000002730,SIM-0003,2026083357163000063,PULSE-EXP-0003-0002-04163,EXP-0003-0002,SNSPD-01,Z,+,31.822055,7.682720,SIGNAL,0x0000,CAL-20260811-001,CLOCK-20260811-001,PASS
EVT-000000002731,SIM-0003,2026083360208000045,PULSE-EXP-0003-0002-07208,EXP-0003-0002,SNSPD-04,X,-,32.131487,7.805421,SIGNAL,0x0000,CAL-20260811-001,CLOCK-20260811-001,PASS
EVT-000000002732,SIM-0003,2026083364962000131,PULSE-EXP-0003-0012-00962,EXP-0003-0012,SNSPD-01,Z,+,31.192535,8.662598,SIGNAL,0x0000,CAL-20260811-001,CLOCK-20260811-001,PASS
EVT-000000002733,SIM-0003,2026083366525000063,PULSE-EXP-0003-0012-02525,EXP-0003-0012,SNSPD-01,Z,+,34.096171,8.588892,SIGNAL,0x0000,CAL-20260811-001,CLOCK-20260811-001,PASS
EVT-000000002734,SIM-0003,2026083366747000169,PULSE-EXP-0003-0012-02747,EXP-0003-0012,SNSPD-01,Z,+,32.556336,8.460090,SIGNAL,0x0000,CAL-20260811-001,CLOCK-20260811-001,PASS
EVT-000000002735,SIM-0003,2026083368316000010,PULSE-EXP-0003-0012-04316,EXP-0003-0012,SNSPD-05,Y,+,30.191458,7.700653,SIGNAL,0x0000,CAL-20260811-001,CLOCK-20260811-001,PASS
EVT-000000002736,SIM-0003,2026083372918000110,PULSE-EXP-0003-0012-08918,EXP-0003-0012,SNSPD-06,Y,-,32.482279,7.242809,SIGNAL,0x0000,CAL-20260811-001,CLOCK-20260811-001,PASS
EVT-000000002737,SIM-0003,2026083373085000178,PULSE-EXP-0003-0012-09085,EXP-0003-0012,SNSPD-04,X,-,31.569546,7.724318,SIGNAL,0x0000,CAL-20260811-001,CLOCK-20260811-001,PASS
EVT-000000002738,SIM-0003,2026083378720000118,PULSE-EXP-0003-0026-03720,EXP-0003-0026,SNSPD-06,Y,-,32.592135,8.010365,SIGNAL,0x0000,CAL-20260811-001,CLOCK-20260811-001,PASS
EVT-000000002739,SIM-0003,2026083383510000139,PULSE-EXP-0003-0026-08510,EXP-0003-0026,SNSPD-06,Y,-,30.490667,8.153249,SIGNAL,0x0000,CAL-20260811-001,CLOCK-20260811-001,PASS
EVT-000000002740,SIM-0003,2026083388627000144,PULSE-EXP-0003-0011-02627,EXP-0003-0011,SNSPD-03,X,+,29.163159,7.494595,SIGNAL,0x0000,CAL-20260811-001,CLOCK-20260811-001,PASS
EVT-000000002741,SIM-0003,2026083391583000086,PULSE-EXP-0003-0011-05583,EXP-0003-0011,SNSPD-05,Y,+,34.274286,7.724811,SIGNAL,0x0000,CAL-20260811-001,CLOCK-20260811-001,PASS
EVT-000000002742,SIM-0003,2026083392313000105,PULSE-EXP-0003-0011-06313,EXP-0003-0011,SNSPD-05,Y,+,32.576721,7.744987,SIGNAL,0x0000,CAL-20260811-001,CLOCK-20260811-001,PASS
EVT-000000002743,SIM-0003,2026083395235000003,PULSE-EXP-0003-0011-09235,EXP-0003-0011,SNSPD-05,Y,+,32.479664,8.001621,SIGNAL,0x0000,CAL-20260811-001,CLOCK-20260811-001,PASS
EVT-000000002744,SIM-0003,2026083395839000147,PULSE-EXP-0003-0011-09839,EXP-0003-0011,SNSPD-04,X,-,31.966127,8.336301,SIGNAL,0x0000,CAL-20260811-001,CLOCK-20260811-001,PASS
